Flow Duration,Total Fwd Packets,Total Backward Packets,Total Length of Fwd Packets,Total Length of Bwd Packets,Fwd Packet Length Max,Bwd Packet Length Max,Flow Bytes/s,Flow Packets/s,Flow IAT Mean,Destination Port,Label
0.17925352696193106,1.0,0.0,47.0,0.0,64.0,0.0,3749.3670219113346,20.7969484700546,3345.2742982911327,43561.0,PortScan
45.781311668793926,33.0,46.0,10862.0,17950.0,357.0,925.0,874.9396305087575,4.380148430474537,1066630.875989679,443.0,NORMAL
25.70880582537552,27.0,17.0,12987.0,17820.0,940.0,1055.0,343.3491670712706,8.812024919157661,1114812.4929647753,443.0,NORMAL
31.581449489460468,43.0,44.0,4022.0,5883.0,570.0,730.0,1318.5969565280743,7.399304590820023,1479058.989319141,443.0,NORMAL
1.4129648735002982,1.0,1.0,197.0,162.0,50.0,99.0,3808.684642651572,16.673039336967186,169135.64102611915,53.0,NORMAL
0.38902897876072184,3.0,3.0,62.0,258.0,67.0,73.0,1577.033999076504,12.562287341285238,130040.74066197194,53.0,NORMAL
0.1517442830668888,1.0,0.0,73.0,0.0,77.0,0.0,2234.675765138365,96.13679356863466,4226.551214492369,46145.0,PortScan
0.8893307730188503,4896.0,0.0,117469.0,0.0,51.0,0.0,590733.65902996,9128.145398379576,474.5627262018026,80.0,DoS
1.7470969733736215,3160.0,0.0,145826.0,0.0,43.0,0.0,606158.0265147869,3881.3018255108855,483.50861275456236,80.0,DoS
28.6970278553028,21.0,3.0,8933.0,45918.0,868.0,994.0,1543.7901620796154,1.553962969305286,328859.94103227876,80.0,NORMAL
8.072056672687285,14.0,24.0,8573.0,4841.0,1082.0,661.0,421.64379951829994,4.292772111857202,1934558.4629516834,443.0,NORMAL
1.2971204535818401,1346.0,0.0,86081.0,0.0,49.0,0.0,822541.748241391,1103.4407934400838,331.40923700445575,443.0,DoS
0.16686771424930033,1.0,3.0,77.0,288.0,96.0,169.0,1560.388013838022,10.775067728638234,466175.05082929006,53.0,NORMAL
39.10352079090257,36.0,30.0,2816.0,14576.0,166.0,817.0,1863.5342842258465,9.711108196318706,338370.37012786564,443.0,NORMAL
18.731291070772947,13.0,27.0,7254.0,33830.0,855.0,614.0,1436.308481544049,6.088159687113085,877148.2833617582,80.0,NORMAL
0.8206928183508233,1.0,3.0,82.0,197.0,59.0,75.0,2653.3708976304133,16.168440910184138,434002.15684499685,53.0,NORMAL
1.9835595285648304,3749.0,0.0,145507.0,0.0,52.0,0.0,910592.7855467282,9982.290476976315,161.7146029949333,443.0,DoS
36.81828514440649,26.0,11.0,10925.0,13985.0,994.0,690.0,630.6462420089148,7.83703708705065,343120.51180577546,443.0,NORMAL
20.720060803067586,47.0,10.0,4206.0,3303.0,762.0,1103.0,383.18019743289426,5.712873139316199,971744.5636587249,443.0,NORMAL
44.89283126178794,16.0,27.0,12750.0,11653.0,592.0,1092.0,734.6013657705283,9.498854828709494,963480.6629987921,443.0,NORMAL
0.6889483086547079,1.0,2.0,129.0,257.0,115.0,69.0,1016.8079658490444,2.940329877884572,422698.15814709367,53.0,NORMAL
0.0717466004118842,2.0,2.0,83.0,194.0,111.0,63.0,862.9583223555481,15.811172953272582,130516.9278736475,53.0,NORMAL
1.7899928333461332,3.0,2.0,128.0,260.0,98.0,129.0,3187.7033675321877,2.284438594302987,124900.86145828458,53.0,NORMAL
38.54821426456304,37.0,27.0,11251.0,6747.0,830.0,1363.0,1421.6118311767339,4.712258825417687,1477924.0092917574,443.0,NORMAL
1.3305199433632768,3755.0,0.0,179690.0,0.0,41.0,0.0,401125.07946356694,7746.452936020474,151.68437513818725,80.0,DoS
11.677640209859897,33.0,33.0,4044.0,3094.0,683.0,1209.0,1497.9068547975535,7.860259992456299,376433.5791683271,443.0,NORMAL
22.765904734616573,5.0,41.0,6559.0,9708.0,124.0,1073.0,1254.971323359754,5.4597961870416265,709337.7773907817,443.0,NORMAL
1.3502647230287537,3.0,2.0,180.0,139.0,58.0,71.0,893.668179906845,2.745157593241166,452422.5859598657,53.0,NORMAL
26.238614890415878,30.0,34.0,5925.0,2076.0,708.0,255.0,563.2653199407691,2.625081265264784,379182.192297424,443.0,NORMAL
1.5652310706130936,1.0,2.0,162.0,247.0,89.0,73.0,2888.681785436739,11.794026598728259,275903.49161042995,53.0,NORMAL
17.20916000565165,45.0,38.0,5791.0,1386.0,196.0,1090.0,595.2517170501633,6.871058590101233,437954.2037150333,443.0,NORMAL
13.564885529025734,26.0,13.0,5299.0,9785.0,1038.0,1261.0,230.683249625552,3.0700810192728962,1399559.4859587804,443.0,NORMAL
5.422955366395535,15.0,9.0,7961.0,45886.0,680.0,146.0,2837.8392799989147,4.842231497501184,914216.28761694,80.0,NORMAL
23.685056247141038,14.0,29.0,8074.0,10361.0,1122.0,541.0,1556.899668328655,6.005383352602603,641988.2359059246,80.0,NORMAL
0.7663849620341789,2.0,2.0,129.0,132.0,101.0,166.0,3227.35455566295,12.137252511498014,488364.3541483037,53.0,NORMAL
35.22508626243086,39.0,18.0,7144.0,10638.0,838.0,402.0,1966.7306804087175,8.665892093705583,206827.34006596706,443.0,NORMAL
1.5446515752752739,3.0,3.0,169.0,135.0,74.0,106.0,1584.3261656660782,13.222867251862962,303666.2951119032,53.0,NORMAL
49.73271454977683,49.0,17.0,12302.0,3105.0,235.0,960.0,1570.5255196640994,7.5381949846368475,590585.6229902817,443.0,NORMAL
0.06568403938834365,2804.0,0.0,56538.0,0.0,47.0,0.0,830428.6849486717,6111.140768106894,153.08700863510734,443.0,DoS
29.07156830483943,20.0,4.0,4870.0,28328.0,1303.0,398.0,1346.0289938475496,9.647814982577813,925386.8750406536,80.0,NORMAL
1.033410880838728,3.0,3.0,108.0,295.0,67.0,62.0,1151.4742612998757,10.921177650701674,84706.51436006822,53.0,NORMAL
21.686988941341664,25.0,30.0,6355.0,14338.0,1369.0,1326.0,1903.28446896401,6.237318701660444,794362.9024577201,443.0,NORMAL
55.7707951926758,9.0,11.0,7083.0,11956.0,1299.0,453.0,1427.3367447813746,7.329643245589503,1224805.666102756,443.0,NORMAL
6.00272894670239,34.0,12.0,1661.0,11929.0,291.0,480.0,1040.6756549869967,9.509652049589858,764505.2226035687,443.0,NORMAL
22.98834589431954,6.0,14.0,1217.0,36667.0,1135.0,744.0,2533.8918212990757,1.8939364877063007,826579.2220401436,80.0,NORMAL
0.5975076549695533,2.0,3.0,36.0,183.0,44.0,60.0,2036.7586721506627,4.140491058620283,363436.5814937211,53.0,NORMAL
57.07709106394245,42.0,16.0,4939.0,3661.0,559.0,567.0,719.3960452176451,4.179905652225627,759037.5542298398,443.0,NORMAL
12.753701218749134,37.0,24.0,4060.0,16169.0,754.0,168.0,357.1886773444898,5.88062710579697,741928.545360205,443.0,NORMAL
9.143387313404764,17.0,5.0,735.0,29945.0,403.0,419.0,4634.018235011168,9.7432492029107,897037.9085945113,80.0,NORMAL
23.817385431731708,34.0,25.0,3685.0,8207.0,565.0,1363.0,1287.895811311567,9.993345021653235,1967519.9424334106,443.0,NORMAL
0.4052634810258802,2185.0,0.0,168915.0,0.0,42.0,0.0,700987.9207182527,6284.6862714507815,189.29315104794912,22.0,DoS
6.762654726376648,27.0,11.0,12032.0,17020.0,519.0,689.0,885.2938666621095,3.6436629139445587,1029673.7502900505,443.0,NORMAL
1.2661081723290748,3.0,1.0,66.0,101.0,43.0,171.0,3658.009324034431,17.947472499905288,282731.72783251875,53.0,NORMAL
0.5698581242047657,3.0,1.0,132.0,53.0,84.0,98.0,4753.557356602907,13.60990421777403,56460.709829408435,53.0,NORMAL
1.3452064877998928,1.0,2.0,114.0,285.0,111.0,143.0,4451.803552527614,13.793520175798317,91668.13328065956,53.0,NORMAL
0.09629296733477169,3.0,2.0,145.0,199.0,100.0,151.0,2977.136134917567,8.839380940082147,483846.41920994804,53.0,NORMAL
1.5021740845349654,2.0,3.0,132.0,264.0,107.0,149.0,1934.1980055711956,18.767208582598396,133278.803094714,53.0,NORMAL
15.16859150791339,47.0,35.0,7766.0,18835.0,777.0,764.0,1357.0058406136272,3.7202229533198183,1675974.1785643215,443.0,NORMAL
12.909353675253953,36.0,40.0,14273.0,18279.0,774.0,1155.0,451.706587812906,1.597846566496692,797572.0026929402,443.0,NORMAL
55.53937552721529,29.0,42.0,2391.0,4976.0,943.0,604.0,532.8395522846497,8.351743941859574,103139.72746974521,443.0,NORMAL
37.46956618701586,31.0,31.0,3708.0,10481.0,260.0,1103.0,583.0275571567672,1.0982761813932767,1987611.8752338917,443.0,NORMAL
0.6625979314816163,2.0,1.0,124.0,185.0,50.0,75.0,2919.9776304546326,10.838585674410945,472100.87348435196,53.0,NORMAL
59.275620994425864,43.0,15.0,5975.0,9503.0,481.0,982.0,996.01542627239,4.461834632875123,1326081.2651334498,443.0,NORMAL
1.7213984453757836,1.0,2.0,195.0,250.0,57.0,112.0,2434.4781316948834,8.482602222354387,161052.91219058965,53.0,NORMAL
4.894580804274254,27.0,28.0,2665.0,5782.0,1266.0,905.0,1689.762994401783,1.8823416336305505,1564984.1660840649,443.0,NORMAL
1.498986637952057,3.0,3.0,158.0,241.0,87.0,167.0,1650.9544142382022,4.068293000505683,426137.24676154065,53.0,NORMAL
38.03477513121366,5.0,47.0,5576.0,11043.0,1026.0,873.0,587.3130000994013,1.1371234711430687,882893.5291898333,443.0,NORMAL
1.3078165629125962,1.0,3.0,89.0,106.0,76.0,72.0,3772.0716905275262,1.0775125301386888,423559.8517392282,53.0,NORMAL
0.7244058539735325,1.0,3.0,111.0,198.0,70.0,121.0,1180.5059317979672,14.813751598073766,473767.6615596123,53.0,NORMAL
0.036618716423465286,1.0,1.0,74.0,217.0,49.0,174.0,1535.2516386148468,5.371975142665632,494231.77435028896,53.0,NORMAL
0.7808140419194889,1.0,3.0,146.0,230.0,67.0,98.0,4616.085889765073,19.757253037986807,135872.50259552343,53.0,NORMAL
4.989141251940679,24.0,21.0,3775.0,4890.0,1199.0,1176.0,806.4218956628471,7.649953245625683,1950558.3806657656,443.0,NORMAL
0.09343575875937096,3.0,3.0,133.0,260.0,49.0,175.0,1370.8562874661964,6.1093156727631355,129139.65336100789,53.0,NORMAL
0.7749554485421946,7.0,6.0,174.0,263.0,95.0,92.0,193.97584633260345,3.1872843075337167,190577.2630915478,3389.0,BruteForce
0.30889689896711275,1.0,0.0,72.0,0.0,57.0,0.0,409.33305983959156,38.153094834981665,5315.223276769789,64646.0,PortScan
37.30258347911832,25.0,44.0,8143.0,10966.0,1051.0,814.0,1361.0551797883686,1.4896219032893638,403804.98455848236,443.0,NORMAL
33.66897763612266,16.0,17.0,7742.0,12748.0,197.0,981.0,1516.9861002024163,5.444592436710209,1426711.5407006461,443.0,NORMAL
1.5662923730489582,2.0,1.0,115.0,94.0,105.0,174.0,3838.8815782962383,18.732563058976705,81735.59922220289,53.0,NORMAL
40.91160829635537,47.0,12.0,14915.0,15677.0,946.0,171.0,1321.1937360135782,5.606137451924821,461017.66017937934,443.0,NORMAL
23.44363238925417,39.0,24.0,11135.0,1619.0,653.0,1178.0,1453.9800507618115,1.5507546434363124,145867.47653243394,443.0,NORMAL
58.205493038108955,33.0,16.0,2975.0,4239.0,942.0,480.0,490.5230943214243,8.885999970331325,462779.89026645455,443.0,NORMAL
1.1950836256580841,3.0,3.0,91.0,186.0,72.0,124.0,2973.2368601194066,2.3129166779224875,232202.48242123166,53.0,NORMAL
0.5571815116033338,2.0,2.0,137.0,109.0,83.0,149.0,1304.1318647834935,12.36242156785721,185745.6610312995,53.0,NORMAL
3.9971664328606926,4.0,6.0,290.0,168.0,75.0,113.0,384.04589859602606,2.832555208197337,274128.7351926075,21.0,BruteForce
52.13945091585401,30.0,17.0,2931.0,6702.0,1244.0,249.0,1960.8140573662638,6.755811248327763,887899.3830645432,443.0,NORMAL
1.8559990589258413,1.0,3.0,140.0,129.0,98.0,122.0,397.4940320618608,7.607745995892662,89431.99375866484,53.0,NORMAL
7.302574364175829,16.0,25.0,5133.0,16317.0,963.0,428.0,2193.905444521469,6.87320924196853,824356.714599714,80.0,NORMAL
7.906953969228746,13.0,29.0,8209.0,18214.0,189.0,1392.0,1626.7784426605892,3.603874989873684,1897003.416689237,443.0,NORMAL
1.267480902652856,7.0,3.0,388.0,266.0,51.0,104.0,386.77164920224817,7.834841873047216,411180.9548982587,22.0,BruteForce
1.4061881660055333,2.0,2.0,170.0,226.0,83.0,145.0,3599.733212032559,12.696671544279756,497880.96254355455,53.0,NORMAL
0.6008654900379893,2.0,1.0,196.0,169.0,75.0,153.0,3559.7244445625697,9.168975120178684,225550.75969584417,53.0,NORMAL
16.915227079502387,36.0,25.0,13384.0,13656.0,443.0,1159.0,601.0266853570272,2.2695382319724917,1788056.643371534,443.0,NORMAL
32.09544637078744,49.0,9.0,14544.0,7472.0,319.0,105.0,1368.3047546259222,3.84227019649134,745061.2238165033,443.0,NORMAL
7.7810468265144435,15.0,32.0,14571.0,18950.0,195.0,931.0,1545.9138513532366,1.7659368054136104,558817.7687941995,443.0,NORMAL
0.3999443363043417,1.0,0.0,79.0,0.0,42.0,0.0,2378.6608013550344,52.34988102310568,9693.028396516227,26979.0,PortScan
50.7753301790576,41.0,25.0,5457.0,9070.0,582.0,413.0,624.3677639752625,9.034059187068008,108511.00614744448,443.0,NORMAL
1.6111772850404282,2.0,3.0,168.0,57.0,50.0,118.0,4283.644827052738,15.48555207337682,154924.5334961107,53.0,NORMAL
0.7903455307806038,1.0,1.0,73.0,82.0,49.0,143.0,1812.5629528149252,7.426432381421704,33796.963464457134,53.0,NORMAL
1.3333210524424737,2.0,2.0,56.0,144.0,67.0,104.0,3818.671108569244,6.740747644127968,163354.83947606073,53.0,NORMAL
0.7803510001511929,3.0,1.0,196.0,194.0,96.0,168.0,2383.012009725295,9.460792618266147,479439.8078108772,53.0,NORMAL
0.32000826539933885,1.0,3.0,160.0,98.0,101.0,175.0,1105.0676916164705,16.041174773634935,497955.90341912484,53.0,NORMAL
1.420962119493001,3.0,3.0,51.0,76.0,85.0,92.0,1278.4261619011083,17.066391148745133,117321.07324650751,53.0,NORMAL
27.625438038188616,3.0,28.0,1310.0,46142.0,402.0,1185.0,4070.804999390475,9.22110400325035,149382.03486013785,80.0,NORMAL
39.481231313182874,7.0,37.0,8496.0,13247.0,805.0,1398.0,1868.6588765375884,3.4727235712245843,1087219.628835088,443.0,NORMAL
0.34396596730461926,3.0,1.0,128.0,139.0,70.0,114.0,4066.114308108675,2.4784699168987046,496070.11390022223,53.0,NORMAL
26.828634873640453,13.0,28.0,839.0,38576.0,1388.0,1375.0,2626.857209625111,4.183401253135228,183765.26173159582,80.0,NORMAL
6.138473240950518,19.0,25.0,6913.0,13498.0,932.0,434.0,1626.5047812865093,6.1742644958314585,405716.38029988966,443.0,NORMAL
0.08034813387098146,3.0,1.0,73.0,287.0,114.0,75.0,1812.8356158040758,19.445355038425618,256979.30999751395,53.0,NORMAL
1.486644998163575,2.0,1.0,183.0,264.0,107.0,130.0,1368.359113230739,14.245290401590282,455996.7165903106,53.0,NORMAL
28.62764007223656,12.0,12.0,4191.0,38389.0,897.0,115.0,1526.1792044511333,13.385491527364035,951622.1978602263,80.0,NORMAL
49.824735838445584,46.0,42.0,1713.0,8960.0,897.0,975.0,1707.3277101223161,0.6855281628207308,249543.30260018114,443.0,NORMAL
14.43086001161205,17.0,27.0,3435.0,38493.0,1157.0,919.0,4296.484898890331,7.779222371570708,687879.936710992,80.0,NORMAL
5.924381014373614,10.0,24.0,4495.0,2421.0,471.0,976.0,218.62513965322046,8.39959472183886,867820.7449377038,443.0,NORMAL
1.7577667415103193,2100.0,0.0,74714.0,0.0,50.0,0.0,317502.887055216,2983.4779511431034,114.62868638857644,80.0,DoS
20.90338725937647,12.0,5.0,12367.0,12341.0,954.0,795.0,330.689954092713,3.0820406499249113,1640883.4188049547,443.0,NORMAL
10.514336155481287,16.0,3.0,930.0,1374.0,1268.0,818.0,776.764334812127,4.2328379101563405,817026.9764685663,80.0,NORMAL
1.3208240300257867,2.0,2.0,164.0,74.0,68.0,109.0,3653.141151437211,13.825647420643094,77497.14554394597,53.0,NORMAL
57.13279719019276,8.0,48.0,12358.0,17449.0,1274.0,354.0,1113.6645587813248,0.8822840053008829,1779382.3801543927,443.0,NORMAL
47.89386690895726,42.0,49.0,1565.0,8549.0,1299.0,905.0,1826.047790811763,8.973714171368252,1533622.154687097,443.0,NORMAL
46.37025749565012,6.0,34.0,3627.0,8274.0,1326.0,651.0,1367.1010146536503,6.393257182513551,342380.2397093195,443.0,NORMAL
11.449530085015887,7.0,27.0,5311.0,10839.0,719.0,1196.0,300.7214128534596,7.863856258430719,629758.2588687236,443.0,NORMAL
0.030051870405242744,982.0,0.0,144774.0,0.0,56.0,0.0,606381.1948114499,7030.812073996767,416.6243948021289,80.0,DoS
24.39632687856798,7.0,27.0,4183.0,32351.0,1101.0,1081.0,1428.8597370044924,3.371634651140095,400641.3876938559,80.0,NORMAL
9.360319180733356,28.0,16.0,2149.0,37781.0,1016.0,403.0,4306.631232014039,1.9769936817573934,453994.2194446522,80.0,NORMAL
0.44787944847069605,2.0,3.0,71.0,146.0,83.0,146.0,1826.9655432226884,17.75123134843776,161350.81198191442,53.0,NORMAL
18.48663977856738,20.0,20.0,8114.0,37708.0,691.0,1109.0,4517.722532185323,9.585120296275704,169262.98412010784,80.0,NORMAL
1.5258795088884816,1.0,2.0,156.0,234.0,114.0,162.0,325.5115884479728,16.84538078147547,444491.40625117917,53.0,NORMAL
43.86124119166728,10.0,11.0,10919.0,16387.0,921.0,556.0,1719.982631204622,6.944098943997,1736126.4198892652,443.0,NORMAL
39.86375875455169,20.0,28.0,14833.0,11967.0,850.0,1266.0,1981.7299376266162,3.4450001065096783,1947145.9481368444,443.0,NORMAL
0.6301027364452844,3.0,3.0,75.0,53.0,107.0,108.0,2332.1194838279,15.756453402508795,164140.11374157685,53.0,NORMAL
2.7928365221133746,49.0,21.0,14556.0,12078.0,680.0,1236.0,627.4770492768379,8.77723253947933,1113119.9043854498,443.0,NORMAL
13.015884148984558,26.0,14.0,4871.0,42184.0,172.0,516.0,3835.754677716728,10.991105002514008,533381.3303993433,80.0,NORMAL
18.14645498443754,26.0,20.0,787.0,38344.0,174.0,929.0,2697.5499939391866,7.552459652866355,641244.62013673,80.0,NORMAL
12.057304701757351,8.0,8.0,11972.0,18087.0,1021.0,117.0,923.3498576998138,9.666213694350347,432816.3954095019,443.0,NORMAL
1.7426932206878571,3.0,3.0,157.0,132.0,48.0,120.0,2580.003969272886,16.511892297544186,64508.48726817422,53.0,NORMAL
58.75988579531373,10.0,19.0,13846.0,18849.0,938.0,642.0,1171.0342168945642,2.9086172939321657,319287.0542735042,443.0,NORMAL
29.7723570486546,39.0,13.0,13881.0,15250.0,378.0,678.0,425.1115333411164,8.238763501561749,1078855.2218579706,443.0,NORMAL
50.72000222747274,21.0,15.0,11857.0,11096.0,1044.0,901.0,1413.3567811595594,9.12371991678449,675156.7141390053,443.0,NORMAL
1.8500943218507895,4034.0,0.0,112166.0,0.0,46.0,0.0,103238.2915080883,5660.690573803571,288.12583697338096,443.0,DoS
54.68664548740913,28.0,19.0,10055.0,16403.0,128.0,241.0,838.7893823900599,7.142770447137783,1252210.3325293874,443.0,NORMAL
14.192154472647706,34.0,49.0,10287.0,14871.0,706.0,503.0,1603.9279120330805,6.1726815831867174,1401900.4180430914,443.0,NORMAL
7.836274511982653,43.0,16.0,4775.0,11390.0,661.0,890.0,1171.4564700498302,5.579334171482383,1906186.4916136016,443.0,NORMAL
1.551715783969754,3915.0,0.0,54870.0,0.0,53.0,0.0,590869.998180489,6700.927996185564,66.1494571959731,22.0,DoS
1.7565588482376964,2.0,2.0,65.0,250.0,49.0,146.0,4717.52812166712,18.559145740499787,139971.42810947698,53.0,NORMAL
0.40953757022530596,3.0,1.0,103.0,112.0,43.0,89.0,4525.443419933695,19.311695649945822,100365.47012906353,53.0,NORMAL
28.095152778220527,32.0,26.0,6813.0,2596.0,883.0,1212.0,1671.2560667197997,8.555644617247399,378419.44649923936,443.0,NORMAL
0.9337497746234451,2.0,1.0,70.0,121.0,88.0,126.0,702.6201660717502,2.1742207628120265,478723.6168484237,53.0,NORMAL
1.3323078369012624,2286.0,0.0,184626.0,0.0,43.0,0.0,999857.1704481295,9395.986540451811,328.22769440137307,443.0,DoS
0.3164657183292766,1.0,2.0,113.0,293.0,48.0,103.0,4682.786332899099,8.704648043127271,90429.28286958236,53.0,NORMAL
7.6771162660802785,9.0,18.0,5061.0,32539.0,337.0,628.0,641.8567070053693,3.988870452553754,677364.9837790228,80.0,NORMAL
1.5915726056335395,936.0,0.0,182274.0,0.0,58.0,0.0,667258.1248012544,2917.5224852823812,136.19817056072185,80.0,DoS
0.10510505290154167,1.0,3.0,77.0,58.0,43.0,112.0,2504.4264198833584,18.624786297691333,183422.80402288702,53.0,NORMAL
33.75001200883489,7.0,8.0,7277.0,19337.0,304.0,1035.0,533.5179353231105,6.651430379340935,152237.3300923831,443.0,NORMAL
17.522202443478875,23.0,45.0,12270.0,2304.0,1351.0,669.0,1929.999630486594,5.14343296800482,1653127.0115443803,443.0,NORMAL
22.29745991946158,46.0,30.0,4688.0,16195.0,1315.0,425.0,612.4623077568239,6.286128607917734,894585.2902511758,443.0,NORMAL
44.51299320808141,30.0,47.0,7850.0,19472.0,655.0,795.0,1761.1168505238816,9.735741114766633,1184597.5871120363,443.0,NORMAL
2.5327302228129,4.0,7.0,372.0,148.0,106.0,65.0,61.693041979190085,4.724375034267021,242987.38827577973,21.0,BruteForce
52.26539408424438,47.0,48.0,3881.0,9938.0,264.0,570.0,1299.9201285110548,7.917738995310308,959611.0842867406,443.0,NORMAL
42.01352868880803,27.0,37.0,10609.0,1525.0,958.0,1075.0,1887.8175803919762,7.118331442804788,139861.99018447328,443.0,NORMAL
1.8629644392933198,2.0,2.0,49.0,239.0,61.0,71.0,4366.996004694211,1.201765417062239,44998.32493710352,53.0,NORMAL
28.65097787765345,46.0,43.0,6778.0,18086.0,286.0,184.0,1941.548394807507,5.223916001510479,886717.6864053487,443.0,NORMAL
37.45298717187162,44.0,18.0,9419.0,9950.0,1031.0,255.0,312.5338980580127,5.269613529014893,1363114.282957871,443.0,NORMAL
13.437417652677048,16.0,17.0,1295.0,19596.0,1276.0,969.0,568.6528524958056,8.375486846727675,763910.9364248288,80.0,NORMAL
2.1050604205683183,15.0,17.0,4762.0,14427.0,331.0,1234.0,4348.535549354023,9.356304507501338,718854.8633330486,80.0,NORMAL
49.48974349813102,23.0,21.0,14960.0,16347.0,151.0,1141.0,1332.5936166462564,0.732097438423037,1843679.0372733478,443.0,NORMAL
29.793026492789096,6.0,9.0,7157.0,30714.0,1056.0,899.0,3528.748385082223,9.10160265645477,392314.49546299496,80.0,NORMAL
26.753987690288703,22.0,4.0,7296.0,45929.0,693.0,241.0,2328.2929264044265,8.52524348592577,240063.87773846593,80.0,NORMAL
50.07012557687064,6.0,41.0,7708.0,9369.0,698.0,813.0,1057.7349073276791,1.6423918481224795,278965.6684579606,443.0,NORMAL
3.072706827109164,17.0,20.0,9384.0,19751.0,311.0,327.0,2885.394593492377,12.296566242730947,65394.94107001071,80.0,NORMAL
39.1410657566379,8.0,31.0,11945.0,18310.0,187.0,1056.0,108.30999029186108,2.718923531444003,1232344.4428369335,443.0,NORMAL
57.83012982699607,34.0,39.0,10001.0,10692.0,278.0,403.0,1776.950685084799,2.8526759355087448,1837910.6601745072,443.0,NORMAL
49.01390616270997,19.0,42.0,3901.0,14461.0,1354.0,1057.0,170.73928332935438,2.015983711473779,1361873.1387585977,443.0,NORMAL
2.439646111835743,32.0,11.0,6008.0,9632.0,1010.0,130.0,519.8964992949068,3.3036974180577325,1851025.3890253042,443.0,NORMAL
0.39469485451797703,2.0,3.0,189.0,175.0,78.0,155.0,2753.09021995749,14.488604767212651,137950.49954908638,53.0,NORMAL
27.50199783634483,7.0,17.0,8952.0,17626.0,232.0,1053.0,2371.4206648862437,6.847276158344751,883794.2580227085,80.0,NORMAL
1.2246704891690678,2.0,2.0,94.0,130.0,75.0,124.0,620.3533367640655,2.4935771469999155,377050.9842546235,53.0,NORMAL
1.1026049180602773,2.0,2.0,61.0,91.0,71.0,175.0,803.5432359319747,1.1637558243791069,51184.61380926311,53.0,NORMAL
0.500865371963757,3028.0,0.0,158781.0,0.0,58.0,0.0,794787.2315386196,5918.248834427681,77.95140569599995,443.0,DoS
0.933637012724725,1.0,3.0,116.0,126.0,47.0,174.0,3269.1539362528374,7.183381504743565,46474.07911501813,53.0,NORMAL
23.67748899828864,27.0,24.0,7984.0,27782.0,455.0,271.0,3330.197535776281,8.20160897983163,864185.1806301923,80.0,NORMAL
1.4963276871312488,2.0,3.0,49.0,158.0,73.0,151.0,2849.756171775317,8.857451245362215,57119.23477915174,53.0,NORMAL
1.1161703976498547,4940.0,0.0,48563.0,0.0,41.0,0.0,622015.526656104,7379.925766508362,246.2993223149474,80.0,DoS
53.577443708186195,15.0,15.0,1992.0,15278.0,1061.0,407.0,1474.250901851351,6.279501611614241,679868.28543591,443.0,NORMAL
1.734228165114862,2685.0,0.0,81357.0,0.0,47.0,0.0,521510.9035642993,1508.4088737561492,446.98231600764547,22.0,DoS
30.90830583974824,46.0,6.0,8207.0,14180.0,886.0,733.0,1984.7171045259888,7.550700863803986,1896532.768134342,443.0,NORMAL
14.456706544987016,43.0,19.0,9245.0,6069.0,655.0,484.0,1560.9350991733972,4.308200205120615,814374.67123377,443.0,NORMAL
1.951664026904977,3.0,3.0,100.0,139.0,70.0,74.0,2459.1822058350053,10.796137170940481,219081.09816963974,53.0,NORMAL
4.454504825394773,17.0,28.0,3285.0,15039.0,239.0,151.0,1375.9137052037947,0.7477912235048573,1524843.101936267,443.0,NORMAL
1.4400105833210703,624.0,0.0,191222.0,0.0,47.0,0.0,407467.79346017825,4446.6065993616185,480.44299980753476,443.0,DoS
13.704823239877024,22.0,21.0,9884.0,36952.0,348.0,775.0,1694.7669872855984,6.443695970386538,588948.2739501355,80.0,NORMAL
21.11917295655337,23.0,18.0,3076.0,44387.0,795.0,1105.0,763.9998124749663,12.810477974948933,414004.99837010936,80.0,NORMAL
0.1754852544995701,1.0,0.0,47.0,0.0,41.0,0.0,3311.9493493622176,86.4273345308256,1262.2773754735204,14700.0,PortScan
0.21917186927160953,620.0,0.0,37515.0,0.0,46.0,0.0,713179.8469087052,2566.987322188543,25.431981637013408,22.0,DoS
0.3882735840674211,4574.0,0.0,141311.0,0.0,44.0,0.0,966584.7182753892,9417.895532771916,284.50774466000274,443.0,DoS
8.544141272122637,37.0,41.0,3913.0,8169.0,242.0,771.0,1015.5926835092206,6.539523896536778,1051414.7555848046,443.0,NORMAL
2.450628071069289,14.0,24.0,13420.0,1275.0,1238.0,284.0,362.9046374459126,1.173676452466915,546260.0320662507,443.0,NORMAL
5.619406364162115,25.0,14.0,5569.0,34967.0,1265.0,601.0,4018.647554952398,13.412369143287044,957101.5389123257,80.0,NORMAL
0.509721703572141,4649.0,0.0,85106.0,0.0,41.0,0.0,890817.5389432694,1283.649644165487,105.51010930593684,443.0,DoS
56.74117806306325,12.0,17.0,7618.0,10935.0,233.0,1072.0,1373.608125078485,7.197354065537017,927662.5298622254,443.0,NORMAL
12.602331778999616,7.0,28.0,8335.0,27776.0,1271.0,1367.0,3080.397467770426,9.5240132498407,859180.4558034391,80.0,NORMAL
1.2379378472973672,3.0,3.0,139.0,282.0,50.0,96.0,4646.938311650703,17.881589155436686,63447.58035404065,53.0,NORMAL
18.682754661821317,8.0,26.0,8473.0,12513.0,357.0,305.0,3960.6673605146834,10.42610004616484,577499.1234719369,80.0,NORMAL
47.04156467740602,10.0,46.0,9711.0,4546.0,264.0,1397.0,1905.7301593203233,5.466656521886978,1312871.8098899922,443.0,NORMAL
9.367150521366451,14.0,28.0,6467.0,23876.0,1219.0,105.0,260.71523600872143,12.932376377163795,591457.9734023907,80.0,NORMAL
1.7203916468790668,2.0,1.0,98.0,238.0,115.0,125.0,1089.3396630333418,11.628718532324884,440151.4875709817,53.0,NORMAL
0.02108431115106567,1.0,3.0,173.0,241.0,108.0,123.0,3457.419924520169,3.7947008482662,457838.32945043355,53.0,NORMAL
0.4847553426519293,1.0,1.0,69.0,294.0,112.0,65.0,1205.7070599904612,14.553891730924365,222816.688378803,53.0,NORMAL
7.287916187901812,9.0,24.0,6100.0,14234.0,614.0,1220.0,4477.38030017398,12.745227533918449,751080.5514060907,80.0,NORMAL
1.9288096521947338,2.0,1.0,33.0,252.0,80.0,135.0,3316.737608030145,15.81898127702497,222854.65209879668,53.0,NORMAL
1.3916456135044628,3.0,2.0,128.0,227.0,45.0,169.0,2214.8859895679775,8.242556518272966,356992.5176041998,53.0,NORMAL
39.36921549446927,27.0,44.0,4185.0,4832.0,1024.0,852.0,135.57695620934226,1.2382637690444602,1036906.8116716648,443.0,NORMAL
0.765528308192156,1494.0,0.0,71306.0,0.0,56.0,0.0,886974.694628752,9572.600846252553,69.25098336198009,22.0,DoS
8.922216203234257,34.0,18.0,13974.0,1149.0,234.0,103.0,1346.427701223862,3.474145898469385,1725322.4212758476,443.0,NORMAL
10.040095134914681,16.0,14.0,4656.0,17404.0,540.0,838.0,3093.3224954865323,13.32722639051157,487259.8782010206,80.0,NORMAL
34.740464002404,49.0,22.0,4033.0,17018.0,766.0,1362.0,1516.579108297167,4.407737508942706,1624351.5851645856,443.0,NORMAL
54.101364280482656,20.0,8.0,7976.0,18269.0,885.0,1390.0,381.97923442701057,2.832415209640367,497959.5125481462,443.0,NORMAL
39.93905871601656,14.0,42.0,14299.0,19660.0,1380.0,248.0,437.6384762739467,9.003884499833394,967261.4660718839,443.0,NORMAL
2.198476925944979,25.0,22.0,7173.0,38679.0,1346.0,866.0,4365.073015032692,4.291273915950496,324119.5667767753,80.0,NORMAL
9.246985713615183,26.0,17.0,8618.0,2929.0,651.0,899.0,2659.6933620000555,8.764411128909323,974266.7674263465,80.0,NORMAL
0.2303465540111936,1.0,0.0,65.0,0.0,71.0,0.0,3424.5620975577235,83.76630716038092,7692.945839416957,14217.0,PortScan
22.1031112925346,27.0,28.0,5211.0,33261.0,911.0,170.0,311.18156863341716,4.292374063601524,596077.823566364,80.0,NORMAL
1.7368665334381983,4436.0,0.0,94084.0,0.0,52.0,0.0,770271.6370457759,1410.2979807472132,44.23865698973474,22.0,DoS
1.4011411664148004,3.0,2.0,49.0,245.0,69.0,65.0,4731.766264462739,10.324686740124198,109873.01542701629,53.0,NORMAL
1.272645828021457,2.0,3.0,169.0,248.0,40.0,152.0,1525.9071082255307,2.255982875876513,355236.5540824288,53.0,NORMAL
27.623121306678296,6.0,16.0,5406.0,6366.0,1318.0,741.0,1904.925711666094,7.461568837065953,1632160.6842495266,443.0,NORMAL
29.271730780154126,6.0,9.0,9324.0,13121.0,874.0,491.0,201.93911161841243,3.6776866731097346,688283.496559697,443.0,NORMAL
30.05854393531297,33.0,49.0,11474.0,14771.0,1146.0,754.0,1993.3919366568775,1.2861012869537782,258363.7211496189,443.0,NORMAL
28.154732541834566,20.0,5.0,9421.0,46925.0,530.0,701.0,610.978101515752,9.057638807398597,597397.0081954325,80.0,NORMAL
23.40736103057456,38.0,8.0,14491.0,13638.0,1385.0,945.0,996.1218844932748,7.163013686459839,188223.9452429911,443.0,NORMAL
1.565837148171335,3.0,2.0,177.0,166.0,42.0,75.0,2768.1984270658068,6.398709736860994,228494.79027647525,53.0,NORMAL
1.0030925008650466,2.0,1.0,153.0,111.0,69.0,123.0,2145.840973325504,4.653708049656535,165082.86460506835,53.0,NORMAL
1.1495194181479311,3.0,3.0,121.0,215.0,41.0,77.0,4286.870747552195,4.948441683838148,21787.85489954924,53.0,NORMAL
58.86362127142233,21.0,25.0,5969.0,9359.0,283.0,432.0,1772.1457468793044,9.996734935085218,1567849.055105785,443.0,NORMAL
22.17099856328665,42.0,14.0,2831.0,18776.0,925.0,1043.0,1715.2258493066126,6.1486853125152905,370078.1038673819,443.0,NORMAL
42.81593716683561,26.0,17.0,11748.0,11662.0,956.0,162.0,1503.244761303208,9.173814431511012,469061.9307241398,443.0,NORMAL
38.9113467725763,7.0,32.0,9495.0,17857.0,720.0,1007.0,956.3077483498583,3.448452070898754,408007.77531738277,443.0,NORMAL
0.6896378081375217,3447.0,0.0,169746.0,0.0,51.0,0.0,979454.9477772097,7923.044289519593,408.67415094550626,443.0,DoS
44.872041054417025,11.0,35.0,2502.0,14293.0,389.0,878.0,494.6871561833785,9.195604000854885,627168.2902870935,443.0,NORMAL
0.9594549330380833,3.0,3.0,99.0,193.0,114.0,106.0,1198.806414042178,11.119696711478275,225412.36426067696,53.0,NORMAL
0.33908542649746226,3.0,2.0,150.0,141.0,90.0,83.0,1626.9682931709021,10.339710526514711,76202.18847848469,53.0,NORMAL
0.5442741809108925,4273.0,0.0,124415.0,0.0,48.0,0.0,887091.5033004847,5656.683718140462,10.374735498024075,80.0,DoS
0.38023956528931196,3.0,3.0,83.0,101.0,88.0,143.0,3791.224252415887,4.1677482681218745,200559.62936718404,53.0,NORMAL
36.07410377598421,39.0,6.0,1234.0,4970.0,674.0,765.0,1636.6102351401273,7.337395438206731,1151202.363862188,443.0,NORMAL
13.682534440037907,26.0,8.0,790.0,14628.0,1197.0,828.0,2302.718670022856,7.843045872458257,106725.47837679605,80.0,NORMAL
17.247489281069694,46.0,6.0,14591.0,19782.0,722.0,546.0,1667.1889265921404,7.896504814284552,952651.3880109859,443.0,NORMAL
0.168022406152552,3.0,1.0,130.0,250.0,81.0,103.0,4357.202609976816,8.805971674122706,77428.4943103611,53.0,NORMAL
43.832814689132434,26.0,47.0,14931.0,2877.0,608.0,849.0,184.18864135281984,2.525731221732543,997411.1358137869,443.0,NORMAL
1.4007298687544893,1.0,1.0,31.0,201.0,46.0,116.0,2892.221329998934,1.0302257037997,144654.87503676797,53.0,NORMAL
9.66206020767412,23.0,18.0,6128.0,29503.0,729.0,446.0,1504.1158540679219,11.51006222537982,425030.0048357571,80.0,NORMAL
0.28354428377989904,2.0,2.0,189.0,202.0,49.0,174.0,4249.954822940513,7.760724153823535,488464.6566599069,53.0,NORMAL
1.8801680633929938,2.0,2.0,102.0,274.0,41.0,163.0,2252.481621732324,9.584646790333245,222062.33895606702,53.0,NORMAL
45.04299290196342,8.0,37.0,3666.0,4723.0,1278.0,976.0,395.5261738509259,8.858054471187867,1511844.6560870844,443.0,NORMAL
1.8919308309162255,3.0,3.0,182.0,134.0,47.0,83.0,279.70618035694804,16.882688863593618,77880.68257770708,53.0,NORMAL
0.40402146109830567,3.0,3.0,70.0,143.0,87.0,128.0,3954.5349718625744,13.224686057442185,265581.6369971618,53.0,NORMAL
1.351577250177271,1.0,2.0,93.0,248.0,41.0,80.0,4637.142310724581,9.989332875142871,376014.89262523607,53.0,NORMAL
1.4570884944124984,1.0,1.0,124.0,175.0,102.0,145.0,2474.92252556916,7.964616920180271,129787.16313323709,53.0,NORMAL
7.610295227915088,28.0,31.0,7092.0,12629.0,363.0,788.0,1614.2520799020447,0.8121958950538284,1100653.66961169,443.0,NORMAL
0.1673969119040626,1.0,0.0,41.0,0.0,47.0,0.0,2165.867693982522,48.348094553176715,1911.8307703843122,48499.0,PortScan
6.3438924518453845,13.0,27.0,5331.0,1860.0,326.0,323.0,3344.631531814235,9.380190685776254,283193.8877772277,80.0,NORMAL
1.9465750533590531,3.0,1.0,179.0,143.0,49.0,81.0,1561.9179500752034,16.79846867086641,308200.50092793774,53.0,NORMAL
1.3177812454942222,3.0,1.0,181.0,213.0,93.0,111.0,4285.03780621875,17.28518785047702,172033.58492267365,53.0,NORMAL
19.65321019362828,20.0,18.0,2941.0,11683.0,603.0,866.0,727.5453237350094,2.0402534801141163,368494.2145389044,443.0,NORMAL
1.8038222903948984,1.0,1.0,86.0,294.0,119.0,152.0,3762.685810826269,19.848156427038056,250732.79704715978,53.0,NORMAL
42.10749275648489,19.0,42.0,12590.0,11807.0,687.0,214.0,598.6513272312964,0.7307806822979128,565726.2086274526,443.0,NORMAL
1.0008113277038808,1390.0,0.0,162020.0,0.0,53.0,0.0,729770.4233602062,1027.4613918496887,211.05471964193433,22.0,DoS
0.4867444682571141,1.0,0.0,68.0,0.0,59.0,0.0,4423.371360003471,53.88545499596574,3253.2203449928948,11037.0,PortScan
52.43876813696869,21.0,32.0,3198.0,12383.0,1092.0,893.0,203.33523540298745,6.157290045217977,918779.7903908305,443.0,NORMAL
1.6691603725321595,2.0,1.0,187.0,56.0,80.0,166.0,4650.37204551154,10.363299859973718,30089.680598219093,53.0,NORMAL
20.23862374931494,26.0,8.0,9023.0,5820.0,908.0,1376.0,691.144266315311,2.9201703732228657,745861.6420083508,80.0,NORMAL
0.42765146698507056,2.0,1.0,114.0,179.0,102.0,83.0,3453.0698668718223,11.210853305625415,103536.81805359226,53.0,NORMAL
24.154261337935488,27.0,28.0,10628.0,7196.0,1172.0,361.0,1153.2916775739786,1.9534599734426576,843286.5392574079,443.0,NORMAL
19.252990353904142,17.0,9.0,11164.0,9678.0,222.0,1003.0,1237.6700378538715,9.70300614450009,284431.7234943796,443.0,NORMAL
35.86268364810627,38.0,42.0,10404.0,2091.0,361.0,187.0,554.1487099269714,3.897195494021369,785614.859930782,443.0,NORMAL
22.75372308102292,22.0,44.0,5717.0,3928.0,1279.0,652.0,1734.6656361362573,9.193449122274696,1482670.0830207493,443.0,NORMAL
40.44994997554143,35.0,32.0,4542.0,3940.0,932.0,959.0,1444.3513762467076,6.191179348184785,482922.08027656685,443.0,NORMAL
45.10895343039881,36.0,21.0,7435.0,16534.0,791.0,1357.0,810.543492626932,4.4395332416696,1226520.1486700005,443.0,NORMAL
34.02558533466457,8.0,6.0,9498.0,2585.0,751.0,122.0,306.4326803525679,3.9823363387791573,255418.31627215454,443.0,NORMAL
32.85913740323547,8.0,24.0,2793.0,3800.0,784.0,1216.0,366.0488099927826,2.200029182823185,184339.10229314404,443.0,NORMAL
46.80836468377781,44.0,26.0,14424.0,9559.0,1185.0,496.0,1599.8276253083957,7.7929166138541515,663027.4770745274,443.0,NORMAL
40.15659875639624,5.0,9.0,13834.0,16304.0,983.0,235.0,213.37614579674366,7.314081047279692,909409.6508910541,443.0,NORMAL
4.024830896486238,6.0,24.0,4157.0,20809.0,740.0,962.0,2554.740817863638,5.450216246890245,325889.08899781655,80.0,NORMAL
25.685737950932577,15.0,29.0,1086.0,19352.0,720.0,515.0,2425.3746448065344,12.410159617874184,781218.4498315066,80.0,NORMAL
0.46748804623047713,2.0,1.0,164.0,163.0,98.0,162.0,4888.5853697559605,4.022995743900332,295537.28803265205,53.0,NORMAL
0.4806750831237205,2.0,2.0,109.0,160.0,81.0,98.0,4312.715349826606,13.505875811788147,52374.5161344748,53.0,NORMAL
35.984100234660716,10.0,26.0,1144.0,5849.0,353.0,406.0,649.1944925969805,1.4188384187357308,1419407.4040949321,443.0,NORMAL
14.197115995835828,14.0,23.0,1933.0,45558.0,1052.0,528.0,246.9580918104093,13.839645417426041,341320.7223827931,80.0,NORMAL
22.77078810362314,22.0,12.0,1601.0,31004.0,1104.0,933.0,4536.403305295308,9.229966752926703,317699.030160226,80.0,NORMAL
0.5131760172654016,2.0,3.0,79.0,224.0,88.0,140.0,2256.055268209861,4.3907455072181225,289526.1146534532,53.0,NORMAL
9.113735704613601,22.0,25.0,8372.0,9556.0,636.0,489.0,1757.8763848801304,6.970963687139239,1011404.8337789235,443.0,NORMAL
39.22122931344117,11.0,46.0,3205.0,13901.0,829.0,1224.0,1419.1033671189657,7.1422420624078065,1417813.5563019172,443.0,NORMAL
0.2703481596850087,1.0,0.0,45.0,0.0,42.0,0.0,1350.9069837587642,15.847837599266626,9972.886105355707,63818.0,PortScan
49.5263532544273,46.0,33.0,2109.0,4238.0,277.0,1380.0,726.6728759072707,1.6799312926558514,584664.2191266573,443.0,NORMAL
40.385444058196754,19.0,23.0,1822.0,2938.0,278.0,793.0,823.4890957250084,1.901097760004041,1869887.2924341438,443.0,NORMAL
1.89124215467875,4.0,7.0,132.0,110.0,130.0,52.0,169.7436175744622,7.0386393070225965,369435.8137862858,21.0,BruteForce
24.010568109129196,16.0,7.0,8861.0,33411.0,1373.0,1367.0,3534.7577016590635,3.354153959964414,167806.28113537602,80.0,NORMAL
42.06521646517374,17.0,6.0,8863.0,14665.0,501.0,362.0,379.05656408309403,6.869879186878292,1706649.1106869534,443.0,NORMAL
0.8494393171238397,3.0,1.0,103.0,237.0,60.0,102.0,195.10161486040764,15.4163626402678,197192.07249231508,53.0,NORMAL
0.15425078561733413,1.0,0.0,57.0,0.0,77.0,0.0,4265.749279620864,38.96529816673761,8133.15787319342,47051.0,PortScan
1.6438311358304984,2.0,1.0,46.0,210.0,112.0,160.0,2129.6987034552158,1.896541886182935,412364.6450114736,53.0,NORMAL
0.14897553668804353,2.0,2.0,144.0,105.0,56.0,117.0,2612.390675354892,18.531176755415725,383497.24669089535,53.0,NORMAL
59.902503172184026,8.0,10.0,11460.0,14723.0,1104.0,468.0,350.0287463978693,2.941344793631084,891177.6310078314,443.0,NORMAL
3.405733351731071,47.0,14.0,9650.0,7931.0,740.0,611.0,911.6442085759064,4.161329625921185,1776600.2961252055,443.0,NORMAL
32.339002152060885,14.0,36.0,14406.0,4904.0,454.0,1211.0,802.5297651487531,4.972594441890176,1214863.7457384015,443.0,NORMAL
0.48497201807079915,4101.0,0.0,194889.0,0.0,51.0,0.0,867674.5125223668,3246.885843304519,167.60339187766692,22.0,DoS
20.018876853508655,19.0,6.0,10079.0,18522.0,441.0,1328.0,1093.9965199738122,7.64444581415568,484490.7646113998,443.0,NORMAL
52.8004849062591,18.0,34.0,7908.0,12529.0,143.0,1181.0,749.9459123450345,9.497339085150603,1265955.5340777216,443.0,NORMAL
0.7689143106113171,3.0,1.0,121.0,116.0,65.0,143.0,2488.9536106527407,8.115777735512419,370911.7745810737,53.0,NORMAL
1.189046306096047,3.0,1.0,48.0,65.0,66.0,82.0,3205.4811283683716,9.319125479411236,257000.89349854816,53.0,NORMAL
16.751153556070623,24.0,9.0,3603.0,15432.0,757.0,1224.0,2094.420092184585,8.490701249107488,878030.9838764772,80.0,NORMAL
0.43488762256083996,2.0,2.0,198.0,146.0,93.0,111.0,2520.138277453345,19.000682002779165,340215.4646130212,53.0,NORMAL
37.29794685562964,20.0,35.0,3963.0,18976.0,972.0,1093.0,1211.8479688469856,6.185874254934364,267134.9839248097,443.0,NORMAL
0.2111483792007658,1.0,0.0,53.0,0.0,60.0,0.0,1028.3455807948326,61.44129075997789,5723.489017413577,8615.0,PortScan
42.35717875608808,39.0,31.0,8282.0,8878.0,736.0,748.0,1726.3541347507726,8.858289778701796,957365.6013943522,443.0,NORMAL
0.4332475787696266,3.0,2.0,130.0,255.0,94.0,119.0,3905.9782347591236,19.396497033423177,425399.5391619743,53.0,NORMAL
4.669990343717462,17.0,42.0,9348.0,19228.0,444.0,758.0,1196.5561862515892,8.689293305788343,966932.2095198954,443.0,NORMAL
25.676339141146514,24.0,41.0,4872.0,8641.0,1318.0,1302.0,1632.1510573364678,1.9975252013097688,1713882.017103707,443.0,NORMAL
36.81854812923807,19.0,44.0,14998.0,1005.0,1215.0,1110.0,1849.532515314843,0.6587553905083996,743176.0086642487,443.0,NORMAL
52.74834428007315,33.0,34.0,13768.0,18009.0,840.0,1276.0,597.4010020951441,1.4218398958442882,1237800.5135876904,443.0,NORMAL
7.5391067079738345,24.0,10.0,689.0,38256.0,143.0,818.0,2849.3517116459916,10.735068639135845,498779.32500903873,80.0,NORMAL
0.8084155876627934,4770.0,0.0,165439.0,0.0,49.0,0.0,973726.3401784246,4428.706235574986,194.42454366406838,443.0,DoS
50.49498710031011,17.0,43.0,6977.0,5402.0,923.0,510.0,1492.5719818332927,9.285805218346113,521373.4685836923,443.0,NORMAL
59.21309300276164,45.0,24.0,14292.0,7998.0,1035.0,1313.0,1537.3193132898414,9.098850421634786,1300656.1347134358,443.0,NORMAL
1.9609531534268985,1.0,2.0,123.0,63.0,89.0,126.0,1866.937701576946,18.992158236919956,364125.30917740933,53.0,NORMAL
0.32855156336178726,2.0,3.0,126.0,63.0,107.0,144.0,389.78913513893156,14.867843623663198,137530.3651989655,53.0,NORMAL
50.67791462051363,29.0,16.0,5825.0,6538.0,127.0,1082.0,556.6132601345471,5.83608706108901,273587.3008868658,443.0,NORMAL
16.52364162473973,26.0,12.0,3822.0,2935.0,749.0,953.0,1717.726571929202,5.700490492794032,1265403.3225475017,443.0,NORMAL
1.3757392402298108,3.0,1.0,48.0,79.0,93.0,128.0,1340.873097140451,4.34165522497176,115306.5221712744,53.0,NORMAL
1.2228050191767446,2.0,3.0,71.0,264.0,72.0,122.0,2506.3789871238505,14.678507591238645,224705.5901820784,53.0,NORMAL
56.62117467397241,44.0,28.0,14844.0,1337.0,1335.0,613.0,142.8671364389225,5.592237129281982,1795516.5177272696,443.0,NORMAL
3.3007647419197834,21.0,44.0,13809.0,17184.0,1010.0,1267.0,660.3596543060941,7.635114489758101,824889.0491597084,443.0,NORMAL
0.7792190778438732,2.0,3.0,87.0,275.0,96.0,159.0,3732.4068782747236,7.282412815139483,144590.22447737525,53.0,NORMAL
0.24541479118103574,3.0,3.0,133.0,147.0,87.0,129.0,241.74561900887952,11.089854391524208,132726.07077881572,53.0,NORMAL
0.22153125947031846,3.0,3.0,84.0,72.0,116.0,129.0,2887.226124336705,8.892412480706032,322646.9972843354,53.0,NORMAL
27.1812629389697,6.0,19.0,7890.0,18769.0,1268.0,298.0,773.4770785621845,7.2608381813639475,966149.9060436755,443.0,NORMAL
40.22979174474586,9.0,38.0,12014.0,14851.0,343.0,688.0,862.3369992622145,5.087313658740552,178296.52190893795,443.0,NORMAL
52.374244175078175,13.0,6.0,4514.0,15228.0,627.0,666.0,366.9950759421631,5.740643992931456,943920.6836583286,443.0,NORMAL
1.9752212860826608,2599.0,0.0,180022.0,0.0,48.0,0.0,517806.99336177646,9449.762832457998,289.35831051363107,22.0,DoS
1.7037457585274907,8.0,7.0,471.0,356.0,66.0,98.0,309.7453677626215,9.198602751416171,176166.85286326965,3389.0,BruteForce
0.32200482113729795,1046.0,0.0,59364.0,0.0,41.0,0.0,375138.61752390047,3231.5642643998485,24.296470429551082,443.0,DoS
51.92310212666002,31.0,9.0,3421.0,15030.0,384.0,682.0,864.6648387300422,4.514066871407279,381468.31367251376,443.0,NORMAL
0.810599281072805,1.0,3.0,173.0,224.0,55.0,179.0,409.4762961958636,13.674007062130848,153770.95262044156,53.0,NORMAL
1.7650576018210768,1900.0,0.0,183248.0,0.0,58.0,0.0,696359.3086810843,4720.599112285728,18.020115916161025,443.0,DoS
0.6310253064078907,3.0,1.0,186.0,277.0,81.0,115.0,1292.870136502121,12.10829412319387,498675.7802613576,53.0,NORMAL
46.384165722449886,46.0,41.0,11809.0,19951.0,186.0,429.0,921.8725486100197,7.019724244861906,415892.9137726534,443.0,NORMAL
30.133940185499053,7.0,27.0,11778.0,11363.0,662.0,988.0,652.6714912640168,9.414132896476927,1110311.1900678186,443.0,NORMAL
0.5674391912367623,1.0,3.0,112.0,294.0,110.0,104.0,366.61572161756055,13.81887494171918,103164.8223529878,53.0,NORMAL
1.9122612280278897,2019.0,0.0,22561.0,0.0,43.0,0.0,317576.0662963792,7690.966516486778,149.39073800465502,443.0,DoS
24.68816463581601,17.0,13.0,14711.0,9850.0,831.0,653.0,1494.4607749017243,4.782784408857421,1370721.1381634623,443.0,NORMAL
0.4296030018601636,4562.0,0.0,193143.0,0.0,42.0,0.0,250187.17119279574,8251.659564347643,489.44664720772437,22.0,DoS
1.5243952292424472,2.0,2.0,41.0,214.0,78.0,81.0,2749.653339599282,11.301511401848428,171430.43795130434,53.0,NORMAL
4.328845495443831,8.0,6.0,486.0,309.0,54.0,89.0,133.98328009542124,6.092162577839067,271375.8899792765,21.0,BruteForce
0.2472257337137739,3.0,2.0,37.0,200.0,80.0,144.0,641.5546614012766,10.089280755118038,451419.5021973031,53.0,NORMAL
13.876979384038785,32.0,5.0,14046.0,2841.0,1365.0,920.0,537.1032987191044,5.262757364035404,1831485.5100088846,443.0,NORMAL
5.498000335823612,3.0,18.0,2574.0,23929.0,1158.0,507.0,249.43463421116263,14.768083053146686,358963.85952630156,80.0,NORMAL
18.94772445854057,39.0,42.0,9836.0,19544.0,1337.0,1315.0,1295.5160469683658,7.2363234735265705,879839.5916443209,443.0,NORMAL
24.49031953144748,21.0,28.0,5729.0,42762.0,1343.0,437.0,2329.0243849039557,11.981714970138349,812665.8645965005,80.0,NORMAL
15.586633389787446,40.0,48.0,5673.0,18932.0,886.0,474.0,291.5290912502594,9.054897178399798,515278.7945637917,443.0,NORMAL
0.7903056470104616,3.0,3.0,175.0,190.0,94.0,154.0,4103.854489570925,7.7203752038520825,49795.783159751125,53.0,NORMAL
0.6786522645666364,1.0,2.0,175.0,293.0,42.0,136.0,2121.082371110701,7.597034642204478,451534.0322132994,53.0,NORMAL
0.862121209389162,1.0,2.0,67.0,101.0,95.0,91.0,3647.306689843883,12.576915143754183,142089.02156697813,53.0,NORMAL
39.86821863593232,31.0,19.0,7450.0,8269.0,676.0,318.0,1491.4990102798995,9.821823706482713,204431.7166194385,443.0,NORMAL
35.43571059920145,31.0,21.0,1734.0,11518.0,1059.0,1170.0,155.07516717814036,3.0755617383865816,855127.0175354438,443.0,NORMAL
54.417536608736555,23.0,23.0,8961.0,6783.0,1304.0,862.0,1827.2378000864596,4.806858610184856,1262129.9322014372,443.0,NORMAL
48.29068960109639,8.0,12.0,14576.0,6765.0,113.0,1161.0,1945.1004658930335,6.876666739638367,480020.11994239036,443.0,NORMAL
0.03178527392442411,2.0,1.0,120.0,247.0,51.0,147.0,412.7763653662101,12.384779624727516,388666.02487701573,53.0,NORMAL
0.4011213571164219,3.0,2.0,104.0,119.0,119.0,107.0,2470.117933387917,6.981444685596218,21369.288984931824,53.0,NORMAL
17.12231209289435,36.0,48.0,8942.0,18198.0,797.0,560.0,1850.444182192204,4.3891012768171915,497450.7262757876,443.0,NORMAL
49.87968866749791,27.0,23.0,2811.0,19642.0,1090.0,314.0,547.4774579576595,5.337673731557055,1182090.1786027635,443.0,NORMAL
25.553085892605928,22.0,43.0,9879.0,8240.0,1143.0,570.0,1387.5801720592888,4.648998439049089,411528.02575434203,443.0,NORMAL
1.9889833000930428,1.0,1.0,100.0,149.0,89.0,93.0,229.12134585553255,6.5790281956121115,216270.31917892882,53.0,NORMAL
0.17464078623469845,1.0,2.0,97.0,258.0,83.0,106.0,4489.942889563235,10.50374957142557,286273.8316744359,53.0,NORMAL
1.210450229575675,3.0,1.0,73.0,145.0,112.0,73.0,4531.716704621333,11.702945186152393,310688.1062458788,53.0,NORMAL
7.169502579729615,20.0,25.0,12284.0,18869.0,974.0,1169.0,977.5424721003222,8.522844223539213,976284.6970510585,443.0,NORMAL
7.579220526955307,37.0,15.0,5335.0,8777.0,1006.0,832.0,247.10230033239614,0.8561164976907325,227628.39010051705,443.0,NORMAL
59.05677662941739,5.0,6.0,14446.0,2976.0,1183.0,384.0,742.2805903943755,7.859792291106316,1404183.4531082136,443.0,NORMAL
10.791338822451316,22.0,15.0,12540.0,19645.0,130.0,962.0,1272.403067597999,7.779269566591013,749667.4134370022,443.0,NORMAL
4.920186816990718,8.0,5.0,13521.0,12115.0,127.0,808.0,1400.9728207205308,3.2037685123568984,638173.2183270114,443.0,NORMAL
1.92906226431393,3.0,3.0,45.0,259.0,106.0,91.0,2404.764977114641,13.439949970348568,125309.35390259499,53.0,NORMAL
20.881517173215112,27.0,10.0,1216.0,37244.0,1371.0,1015.0,826.7171189773248,10.165465184625571,267646.5690388714,80.0,NORMAL
0.20343348976705763,1.0,0.0,56.0,0.0,47.0,0.0,1422.2339000251359,46.34407959197217,9669.440990131006,45590.0,PortScan
0.3604110572493546,1.0,1.0,131.0,153.0,43.0,106.0,1457.2186872291743,10.850631606372831,274140.32627918385,53.0,NORMAL
29.037011872240136,11.0,6.0,7458.0,37937.0,1059.0,616.0,3573.752410637264,9.141770459162043,209505.3110244893,80.0,NORMAL
1.3170061518192142,1.0,3.0,196.0,73.0,58.0,128.0,1696.797968286149,10.74513140497865,54109.32070756299,53.0,NORMAL
1.2876859628352202,2.0,1.0,132.0,241.0,78.0,133.0,1093.9400306510283,10.555655073048166,19024.814176449476,53.0,NORMAL
0.9513114582247729,1455.0,0.0,28610.0,0.0,47.0,0.0,464550.18809274083,3247.5770600450946,47.99773791549161,22.0,DoS
48.53453902405314,39.0,14.0,6064.0,17489.0,460.0,655.0,1370.197763047616,7.754989454272411,675542.4294489236,443.0,NORMAL
29.87607285494529,16.0,47.0,1390.0,17167.0,1014.0,1034.0,944.2368174576429,8.796742422243698,1594002.574928598,443.0,NORMAL
1.8295695301268962,3866.0,0.0,131056.0,0.0,46.0,0.0,322873.974569511,4516.460348432183,108.4214358092774,80.0,DoS
0.5238267417457295,3.0,3.0,58.0,145.0,45.0,96.0,4774.971641736424,15.699258466662064,13911.120388334504,53.0,NORMAL
0.1285170558887097,1.0,0.0,68.0,0.0,64.0,0.0,2802.244970737765,46.654667632102175,441.3345593072029,35842.0,PortScan
1.0051417888408618,1.0,3.0,49.0,260.0,100.0,87.0,122.4243385508559,12.393619064530627,441760.2827711519,53.0,NORMAL
12.48272819742514,42.0,39.0,12597.0,16055.0,1383.0,1011.0,1750.7835981330543,0.9002135010534544,1007357.5391700421,443.0,NORMAL
37.584292599782295,46.0,14.0,9708.0,17890.0,779.0,512.0,1397.7948062561704,7.575131583993096,136114.06004877557,443.0,NORMAL
28.822995124459343,12.0,41.0,14468.0,14074.0,1393.0,914.0,1836.9580058536708,2.3592774418185196,1073310.6264904588,443.0,NORMAL
1.3769077405536438,1.0,2.0,139.0,286.0,58.0,142.0,702.6763186954881,13.39810621812027,455746.6020561643,53.0,NORMAL
1.611602473594804,1.0,3.0,176.0,95.0,98.0,93.0,2883.7233034964847,7.325089679162045,100654.77387938609,53.0,NORMAL
0.15020607982094095,1.0,0.0,43.0,0.0,49.0,0.0,656.4322262616142,77.30170154323895,1711.8056766647105,15137.0,PortScan
17.00959287465986,24.0,40.0,7786.0,7159.0,217.0,363.0,972.5510435917728,7.965780443134502,1791626.0981505006,443.0,NORMAL
1.0453745744342942,1.0,2.0,64.0,228.0,85.0,76.0,4108.1218096015,14.746737843696366,435366.7797268581,53.0,NORMAL
58.312310548456736,47.0,19.0,4092.0,16154.0,823.0,416.0,1947.4944210819588,9.823398043495105,1931202.357481752,443.0,NORMAL
0.14697407619196126,1.0,0.0,52.0,0.0,66.0,0.0,2618.012165958675,74.16505447284884,9942.226189734685,7585.0,PortScan
0.780851541804489,1.0,1.0,189.0,220.0,106.0,77.0,3661.417313658724,14.83768699700438,492419.0205722271,53.0,NORMAL
29.13376463075121,41.0,8.0,1818.0,19037.0,721.0,409.0,364.0247044102037,6.322786079966021,1085647.697022865,443.0,NORMAL
33.766449505320246,32.0,33.0,1011.0,1027.0,550.0,731.0,341.52665452839216,8.562455864731287,1727428.3193087096,443.0,NORMAL
0.4468667294330826,1.0,2.0,89.0,259.0,89.0,103.0,3149.2552941356043,12.110861859052594,331640.47838496306,53.0,NORMAL
3.926229846443144,9.0,4.0,311.0,356.0,65.0,93.0,312.1418780067094,2.2046836079477155,119201.54409051256,21.0,BruteForce
2.786015054179263,29.0,25.0,6556.0,7913.0,652.0,498.0,2867.4790332764474,1.6952607511299664,81743.15747835349,80.0,NORMAL
0.5970149440054257,3.0,1.0,189.0,77.0,83.0,149.0,4233.252815956076,4.488066430300664,406907.692668656,53.0,NORMAL
11.504122045315334,24.0,21.0,10470.0,14515.0,1013.0,1235.0,693.8919814479307,0.7198893847571062,678081.238478548,443.0,NORMAL
0.7011038344027505,3.0,1.0,123.0,148.0,80.0,62.0,2458.0864314367573,1.5285039163569345,295106.93320628826,53.0,NORMAL
18.182519271684473,9.0,13.0,11264.0,13998.0,515.0,715.0,1078.985191813896,8.305089434115231,1505258.9973463207,443.0,NORMAL
0.5769901076254313,635.0,0.0,167355.0,0.0,58.0,0.0,709917.9931153809,3005.2381664996547,407.08367322517955,80.0,DoS
0.8893660590136344,3.0,2.0,150.0,148.0,68.0,113.0,3213.9041890164294,15.717414181386888,457954.1179274127,53.0,NORMAL
9.912415615073114,22.0,44.0,1560.0,12692.0,468.0,769.0,774.947482927955,4.336893885417835,1070485.0742134536,443.0,NORMAL
55.73738470851757,20.0,14.0,10624.0,18638.0,793.0,614.0,933.8108384515915,2.075384772375191,222640.82954537816,443.0,NORMAL
1.072677730383603,2.0,1.0,68.0,65.0,53.0,147.0,1233.465122821754,18.736332230676634,318145.39807299204,53.0,NORMAL
1.8952619727665916,3.0,2.0,75.0,118.0,102.0,139.0,1810.5960421432312,11.67777095724927,317517.0255020194,53.0,NORMAL
4.066305735436872,10.0,45.0,5511.0,10399.0,832.0,390.0,430.721861073886,3.835809229158735,1130370.1406457603,443.0,NORMAL
0.27131174799531504,3.0,2.0,96.0,118.0,69.0,145.0,1776.7853682834516,17.115142476110393,36875.00889406768,53.0,NORMAL
13.475432412796135,42.0,11.0,2677.0,8360.0,440.0,1109.0,1816.8076720731192,2.8133094770166496,624831.8957740195,443.0,NORMAL
2.1479865145035832,5.0,7.0,210.0,243.0,52.0,61.0,262.97236757754047,7.828431851094582,359702.6168060687,3389.0,BruteForce
1.4436456347363662,2277.0,0.0,156300.0,0.0,57.0,0.0,671282.965253462,9285.066974554398,413.3158597284923,443.0,DoS
13.38442999263956,40.0,37.0,1526.0,19280.0,467.0,515.0,1984.3940750470665,2.617729186015485,139589.9698979538,443.0,NORMAL
24.727771420122316,8.0,29.0,2893.0,673.0,357.0,100.0,2815.8263106398026,1.455342938370607,177261.9825593221,80.0,NORMAL
44.86698712120486,36.0,44.0,12696.0,6767.0,711.0,710.0,1010.947834600311,6.227515224740866,1652111.1299012785,443.0,NORMAL
42.72707942449052,41.0,40.0,2573.0,3057.0,423.0,769.0,1909.0353684486543,1.2104875627772191,1144001.5114024323,443.0,NORMAL
12.036130672515718,23.0,12.0,5700.0,781.0,115.0,629.0,1153.8107140412521,9.019123033440483,723826.39451099,80.0,NORMAL
1.2033123058424937,3.0,2.0,190.0,209.0,84.0,172.0,1754.0946280816838,15.423066137905773,463103.0775493579,53.0,NORMAL
0.9359777942253508,1.0,2.0,143.0,182.0,52.0,66.0,3442.1455842502173,16.844175066382277,54849.696121208595,53.0,NORMAL
1.8402954027985414,1.0,2.0,42.0,259.0,60.0,134.0,3837.352927156136,19.486278005577716,57695.521786343146,53.0,NORMAL
30.044393530434053,26.0,30.0,8272.0,14672.0,319.0,828.0,1771.9728139655892,5.545146188312449,262873.64001563634,443.0,NORMAL
54.94362958706944,12.0,11.0,9209.0,10387.0,246.0,400.0,1094.0652818565163,6.138023898615894,1170438.9681339795,443.0,NORMAL
15.131100024662748,29.0,8.0,1318.0,3413.0,1073.0,1031.0,404.43467444180953,9.809432266438236,1275731.983927805,443.0,NORMAL
58.0326343235765,8.0,46.0,1556.0,3827.0,975.0,1142.0,1366.630184828627,7.6351695490561,271702.5221737085,443.0,NORMAL
11.999857466511017,19.0,19.0,9524.0,7118.0,885.0,577.0,1239.698320171917,4.951333073267419,1541235.349703566,443.0,NORMAL
22.60458835118638,18.0,18.0,5828.0,19352.0,669.0,275.0,328.57898508974904,1.2399119812349588,807020.3073394418,80.0,NORMAL
7.029447638305112,26.0,28.0,4679.0,17513.0,1296.0,1239.0,4152.239423535443,2.772621132536054,479993.09578148,80.0,NORMAL
24.177779664979443,26.0,19.0,2792.0,17187.0,381.0,153.0,236.19330517610103,12.365663170888052,450939.9620626582,80.0,NORMAL
0.5266294910912556,3.0,1.0,50.0,287.0,99.0,146.0,254.7508140555703,6.601648704407622,334198.4399970107,53.0,NORMAL
22.394115424948545,23.0,19.0,4827.0,15918.0,1159.0,1108.0,1914.0856814025142,4.915716739484323,840313.8080845154,80.0,NORMAL
1.3466500038155504,2970.0,0.0,28511.0,0.0,43.0,0.0,342554.7387696783,6483.718684469171,233.89634726621608,443.0,DoS
4.219734256485435,9.0,7.0,441.0,245.0,107.0,107.0,55.60776413640636,9.113210893183975,141156.63271905395,21.0,BruteForce
31.58607329476704,34.0,39.0,6759.0,10638.0,732.0,1028.0,794.3091725742697,8.40867751553337,402909.7930877738,443.0,NORMAL
53.168181337556064,18.0,43.0,14926.0,14690.0,976.0,714.0,1583.5690834807635,8.900268078304231,1240052.0650903468,443.0,NORMAL
40.630340379945544,35.0,28.0,4858.0,9667.0,258.0,357.0,531.8745737531951,5.1876961553443754,1477087.0478713363,443.0,NORMAL
1.9618067826951109,3.0,1.0,165.0,269.0,53.0,156.0,964.9066370828426,4.3208759068217955,310834.54777982424,53.0,NORMAL
1.9727861702051337,3.0,3.0,133.0,236.0,75.0,96.0,2942.1032841900055,17.55077081524163,396419.2076001085,53.0,NORMAL
8.7282504685594,8.0,22.0,9833.0,4971.0,1312.0,1369.0,1426.4855815135854,6.889598832988732,245391.92814036604,80.0,NORMAL
3.5464348050839907,48.0,30.0,7616.0,17005.0,975.0,1133.0,1905.637386669942,0.6720396542355778,652258.0305617007,443.0,NORMAL
53.630746755449685,42.0,49.0,6899.0,19932.0,749.0,524.0,1068.473140576314,2.264711033958996,1454330.6255442118,443.0,NORMAL
1.5269113748495196,1.0,2.0,49.0,177.0,44.0,66.0,3886.192029053876,2.1015144751003474,462876.5378862132,53.0,NORMAL
25.458996792325657,27.0,10.0,7189.0,18526.0,290.0,875.0,3331.628278902749,8.038104137873987,617361.865057327,80.0,NORMAL
0.25742978114453585,2.0,2.0,98.0,233.0,73.0,146.0,1000.4394535299366,9.071838525603432,10317.946092839917,53.0,NORMAL
10.84395270642042,8.0,18.0,4012.0,4334.0,813.0,962.0,2055.9135919410637,1.398902563194203,538037.1670653921,80.0,NORMAL
1.8064067002742865,1.0,2.0,137.0,50.0,81.0,134.0,3278.3056228814544,3.6940297871519516,383477.0716917214,53.0,NORMAL
46.70455833968973,10.0,10.0,12857.0,19975.0,685.0,1298.0,748.9473405246996,7.9410098885028715,1227867.9383230654,443.0,NORMAL
0.9468175720111646,4.0,5.0,325.0,200.0,68.0,55.0,421.84543514625375,4.380182062989862,181477.25235836292,22.0,BruteForce
0.2654156292427141,2.0,3.0,35.0,123.0,99.0,160.0,707.9193095891223,10.750356703285158,322255.6492643458,53.0,NORMAL
0.435812907921739,1.0,1.0,88.0,98.0,83.0,144.0,4967.687767475262,19.943331001499452,324219.4958225542,53.0,NORMAL
0.07074318971071404,3.0,3.0,81.0,182.0,87.0,96.0,4902.506674704388,12.086168007480529,380095.1148485051,53.0,NORMAL
44.77188329056419,15.0,23.0,8546.0,17829.0,1103.0,411.0,873.6664144031217,0.9117179663735574,1929019.1595990744,443.0,NORMAL
1.7683714516805418,3.0,3.0,148.0,298.0,99.0,106.0,1916.3439141525398,3.3998022283716685,108878.46984786142,53.0,NORMAL
44.53430159513027,17.0,17.0,12334.0,14881.0,780.0,1337.0,931.2002632645978,2.232123244273177,1973217.2715345817,443.0,NORMAL
0.34629592050796565,3.0,2.0,100.0,185.0,113.0,79.0,1682.770255122724,7.576852810653317,194493.9920143389,53.0,NORMAL
1.099600753427974,2.0,3.0,55.0,298.0,111.0,71.0,394.06914080450684,1.855674448823855,135735.19304022536,53.0,NORMAL
23.456774315118224,35.0,8.0,1120.0,2368.0,1146.0,248.0,617.2157215955738,5.739575371640426,918982.4889024865,443.0,NORMAL
0.17180306587360375,1.0,1.0,39.0,109.0,68.0,63.0,4406.654576708603,4.210394589926519,169065.2166144375,53.0,NORMAL
21.23829893458146,5.0,6.0,7650.0,20253.0,475.0,1380.0,2326.6991909773974,13.396975063780268,134860.37128942227,80.0,NORMAL
16.379596522544134,7.0,22.0,5771.0,49173.0,395.0,1046.0,2073.8254540409716,14.6977053914408,524676.9860921795,80.0,NORMAL
0.7732029128654462,3513.0,0.0,55237.0,0.0,53.0,0.0,872521.5520991875,2409.2653914393068,324.1704236916046,80.0,DoS
11.0609232975502,8.0,18.0,7411.0,18488.0,514.0,332.0,1343.5923111207896,9.602078524543533,1250260.2541259956,443.0,NORMAL
2.9784136494109834,44.0,11.0,7131.0,6190.0,748.0,1022.0,168.0376593936884,2.3324905649730847,973958.795671405,443.0,NORMAL
5.885121407582462,40.0,34.0,7673.0,1500.0,844.0,1029.0,1257.4322708213506,1.9883852763014214,1023064.3975874713,443.0,NORMAL
35.678392290869695,17.0,14.0,7157.0,15701.0,178.0,1388.0,1308.659407813449,5.285565106059922,1948070.7010637948,443.0,NORMAL
27.582103983295518,42.0,9.0,11666.0,12826.0,1189.0,394.0,1720.7772580213689,4.623000157657033,1421993.9822045113,443.0,NORMAL
20.59927095382067,29.0,12.0,10813.0,10748.0,1133.0,820.0,412.66946557765874,7.804639675701014,1953420.537365722,443.0,NORMAL
56.73918931519321,38.0,17.0,6403.0,9915.0,554.0,249.0,1293.75713411495,3.5536395804166627,1166993.8995894652,443.0,NORMAL
53.757261605182975,6.0,31.0,10521.0,9159.0,126.0,239.0,1697.2948663734062,0.6808064091310149,174638.99623090186,443.0,NORMAL
1.0550663279680552,3.0,3.0,175.0,222.0,82.0,71.0,2431.4444119792997,9.10041439981304,312001.8498994298,53.0,NORMAL
38.788086488374795,36.0,49.0,6423.0,8933.0,313.0,922.0,983.6684595376357,6.069630059986375,1283320.2631068886,443.0,NORMAL
0.2942022529829053,1.0,0.0,48.0,0.0,63.0,0.0,3690.6821640677854,87.25615162660715,4086.433213314796,23683.0,PortScan
0.4732042689437728,1.0,1.0,175.0,85.0,106.0,92.0,2432.31842511474,16.624424555634356,218669.7103868635,53.0,NORMAL
37.61896830965046,35.0,49.0,3955.0,15425.0,1234.0,1002.0,1958.199607766451,4.433265275675927,1741243.8587488157,443.0,NORMAL
0.3288709045772796,1.0,0.0,56.0,0.0,76.0,0.0,4908.134043351068,75.88200661453254,6294.626112949651,47066.0,PortScan
31.960629466302034,10.0,37.0,9768.0,9303.0,1272.0,764.0,118.06178459440069,1.2317536155266993,1801121.641893431,443.0,NORMAL
31.84123693353765,10.0,26.0,13501.0,11897.0,519.0,950.0,1459.3568309333352,1.315015338489347,1080973.45966489,443.0,NORMAL
0.25087020567114865,1.0,0.0,75.0,0.0,75.0,0.0,4118.164998022376,29.835173162988106,8122.411813024029,34399.0,PortScan
1.3225521443249189,1.0,2.0,174.0,260.0,67.0,62.0,836.3617725100855,4.5208101241864025,274235.1265421746,53.0,NORMAL
35.70393374995504,16.0,17.0,6591.0,17683.0,1324.0,668.0,673.0467759646127,4.040903695923896,727134.5208533935,443.0,NORMAL
40.655997296946836,21.0,8.0,1667.0,6479.0,1220.0,676.0,414.7600182051842,9.824449638474793,651291.9064239517,443.0,NORMAL
0.44288703585079064,2.0,3.0,43.0,252.0,111.0,114.0,444.0735826445606,12.979358852845637,151692.45071200997,53.0,NORMAL
28.297860698858216,5.0,12.0,10164.0,5063.0,836.0,707.0,301.6748403606445,9.472455051709636,875757.4481995105,443.0,NORMAL
37.5557709101306,47.0,33.0,11482.0,3246.0,742.0,624.0,682.2696895658562,3.1049722480723254,260834.8757521803,443.0,NORMAL
4.072790391452404,25.0,26.0,763.0,3017.0,1179.0,579.0,205.87035866396127,11.673656889384269,758415.472765971,80.0,NORMAL
15.764330991711125,19.0,33.0,5695.0,5131.0,1207.0,608.0,1755.5789483411947,5.581348746942104,1491463.232331006,443.0,NORMAL
1.0678512304665304,3630.0,0.0,193160.0,0.0,48.0,0.0,572544.7758892865,2263.6134104676603,480.33512665057606,80.0,DoS
0.11932278851721945,1.0,0.0,74.0,0.0,40.0,0.0,1210.5423608563128,28.448902594269857,7300.541173726408,38426.0,PortScan
1.696120913630118,27.0,14.0,8304.0,10969.0,630.0,541.0,2563.1970555549815,4.164455906410148,739806.5568990943,80.0,NORMAL
5.54023889612334,19.0,21.0,1799.0,19741.0,320.0,808.0,513.1746528474005,4.0630599690745095,1262763.6407074307,443.0,NORMAL
43.16115943930368,28.0,48.0,3588.0,15379.0,1257.0,160.0,1173.9301242245783,4.763037133051309,497409.0985213036,443.0,NORMAL
38.97108401659497,12.0,43.0,7026.0,6291.0,1019.0,698.0,674.5571876750577,6.392879355412108,1798785.3031791556,443.0,NORMAL
33.422204057100394,19.0,44.0,8249.0,6229.0,618.0,214.0,218.2761208887631,7.2903089057429655,1504045.9107112503,443.0,NORMAL
1.5505655697985046,19.0,11.0,5952.0,4783.0,704.0,1106.0,1375.5346590957106,7.632487676313006,1887429.6600255116,443.0,NORMAL
13.614622826838533,12.0,5.0,7233.0,1108.0,914.0,1158.0,510.3311821834277,14.253579239576164,915665.4545627072,80.0,NORMAL
0.22236812061939323,3.0,3.0,110.0,91.0,41.0,152.0,489.55654395947886,7.7689084678109515,399712.0901455103,53.0,NORMAL
1.649957586370679,3.0,2.0,151.0,244.0,47.0,156.0,3334.420095111469,10.478651837121657,153244.06428575967,53.0,NORMAL
0.14265491892295923,2.0,3.0,140.0,77.0,86.0,144.0,3927.2746588978885,6.8904832340544075,333463.8905857711,53.0,NORMAL
0.5556364442190028,1.0,2.0,161.0,245.0,52.0,134.0,2537.3762128410517,6.262967320267039,178337.7604849269,53.0,NORMAL
25.007569682649365,29.0,19.0,6704.0,7618.0,170.0,984.0,605.3668248218896,0.5300894843148031,680994.9465802594,443.0,NORMAL
45.44931293027756,20.0,47.0,11720.0,19790.0,1369.0,215.0,239.76595505766082,3.1157760763152194,603219.5603467126,443.0,NORMAL
49.24933446155976,36.0,43.0,14108.0,10941.0,133.0,1103.0,709.1284234526038,1.3599390305175256,1261603.1074631892,443.0,NORMAL
0.46412966614999807,1.0,0.0,40.0,0.0,40.0,0.0,836.7365603935036,76.64567727847374,3321.524297486916,15674.0,PortScan
0.5664802728229364,3.0,3.0,76.0,59.0,65.0,112.0,818.5707100504457,17.045307912418583,139572.99807815938,53.0,NORMAL
1.0555700211984727,3.0,3.0,141.0,225.0,41.0,120.0,961.4755753606406,12.050660676577838,277725.38001734565,53.0,NORMAL
31.66666296480504,33.0,39.0,5053.0,6967.0,514.0,1002.0,1128.7158491794937,9.855045267798403,789441.2768037396,443.0,NORMAL
1.9535346057603507,3.0,1.0,73.0,60.0,44.0,113.0,2843.498402973126,7.454921401555553,338626.9995337229,53.0,NORMAL
0.7422123687763477,1776.0,0.0,94261.0,0.0,56.0,0.0,943673.4159363456,1220.5249110786515,309.9906710627621,80.0,DoS
9.752248856763243,35.0,39.0,8933.0,4729.0,808.0,1131.0,327.5789217787659,8.504914866020291,687657.4182331428,443.0,NORMAL
17.084816043278494,18.0,15.0,4631.0,13875.0,148.0,650.0,1076.9575437499213,8.781521335165564,272842.71201102657,443.0,NORMAL
0.44346535346927446,1.0,0.0,70.0,0.0,44.0,0.0,1117.0884777071765,12.427740998894327,3365.5204409340736,56144.0,PortScan
18.444881524204426,18.0,10.0,9505.0,43869.0,653.0,1062.0,4098.988375705258,10.784808252317822,83436.38471156382,80.0,NORMAL
3.594445418064849,8.0,6.0,198.0,162.0,123.0,106.0,232.87004156090174,3.4161182528932805,203919.78852221533,3389.0,BruteForce
4.620252347197283,6.0,3.0,470.0,335.0,70.0,53.0,288.8113139088042,5.509959892603919,56783.234905200065,3389.0,BruteForce
0.4635220100079823,2.0,3.0,53.0,71.0,67.0,158.0,1273.5681060537463,19.96645974766054,492712.2639484249,53.0,NORMAL
0.19559177383876866,2.0,3.0,186.0,213.0,84.0,88.0,4096.663042757629,6.683266304894195,103947.86500363267,53.0,NORMAL
22.111030962699385,14.0,19.0,2556.0,1402.0,1067.0,817.0,1323.938371321817,1.020214168047914,236586.99366973303,443.0,NORMAL
0.8668263998666296,2049.0,0.0,84814.0,0.0,46.0,0.0,398338.9781466622,5636.03904705025,314.1665792825333,443.0,DoS
22.31873590546575,4.0,5.0,1372.0,2864.0,962.0,614.0,2101.8422466567145,12.85562575170027,51096.937276190125,80.0,NORMAL
34.115354656600275,38.0,30.0,8773.0,1754.0,893.0,998.0,943.4739344359139,4.00578268563468,1049367.854384738,443.0,NORMAL
1.819256854491965,3.0,2.0,185.0,152.0,58.0,144.0,4951.039123078254,15.21285667868717,456545.0986151687,53.0,NORMAL
9.677335374813238,14.0,42.0,14636.0,3256.0,556.0,815.0,1362.7009132171756,1.4732001042102074,740903.8694183808,443.0,NORMAL
0.741047226027562,8.0,18.0,7359.0,18226.0,398.0,1176.0,2341.787854383636,9.89083972088635,862865.7540653681,80.0,NORMAL
15.209990651243974,19.0,15.0,554.0,21134.0,858.0,239.0,866.6828639930757,12.381431542568576,497190.36364192754,80.0,NORMAL
22.73798731538902,7.0,15.0,506.0,23413.0,864.0,606.0,1443.2564279123337,3.501190651677369,688171.3935881021,80.0,NORMAL
24.868795906522646,22.0,20.0,5684.0,2464.0,181.0,1316.0,1515.1127614951508,6.217321300538465,664029.545782091,80.0,NORMAL
0.3280885411204585,2.0,2.0,66.0,272.0,80.0,122.0,4456.709346619646,17.349618917473656,106699.73426350145,53.0,NORMAL
5.353997319388533,21.0,46.0,2773.0,16664.0,1207.0,263.0,1404.7616532492125,9.959608157065531,410699.79635542876,443.0,NORMAL
0.2235219330280798,1.0,0.0,65.0,0.0,77.0,0.0,3010.0589870658296,2.064627466422659,3932.854040390172,124.0,PortScan
40.95011774436555,10.0,10.0,11713.0,18307.0,502.0,1347.0,837.0766437898517,1.496875075886841,1344463.3186738875,443.0,NORMAL
1.5857749188076382,2.0,2.0,96.0,142.0,45.0,72.0,2001.6994343572524,11.66820676031406,497351.7244598675,53.0,NORMAL
1.0255114557803393,3.0,1.0,82.0,106.0,103.0,143.0,4853.801359657244,1.584803876365978,355519.7950848125,53.0,NORMAL
1.5505921012867674,1.0,1.0,132.0,63.0,97.0,96.0,3832.4105724274095,14.840306908008525,308673.6950375951,53.0,NORMAL
25.360891599604308,13.0,24.0,995.0,23712.0,1119.0,973.0,1062.9723086875379,13.352292561763159,510037.1372498857,80.0,NORMAL
1.037724647716695,2.0,1.0,75.0,105.0,89.0,67.0,298.27487654351773,13.452279828537483,174005.19827268302,53.0,NORMAL
0.6710248426990865,2.0,1.0,118.0,60.0,53.0,85.0,2458.352446708459,12.250486175541672,293907.38668386027,53.0,NORMAL
0.6027752688644284,4752.0,0.0,70960.0,0.0,54.0,0.0,203636.50776523096,7929.280483758139,204.7756746600126,22.0,DoS
22.164215999603794,24.0,13.0,1906.0,10106.0,851.0,848.0,698.6251629957366,5.387939983739261,1025973.3046694079,443.0,NORMAL
0.6184329366597874,1.0,3.0,157.0,55.0,100.0,168.0,2237.2051378625883,2.8657461492268963,11855.009479874412,53.0,NORMAL
1.1508502436941987,1445.0,0.0,62140.0,0.0,42.0,0.0,511405.25247737137,7225.953577235415,96.86500377439275,22.0,DoS
17.57682818594159,7.0,45.0,13674.0,6066.0,570.0,405.0,487.6164093704574,9.415007594938313,1228332.6034345005,443.0,NORMAL
3.088897005319663,14.0,12.0,2814.0,19894.0,1214.0,1071.0,2650.5392943242764,3.6761802512994226,177209.1332362931,80.0,NORMAL
11.730924979549545,38.0,24.0,6967.0,9747.0,309.0,1120.0,607.9413685821621,2.98989202320956,1042791.1719050154,443.0,NORMAL
55.82445516427938,22.0,22.0,14731.0,6378.0,415.0,614.0,126.5635044950725,7.1073495263536115,1795909.1751402784,443.0,NORMAL
46.26410904693649,12.0,6.0,3949.0,18254.0,880.0,580.0,1744.2111929763662,0.7166727765324192,602141.9203037159,443.0,NORMAL
40.34499119522015,35.0,10.0,5349.0,8635.0,996.0,1158.0,861.918657568637,6.563618384491374,1763674.2378873157,443.0,NORMAL
1.941720968298456,2.0,2.0,171.0,188.0,58.0,82.0,4767.500571393019,4.609728322534858,374777.14652680076,53.0,NORMAL
3.714155879283412,38.0,9.0,7000.0,6067.0,1193.0,254.0,762.2386380464175,8.595405846594087,758924.217597207,443.0,NORMAL
24.100016192491932,41.0,38.0,13938.0,15362.0,932.0,407.0,980.4667400334656,5.61061650061894,1812311.2820955014,443.0,NORMAL
1.3974939494761385,2.0,1.0,136.0,174.0,84.0,99.0,1912.1715462106092,6.788004623628444,136526.04477167444,53.0,NORMAL
1.6484275418392607,2367.0,0.0,83875.0,0.0,44.0,0.0,213203.79982361005,4320.635944364489,37.95140402888917,22.0,DoS
22.61534875432781,37.0,39.0,13670.0,1757.0,966.0,498.0,763.7213683542312,3.567169469609799,1976628.466246057,443.0,NORMAL
40.23410930508372,21.0,21.0,14496.0,10041.0,1188.0,1158.0,695.4801138172874,5.981230720379553,1899367.9968904033,443.0,NORMAL
57.37589806134115,16.0,32.0,9457.0,4892.0,795.0,598.0,772.462585493077,2.5958266509936543,1641648.0534543807,443.0,NORMAL
31.88006377108762,48.0,44.0,9640.0,9990.0,970.0,1184.0,1219.0479188650502,7.5795912035694215,537054.7767702141,443.0,NORMAL
0.9257185645064089,3989.0,0.0,174961.0,0.0,49.0,0.0,104842.11862873698,2881.047910637578,171.46923126633985,443.0,DoS
19.17438559970523,26.0,8.0,5379.0,30098.0,714.0,889.0,3533.691798322239,2.2160606639643854,114139.54802654168,80.0,NORMAL
0.8559826288344764,2.0,3.0,165.0,191.0,102.0,72.0,718.1855941021641,6.937331532450347,263545.14498694264,53.0,NORMAL
2.1083839240687356,19.0,20.0,3399.0,28450.0,519.0,1033.0,3104.0896837304226,2.9746319097910505,539621.873432043,80.0,NORMAL
42.445433262102135,38.0,14.0,13792.0,4312.0,1098.0,793.0,904.1549388313542,3.2905946154428296,489661.18074675277,443.0,NORMAL
26.531019025162575,33.0,22.0,5710.0,16185.0,657.0,1357.0,810.7997564169823,6.236263580198581,1054564.2174436483,443.0,NORMAL
1.1669982521445672,3.0,1.0,79.0,266.0,97.0,75.0,4768.239103123329,17.538175936565683,266679.26778924826,53.0,NORMAL
0.08575577998826055,2.0,1.0,167.0,109.0,84.0,72.0,3665.7618301946536,15.202471210315291,248983.71295877092,53.0,NORMAL
4.8560241071376,9.0,26.0,10027.0,8440.0,1119.0,1186.0,1395.2270931573858,4.667759714396104,1450343.987551627,443.0,NORMAL
1.1596339470207506,3.0,1.0,85.0,86.0,68.0,159.0,4615.783880102252,7.263880012321411,496895.527583868,53.0,NORMAL
0.3358698985948625,4026.0,0.0,30419.0,0.0,44.0,0.0,211381.36972017772,2229.6218963028427,272.6986172108921,80.0,DoS
0.40402283346145873,1.0,0.0,44.0,0.0,74.0,0.0,4194.176212403778,86.44572485965386,290.8420592950552,932.0,PortScan
0.4055940005996614,1.0,0.0,56.0,0.0,56.0,0.0,2094.619440684317,76.16094868093356,4170.617013055951,20809.0,PortScan
45.90041546563693,10.0,27.0,2287.0,17848.0,296.0,635.0,1488.9679408237905,7.324727816946537,1084287.180381644,443.0,NORMAL
13.076126434379754,28.0,8.0,3283.0,9988.0,312.0,392.0,1321.2174658038646,1.809097834417912,579319.8958504249,443.0,NORMAL
0.21062227599012315,2.0,2.0,44.0,91.0,110.0,153.0,2990.2222048718886,9.702675532265847,263311.9202169336,53.0,NORMAL
0.7016545939658764,1.0,3.0,97.0,117.0,47.0,114.0,4073.8353840555683,16.24300332477906,303513.53422381135,53.0,NORMAL
18.02920264117509,15.0,13.0,14518.0,14136.0,681.0,166.0,945.1755894361221,1.5687305992319112,616716.1074738142,443.0,NORMAL
1.9782284517114934,12.0,4.0,8774.0,21614.0,1297.0,875.0,4557.871540266149,7.355898857449027,322747.34792368964,80.0,NORMAL
1.204032851095082,2.0,2.0,121.0,266.0,64.0,79.0,1449.065642198124,1.8245609756041201,238014.57233766926,53.0,NORMAL
39.73223783255866,22.0,34.0,5759.0,13857.0,610.0,154.0,1417.7686663438928,9.4733510040314,1092128.3285202421,443.0,NORMAL
8.897862099386908,4.0,9.0,8747.0,49731.0,1351.0,442.0,2163.0985403130244,5.875479578065017,673891.4046600133,80.0,NORMAL
0.8935930945411346,3.0,2.0,142.0,145.0,47.0,69.0,716.9870750856055,19.857501743465452,306660.0430158725,53.0,NORMAL
0.4001481593948576,2.0,2.0,160.0,196.0,56.0,162.0,4775.293278762639,9.533396762961509,298760.9908176519,53.0,NORMAL
0.16675133269065356,1.0,1.0,40.0,124.0,95.0,160.0,3790.173375311819,5.329398425112884,333160.52344880364,53.0,NORMAL
1.8077696917002093,2.0,1.0,147.0,294.0,112.0,179.0,4262.982890191804,8.959367297623267,140466.7534512516,53.0,NORMAL
1.5586991196166264,2.0,1.0,134.0,121.0,80.0,85.0,1313.7177742129027,16.261940283179975,413076.5336967899,53.0,NORMAL
1.2571129054284618,3.0,1.0,80.0,67.0,57.0,74.0,3685.0772726006744,1.1016950464195836,84323.10557971617,53.0,NORMAL
10.193269691622874,15.0,13.0,2590.0,29249.0,713.0,610.0,951.818329997158,12.655667824896643,358115.40034743753,80.0,NORMAL
49.05364047274721,6.0,43.0,8287.0,3945.0,840.0,1245.0,1840.6869509473624,0.5321478724527855,1834180.5895679554,443.0,NORMAL
0.07114385134759654,1.0,0.0,66.0,0.0,59.0,0.0,789.5709758291337,42.545574184339515,8301.426692340496,61558.0,PortScan
0.3001636114541777,2267.0,0.0,46068.0,0.0,50.0,0.0,396707.22513329436,5064.855985260112,203.46000506228273,80.0,DoS
47.01265720559981,41.0,10.0,8345.0,18049.0,554.0,1184.0,877.7516312749948,0.9760167844296999,1261539.0592106108,443.0,NORMAL
23.366548871644234,39.0,18.0,2903.0,4600.0,562.0,1282.0,897.0514064015432,9.620553619765348,1767856.4278831359,443.0,NORMAL
25.169282458499413,24.0,9.0,4580.0,12823.0,1304.0,467.0,2144.5030111380725,7.365139925410692,433067.93858364463,80.0,NORMAL
1.170758635253927,2.0,1.0,30.0,93.0,66.0,135.0,1130.148712045734,2.959661195008061,142371.83248007082,53.0,NORMAL
10.922825564438236,23.0,13.0,6267.0,28004.0,1154.0,398.0,2205.7390296465246,10.07013527358898,235178.14618976848,80.0,NORMAL
53.06256573603299,36.0,38.0,1756.0,6765.0,1388.0,1179.0,1755.1510300561195,6.980679920145299,1155091.9588454093,443.0,NORMAL
4.110784404139527,7.0,6.0,354.0,300.0,53.0,101.0,116.8427205792185,5.1431182361545655,131300.73902149848,21.0,BruteForce
0.41999447012267593,1.0,1.0,142.0,190.0,58.0,161.0,2652.435795336793,6.190930876383847,417703.0974079663,53.0,NORMAL
0.5091713208462119,3.0,2.0,153.0,279.0,106.0,164.0,3758.4118509103714,5.261994024493372,471252.674318535,53.0,NORMAL
12.320172158405832,49.0,5.0,8972.0,5100.0,172.0,689.0,1595.2233976319742,1.4983131541382073,685772.097349596,443.0,NORMAL
29.597192931165242,10.0,25.0,9743.0,36817.0,684.0,1269.0,1750.370967286909,4.402551264507115,69843.97414360518,80.0,NORMAL
18.688231126348917,7.0,6.0,13824.0,17827.0,1244.0,1335.0,382.23578786896377,8.11432954096802,1117763.7050734651,443.0,NORMAL
56.678393976393025,42.0,11.0,5798.0,3371.0,626.0,1382.0,196.84693075589087,2.142652628409961,1907403.118069079,443.0,NORMAL
1.3165887382929562,3.0,2.0,72.0,283.0,61.0,170.0,3801.622501140886,12.348702685869496,283275.8617470037,53.0,NORMAL
27.0830262189992,3.0,13.0,3453.0,24998.0,711.0,657.0,937.5167766945111,9.803238279278528,579169.1507048223,80.0,NORMAL
0.8411406164347084,3.0,12.0,7195.0,49280.0,664.0,1264.0,2201.6219171103103,10.842453479959781,546546.0809348231,80.0,NORMAL
40.99097881829261,30.0,24.0,13076.0,15046.0,683.0,798.0,834.7138398136973,7.899299658431644,1310842.7289474357,443.0,NORMAL
0.22508506462775923,1.0,0.0,72.0,0.0,79.0,0.0,2949.526053571089,14.161742181326776,324.5686340257099,51048.0,PortScan
0.0599971901165277,1.0,0.0,74.0,0.0,44.0,0.0,3442.1508921757654,53.36329160009348,3777.135061116436,19569.0,PortScan
19.806397672992127,27.0,16.0,7207.0,8471.0,187.0,300.0,1011.9173375802941,8.634814933590228,1556879.006613162,443.0,NORMAL
1.6783078918492487,2.0,2.0,194.0,200.0,52.0,165.0,4083.183443124603,4.108008777029033,483179.3536224959,53.0,NORMAL
1.7272072913361036,2603.0,0.0,131925.0,0.0,50.0,0.0,851606.8529351839,6441.404882112063,172.5065516955257,80.0,DoS
15.809081612475715,18.0,41.0,6624.0,7476.0,1050.0,104.0,1816.3101000115835,3.7336737441305954,1591603.4246484498,443.0,NORMAL
0.5225623747221573,3.0,2.0,169.0,180.0,45.0,93.0,1997.204476162017,13.30151622498296,124067.30979506862,53.0,NORMAL
1.697110503825753,2.0,2.0,124.0,171.0,98.0,100.0,1947.7483781004078,9.755712797131734,99474.70159859402,53.0,NORMAL
0.3540593483403876,2.0,2.0,138.0,160.0,83.0,81.0,2868.784269063141,9.229918313539287,150340.12926266968,53.0,NORMAL
32.95641866499115,33.0,17.0,3793.0,17473.0,213.0,1052.0,1528.079046605146,5.461473843025652,977701.2914370478,443.0,NORMAL
12.554151963921932,17.0,28.0,10947.0,5177.0,1339.0,941.0,304.9422430440607,4.74017324434606,799495.906689297,443.0,NORMAL
0.39396849495083636,1.0,2.0,39.0,127.0,92.0,165.0,1398.2187919653832,15.26702061222716,239886.33247977876,53.0,NORMAL
40.62281853997518,7.0,31.0,7152.0,4536.0,254.0,188.0,1513.1837672752267,7.443091845261932,1078145.2513457467,443.0,NORMAL
9.229380596193282,24.0,11.0,6265.0,9647.0,776.0,521.0,1372.6934179508812,11.645433435278544,316235.52010240045,80.0,NORMAL
0.7913637128540545,1.0,3.0,92.0,252.0,72.0,150.0,3737.16731965978,18.250058579431087,322902.64185669046,53.0,NORMAL
1.4222678228840495,2.0,1.0,63.0,69.0,85.0,128.0,3741.629538721132,11.472009864302251,51221.98697146516,53.0,NORMAL
1.6048689723923177,3.0,1.0,189.0,267.0,83.0,97.0,2598.4074187122064,6.6095050775963555,206883.49955569426,53.0,NORMAL
20.15587968651354,39.0,42.0,8692.0,6774.0,688.0,1197.0,245.2436170055367,7.024213037283416,1266232.162233324,443.0,NORMAL
26.104106732436446,40.0,30.0,14767.0,17462.0,968.0,804.0,1063.3056819427266,3.0892192530856315,1958010.0898437586,443.0,NORMAL
15.57909080659864,47.0,49.0,9664.0,3586.0,412.0,313.0,1447.8652624667293,8.205619791036604,1677462.703143774,443.0,NORMAL
16.427508018848997,19.0,24.0,6597.0,40464.0,1068.0,1327.0,4965.62308068597,13.398562372172695,394426.96090561483,80.0,NORMAL
6.2790884888399985,9.0,23.0,1431.0,10633.0,185.0,916.0,2663.789725958374,1.4812750409701674,383299.69335954264,80.0,NORMAL
1.7042406385192552,2.0,2.0,147.0,191.0,75.0,119.0,2338.812276291294,19.229458005401113,383385.4378314877,53.0,NORMAL
8.449619752305662,17.0,41.0,5214.0,5066.0,731.0,333.0,1493.2978564052214,8.353488759076122,1368847.6883578696,443.0,NORMAL
16.791958019405335,10.0,24.0,9319.0,30873.0,253.0,113.0,3066.945090880422,1.422401709456186,556631.4694029749,80.0,NORMAL
19.02593432882339,46.0,15.0,9930.0,9545.0,1342.0,313.0,134.8197202358774,7.745713870621195,471454.9213734518,443.0,NORMAL
39.624390525091314,38.0,29.0,7227.0,17686.0,1344.0,956.0,432.39837614017694,5.4930678806433555,1559460.546268255,443.0,NORMAL
14.789012832715548,27.0,46.0,4487.0,10191.0,754.0,1335.0,1193.337760408264,6.825637168549833,174376.47585713142,443.0,NORMAL
0.6577493090005099,2.0,3.0,78.0,232.0,51.0,107.0,4963.780612814116,5.645269540636924,297742.8608490708,53.0,NORMAL
1.2769790073227536,1.0,2.0,123.0,260.0,65.0,124.0,2414.159266511917,5.620896793098641,128635.48800799032,53.0,NORMAL
59.24929162958173,26.0,41.0,10784.0,9712.0,1294.0,1050.0,1914.0773496079094,5.533699362948437,1256186.2865997416,443.0,NORMAL
48.16521353563351,15.0,9.0,13004.0,16314.0,1045.0,1015.0,1753.577179149701,3.15551491141228,1304379.296417262,443.0,NORMAL
50.909364940986194,40.0,37.0,7766.0,1903.0,960.0,427.0,1982.3916291139758,8.008498136218332,300018.8181920431,443.0,NORMAL
1.2109665833933496,1.0,1.0,73.0,208.0,74.0,96.0,1231.0991445312268,5.308208700482272,374984.48674940487,53.0,NORMAL
0.4471689384142926,2.0,1.0,150.0,293.0,107.0,62.0,1646.3100154352167,9.792270550965789,255547.1090253103,53.0,NORMAL
0.7032911471192749,1.0,1.0,182.0,59.0,63.0,177.0,134.26099969015473,1.4424210926718137,464745.00817174104,53.0,NORMAL
37.58782327029067,49.0,20.0,14465.0,1763.0,287.0,546.0,1215.9737991621798,2.981724909673702,1279836.2127576014,443.0,NORMAL
1.1873217705754835,3385.0,0.0,52688.0,0.0,49.0,0.0,251607.6570810097,1160.9415175495722,377.97210821439177,22.0,DoS
31.86086006137804,22.0,28.0,13773.0,7007.0,726.0,985.0,1520.5247639338688,4.449415043155538,1773726.6534830912,443.0,NORMAL
17.516099919810628,47.0,35.0,6947.0,16913.0,732.0,154.0,509.4521960841545,8.759861476983842,321174.60428315704,443.0,NORMAL
0.09489065642624582,1.0,0.0,71.0,0.0,77.0,0.0,1409.9041298739128,76.50391570197257,6149.25297832923,41104.0,PortScan
25.286904987276085,21.0,22.0,8763.0,21118.0,702.0,869.0,4153.058899410706,8.63548746447871,221142.1618310949,80.0,NORMAL
0.8675535721073415,3.0,3.0,93.0,145.0,46.0,155.0,2203.7882268199387,15.013924470892897,299815.1213528525,53.0,NORMAL
19.602129932006008,10.0,10.0,8624.0,12218.0,1117.0,919.0,610.4687907928724,4.603288652786264,394613.4706835855,443.0,NORMAL
1.2894530119297172,3.0,2.0,83.0,73.0,56.0,90.0,258.23730418678565,17.471907620569525,322912.37549838994,53.0,NORMAL
17.98576528204616,16.0,9.0,8673.0,37697.0,1225.0,1102.0,2959.73490056465,7.748093841555257,213559.91294080747,80.0,NORMAL
3.9856523347793966,6.0,5.0,278.0,298.0,88.0,109.0,448.29187605120455,2.425080852193914,347373.134941809,3389.0,BruteForce
57.337051559128454,13.0,38.0,7594.0,10470.0,418.0,1286.0,147.07084117532912,4.971566567584235,968108.2347375321,443.0,NORMAL
16.787967926950316,7.0,29.0,7679.0,1950.0,762.0,259.0,647.4982039773153,5.871705968393624,1214288.7668770398,443.0,NORMAL
5.475936358411171,29.0,32.0,10361.0,4007.0,552.0,807.0,409.43075411187266,3.8706134831730474,1807882.932338076,443.0,NORMAL
25.813935331761364,4.0,8.0,1415.0,37446.0,1208.0,114.0,1045.0289380504173,4.403627086581373,960899.2721881972,80.0,NORMAL
46.12811243098557,6.0,38.0,13009.0,18959.0,784.0,946.0,1981.755812574733,9.564811938180464,711788.4030208533,443.0,NORMAL
37.00328381918084,16.0,40.0,8876.0,6758.0,1229.0,1398.0,426.4507387724262,9.079827534504716,213833.13417367358,443.0,NORMAL
1.6494730429799913,1.0,3.0,63.0,192.0,104.0,86.0,517.852438144254,11.18148597224494,46758.17448483881,53.0,NORMAL
29.235860577971266,18.0,4.0,8482.0,40010.0,200.0,471.0,1351.3387998898147,2.867477320461396,540046.1292321996,80.0,NORMAL
24.713923902945286,15.0,29.0,5261.0,4199.0,308.0,1386.0,1769.3810339343877,3.086392243430713,1481709.8072354204,443.0,NORMAL
49.2295328009803,19.0,5.0,13870.0,8590.0,161.0,621.0,1764.9814563669086,2.320142695078453,1962625.3524651239,443.0,NORMAL
1.9167199880421641,1.0,1.0,118.0,59.0,108.0,63.0,1963.369496084821,19.607891683596584,198746.85662245878,53.0,NORMAL
1.9450893224735315,2.0,3.0,82.0,217.0,57.0,174.0,3886.1411501747875,7.19728908106672,240496.2056258188,53.0,NORMAL
2.1944187712784324,4.0,5.0,320.0,238.0,71.0,50.0,463.8762618329258,7.855361002049175,380617.9219297203,22.0,BruteForce
16.679837045313434,16.0,13.0,9131.0,10060.0,1307.0,946.0,613.9815505347322,3.4224463722604357,439095.8872453657,80.0,NORMAL
0.8399095183487727,3.0,1.0,199.0,118.0,106.0,136.0,1303.272349995687,12.9817969374613,333721.60466413025,53.0,NORMAL
22.957854406413286,48.0,22.0,11222.0,6452.0,505.0,211.0,1839.0281599343853,7.392869374643244,1872600.4543569265,443.0,NORMAL
53.345551812003265,23.0,31.0,7032.0,12652.0,335.0,672.0,1457.9721834379102,1.6860890451162014,274090.32054865337,443.0,NORMAL
3.9919886305233554,7.0,6.0,272.0,397.0,129.0,67.0,158.28729876064526,8.495562667418817,257117.32764163846,22.0,BruteForce
2.958171919183147,30.0,36.0,9166.0,8777.0,1095.0,1006.0,851.0480760322586,1.8358553903816972,1917552.3603807867,443.0,NORMAL
46.48438883399907,36.0,22.0,7204.0,5369.0,342.0,930.0,208.08613287668322,6.891511739927286,863456.873460222,443.0,NORMAL
0.3398193860137002,1.0,0.0,70.0,0.0,44.0,0.0,2822.0480110978356,23.759765472578156,6089.199532327404,42156.0,PortScan
30.13502838695879,34.0,24.0,11399.0,7598.0,382.0,622.0,463.555049133558,6.489051414779743,1782986.480047294,443.0,NORMAL
56.042566891610655,6.0,37.0,7344.0,7995.0,164.0,132.0,1455.1807593774145,8.323519571821848,111401.48518056578,443.0,NORMAL
44.51257363847515,10.0,6.0,9370.0,8311.0,615.0,959.0,1838.8680517066764,7.93758936405332,1459159.340446201,443.0,NORMAL
0.6643858853140794,4.0,5.0,160.0,302.0,106.0,94.0,240.25328592945655,3.8538742769475576,231235.92832470036,22.0,BruteForce
51.40872050880517,40.0,47.0,7071.0,13095.0,669.0,390.0,129.44984171160996,4.7608992185732015,1951549.7781992878,443.0,NORMAL
53.33809903164192,37.0,35.0,5865.0,2141.0,856.0,750.0,405.8154261677854,8.808505405679753,1260490.1126286217,443.0,NORMAL
59.78372592000759,11.0,17.0,11958.0,1716.0,713.0,655.0,1165.2480216512954,2.21830336310341,1547300.1142037841,443.0,NORMAL
0.1845465988841654,1120.0,0.0,138887.0,0.0,41.0,0.0,334654.25941668573,6100.969644732954,127.2401112286035,443.0,DoS
21.6919971116509,29.0,19.0,13531.0,16262.0,487.0,1083.0,1531.8815731102823,3.754808019383997,1562362.5281474502,443.0,NORMAL
49.112224278835214,28.0,45.0,7282.0,7820.0,438.0,176.0,1042.846830352907,5.321614088374718,248151.40469144186,443.0,NORMAL
13.047914054525037,6.0,25.0,6689.0,35721.0,544.0,947.0,1885.1063504404303,12.353502266534635,753313.5107566719,80.0,NORMAL
0.6793060935057985,2.0,2.0,169.0,191.0,99.0,133.0,3326.7218921398858,13.494421734577816,102159.15348392748,53.0,NORMAL
52.4206715629902,48.0,9.0,1755.0,4075.0,1392.0,1266.0,1322.0067572103492,2.83770435162987,103954.87346484851,443.0,NORMAL
1.272639832826814,4.0,5.0,244.0,143.0,131.0,87.0,469.17202508101434,6.211362240637514,375374.8155436629,3389.0,BruteForce
11.884580339082671,13.0,19.0,9266.0,31714.0,628.0,691.0,4405.695934238606,7.132222346384802,859052.6909330148,80.0,NORMAL
1.699691825541879,7.0,5.0,329.0,332.0,84.0,64.0,447.96571701610196,7.369292315601837,84664.44391133817,3389.0,BruteForce
18.044211395640776,16.0,36.0,5861.0,11271.0,513.0,1165.0,230.66414374518084,1.9718320250248713,1917606.5256074646,443.0,NORMAL
0.12077612168061327,3.0,2.0,60.0,177.0,60.0,170.0,837.8755267743471,10.665606671718598,375933.02522252535,53.0,NORMAL
14.744609010464393,25.0,27.0,4367.0,4324.0,530.0,1210.0,1534.7237996802926,3.355030722312896,1139335.3680757338,443.0,NORMAL
14.531107289097582,13.0,18.0,4439.0,36123.0,859.0,1205.0,3530.8590835308264,11.578393268571187,406959.36558745656,80.0,NORMAL
3.865672191811629,5.0,16.0,8650.0,4939.0,136.0,834.0,3098.565333994431,9.84221775783752,480363.4581329671,80.0,NORMAL
52.17035785662834,39.0,39.0,1901.0,12346.0,1098.0,610.0,1748.8817437955438,8.452900597588613,644283.1525755414,443.0,NORMAL
0.49464651988837793,1.0,0.0,76.0,0.0,77.0,0.0,176.29318504805985,95.91955667533216,5876.116212445347,48460.0,PortScan
0.5879440086397187,7.0,4.0,352.0,271.0,100.0,61.0,411.2668775627292,2.0731789678046173,51780.618597222965,21.0,BruteForce
55.12150095227233,30.0,16.0,6369.0,13575.0,111.0,928.0,1259.4910648614393,6.686099696707297,1411498.9574522623,443.0,NORMAL
1.9037381792988382,2.0,2.0,165.0,277.0,96.0,106.0,275.7792224119993,3.7067541789476035,13884.121547422252,53.0,NORMAL
26.144696831922403,27.0,20.0,2316.0,8386.0,1206.0,313.0,1456.4911512940175,7.87549088709103,924514.3484740837,443.0,NORMAL
0.35025059819546905,1215.0,0.0,185465.0,0.0,59.0,0.0,391610.4542945581,4116.564453129716,45.127456385415535,22.0,DoS
13.964155180078787,28.0,17.0,4795.0,34037.0,444.0,1303.0,3470.580199457555,8.759207321661023,744302.5938660229,80.0,NORMAL
41.86493118134371,8.0,21.0,13742.0,3433.0,384.0,400.0,1177.9458661809776,1.0471223731235615,553556.0145125941,443.0,NORMAL
1.8248293960128885,1199.0,0.0,122982.0,0.0,53.0,0.0,959198.9853852962,5027.942377207379,496.81532210385086,22.0,DoS
6.628557361479427,21.0,19.0,14671.0,7903.0,749.0,427.0,1152.1360890420074,5.144487139651778,862494.3727131267,443.0,NORMAL
0.9267772333455846,9.0,4.0,187.0,213.0,124.0,101.0,464.3381511483575,8.04016763193328,133277.48946187273,22.0,BruteForce
19.167866553880263,15.0,7.0,10011.0,5250.0,452.0,893.0,1674.6141048841062,1.4805861188299003,726313.7662226746,443.0,NORMAL
17.555511763668314,7.0,7.0,5417.0,47009.0,589.0,413.0,2152.2744454347285,6.157574995613431,527002.7948533534,80.0,NORMAL
1.762722373100125,1.0,1.0,36.0,168.0,91.0,162.0,1200.79457107762,15.012080984782154,198770.80493184528,53.0,NORMAL
8.675088167707287,39.0,17.0,6724.0,15134.0,858.0,311.0,1868.3375870657005,4.524925891369552,307128.01461556135,443.0,NORMAL
12.29872630431249,17.0,16.0,5844.0,6413.0,885.0,1395.0,3462.668536941504,14.170823632592604,226034.0874214307,80.0,NORMAL
0.21385299263450044,3.0,2.0,105.0,146.0,69.0,95.0,3191.3101765818087,10.294086991594712,36188.084055277744,53.0,NORMAL
39.85389042453324,37.0,17.0,10228.0,9323.0,231.0,634.0,1828.0481815873604,1.2738150399768038,805939.2905060329,443.0,NORMAL
23.17740882360039,23.0,45.0,8252.0,8279.0,853.0,434.0,179.27710642165624,6.046453974772084,1254777.6535351055,443.0,NORMAL
0.8535082771204865,3.0,3.0,162.0,188.0,108.0,78.0,4446.150973232864,16.740711308853918,474434.7947103334,53.0,NORMAL
0.39217903512811497,2.0,2.0,46.0,225.0,49.0,78.0,1212.7273103345374,11.935098807869156,293325.6838727885,53.0,NORMAL
1.2986334469269025,47.0,42.0,1765.0,11060.0,857.0,188.0,1137.6744938804168,2.33384354103605,1719460.8218100122,443.0,NORMAL
18.792715202192202,13.0,29.0,785.0,21514.0,487.0,404.0,2499.024067906407,12.416873698708255,564253.0766973905,80.0,NORMAL
46.43933449366866,45.0,19.0,6055.0,16115.0,344.0,1261.0,148.33771215163478,6.058662088042966,1692128.1321885614,443.0,NORMAL
28.052857524031552,8.0,23.0,3093.0,17962.0,423.0,734.0,1214.856851273252,1.1009132933057777,246309.37308416973,443.0,NORMAL
11.886740142026262,26.0,9.0,10954.0,4136.0,913.0,232.0,995.3243287171122,9.966644228679794,1002984.3149552543,443.0,NORMAL
11.338084554243814,5.0,28.0,7634.0,8120.0,699.0,1125.0,1398.977791305063,2.6867431676730145,1385702.703514432,443.0,NORMAL
1.0244688978257526,2.0,2.0,172.0,219.0,109.0,68.0,3903.069052637828,1.8777798145672613,174640.61134038275,53.0,NORMAL
0.08835112074976682,1.0,0.0,60.0,0.0,63.0,0.0,894.2199006093649,23.694914475460703,359.0929857990767,31290.0,PortScan
0.651620110565773,1.0,2.0,96.0,240.0,84.0,145.0,2705.4037664900998,15.502126876418124,128708.2865131666,53.0,NORMAL
32.1165777052379,44.0,25.0,9014.0,14500.0,913.0,895.0,808.2763869996447,7.424267784423051,1321877.760616095,443.0,NORMAL
1.0657684251230477,2.0,1.0,164.0,126.0,98.0,173.0,1771.5354802203863,18.40709572369695,79742.69280419829,53.0,NORMAL
0.060762079616027295,1134.0,0.0,180082.0,0.0,48.0,0.0,424965.94042766513,5097.4873873813685,160.37189970688806,22.0,DoS
37.63401554828115,12.0,16.0,14795.0,8899.0,381.0,896.0,1779.444953225129,9.398835053609837,720256.4637932557,443.0,NORMAL
1.289220679212286,1090.0,0.0,98106.0,0.0,58.0,0.0,219796.77242475818,5663.698692223096,81.09885324744221,80.0,DoS
56.09862603414639,36.0,32.0,5853.0,13165.0,626.0,652.0,323.7515853255751,5.305403402821174,227613.48595055466,443.0,NORMAL
57.047709853063296,34.0,31.0,13450.0,5481.0,337.0,660.0,245.48041945822087,6.428198929947406,1193116.699611821,443.0,NORMAL
0.9621799675482141,2.0,3.0,79.0,203.0,101.0,97.0,2136.840828663649,6.609107718163861,391119.713122988,53.0,NORMAL
28.47028306981515,41.0,28.0,12906.0,4283.0,777.0,670.0,1648.0604945593473,5.48591838111308,1887062.5954380052,443.0,NORMAL
0.0768823880236644,2.0,2.0,172.0,160.0,97.0,60.0,3774.950851123805,18.509094152560927,44344.97131813062,53.0,NORMAL
1.6603758373479904,2.0,1.0,93.0,80.0,73.0,114.0,598.5865531430227,6.244609953021334,121313.35410941202,53.0,NORMAL
40.04851220111334,39.0,7.0,2188.0,18226.0,372.0,152.0,228.58281012863995,8.051490622211727,1002859.4040800731,443.0,NORMAL
0.051151765808594846,1.0,0.0,61.0,0.0,50.0,0.0,4973.170992920654,23.895712163891993,3378.0323268826523,28142.0,PortScan
29.52103872241565,31.0,12.0,9895.0,9644.0,382.0,957.0,629.2691555544974,8.056093957638417,295292.5992588632,443.0,NORMAL
0.9399175248706153,3.0,2.0,77.0,131.0,103.0,130.0,767.248136162195,4.851434511294995,154528.29874411385,53.0,NORMAL
13.038102443105032,23.0,39.0,1591.0,18402.0,1143.0,887.0,1590.8843633848674,1.542890003045224,645156.5761377113,443.0,NORMAL
25.48914948169865,23.0,14.0,4278.0,39195.0,610.0,1192.0,3028.3327669114774,6.685329931443069,362835.3188694438,80.0,NORMAL
0.7537536437651027,21.0,27.0,6738.0,1844.0,577.0,1377.0,361.3454088400859,12.189018263298872,130963.1846905895,80.0,NORMAL
1.7294932893379689,1265.0,0.0,165381.0,0.0,56.0,0.0,503721.7060500739,9290.723072930761,267.2242995837384,80.0,DoS
54.25062149409443,49.0,6.0,4012.0,7984.0,367.0,1053.0,1050.7970420866552,5.5208941260177244,1154017.9772806587,443.0,NORMAL
0.5664296678666223,2.0,3.0,35.0,150.0,55.0,175.0,3576.730149887297,4.371972526958057,353621.6039264416,53.0,NORMAL
33.06961880572533,28.0,15.0,5722.0,12991.0,633.0,321.0,295.7705488526909,2.7916196885392686,1903264.9500568092,443.0,NORMAL
8.161711425923304,40.0,12.0,5747.0,16182.0,1242.0,340.0,1789.2645083210448,9.62101687210134,1131425.1669595442,443.0,NORMAL
30.21543769656494,33.0,14.0,7889.0,17555.0,749.0,811.0,393.88307594303404,7.885044727500214,216665.73666117655,443.0,NORMAL
56.67333928988833,44.0,17.0,2864.0,17693.0,753.0,153.0,1412.3734990350408,1.4633773892565427,865528.2710871398,443.0,NORMAL
0.028951477671772675,3.0,1.0,181.0,288.0,81.0,100.0,3154.255405139886,6.856961259151142,37927.15041493069,53.0,NORMAL
39.5366046413457,35.0,36.0,7050.0,12095.0,352.0,275.0,751.5150227466751,8.698574874242409,1889098.7470500425,443.0,NORMAL
1.2914588751301674,5.0,22.0,13697.0,12164.0,1129.0,609.0,1645.4892872096507,1.326298135110006,604772.536127239,443.0,NORMAL
3.770992039728248,26.0,44.0,14418.0,8865.0,1083.0,764.0,562.6409924518458,5.424782812485703,1184752.0884207087,443.0,NORMAL
20.04847634018089,23.0,26.0,7048.0,32078.0,1396.0,1293.0,3069.073786163037,12.740718498770969,336645.227435974,80.0,NORMAL
0.06746377583881541,1.0,2.0,104.0,64.0,54.0,103.0,4505.790550210762,19.247634558355553,344267.73902065615,53.0,NORMAL
49.17936692882305,26.0,32.0,1329.0,17292.0,1190.0,827.0,1269.2707871127643,4.959554140760105,859596.720330272,443.0,NORMAL
1.0311516113620598,1.0,3.0,171.0,255.0,70.0,138.0,2090.4559044825137,8.358874763090377,418966.1225552329,53.0,NORMAL
1.791138132716993,2.0,1.0,140.0,168.0,50.0,178.0,3004.0260719905464,15.723172717833696,480415.90317984845,53.0,NORMAL
11.406832203867175,7.0,20.0,5979.0,18131.0,495.0,1392.0,1681.7082000606267,4.83484659701028,418624.91353335796,443.0,NORMAL
36.49167887868962,34.0,28.0,7395.0,6381.0,479.0,686.0,1850.5980651290854,3.327308534853548,769527.2423022841,443.0,NORMAL
46.658899688079224,34.0,45.0,9705.0,1529.0,1099.0,108.0,1858.358025329213,9.007018254647742,1493429.522793511,443.0,NORMAL
43.98094995253518,25.0,25.0,7516.0,11317.0,235.0,432.0,1191.947485448393,8.182732125797068,1928506.3331764252,443.0,NORMAL
39.74123334876469,25.0,42.0,9176.0,3693.0,826.0,316.0,1577.995704082993,4.0217788546342526,1099572.5917891464,443.0,NORMAL
1.8446013823565388,30.0,23.0,10032.0,4741.0,1316.0,926.0,277.2722388787819,4.969476885212789,513237.0473582174,443.0,NORMAL
1.2959184373711419,2.0,3.0,101.0,130.0,69.0,148.0,2776.7718465761304,16.21250026577719,231666.5383609805,53.0,NORMAL
0.8742242012581019,2.0,3.0,128.0,200.0,40.0,121.0,4166.545511059215,12.394541958044805,411368.4956531593,53.0,NORMAL
30.845308884157912,27.0,49.0,13970.0,14055.0,461.0,659.0,1470.7921219558257,7.3568176345191905,1164781.8690296607,443.0,NORMAL
1.4675193340993802,1.0,3.0,44.0,74.0,51.0,71.0,4001.3961771026834,2.9028410072831075,400482.3148141859,53.0,NORMAL
50.97658879205007,15.0,39.0,10827.0,10671.0,672.0,856.0,1892.6485364374612,9.201587656923941,627700.5822530886,443.0,NORMAL
20.992778310986346,35.0,22.0,10408.0,15072.0,843.0,455.0,659.9109723348126,3.0729423581088247,675500.3914373955,443.0,NORMAL
13.593555546937491,5.0,23.0,9072.0,43664.0,1356.0,799.0,4524.407740727917,12.138353503778735,419191.0151125184,80.0,NORMAL
1.294095717034269,3.0,3.0,161.0,264.0,70.0,123.0,1274.5030378675679,12.71041567748641,204018.22009987774,53.0,NORMAL
6.330944611005098,8.0,24.0,6147.0,7962.0,217.0,540.0,4279.459731930687,12.12944624309746,738805.7947101517,80.0,NORMAL
2.803424536800124,5.0,5.0,150.0,395.0,52.0,108.0,413.48239299165203,9.470851347958064,123220.05403953532,22.0,BruteForce
5.671722588694702,16.0,3.0,4789.0,16395.0,484.0,210.0,1695.1974489343193,14.239306688018088,322352.13818047993,80.0,NORMAL
0.9876138796016115,3.0,1.0,81.0,296.0,67.0,109.0,3817.0488138597625,7.305783098877756,321432.50331354176,53.0,NORMAL
34.018779547184856,30.0,33.0,12704.0,8226.0,733.0,1295.0,1176.54326332693,1.0703449735224075,1311716.7658668635,443.0,NORMAL
9.182224019972546,28.0,20.0,3634.0,48449.0,1256.0,1190.0,4112.588518523749,7.595481091290035,826945.0634496119,80.0,NORMAL
0.02129347457689035,1.0,3.0,184.0,149.0,44.0,116.0,2824.039573637383,16.66656067094226,294487.0205794879,53.0,NORMAL
46.56678511240272,31.0,11.0,6914.0,11255.0,531.0,337.0,1124.8945662315873,6.2361072961157955,1993986.0477262007,443.0,NORMAL
59.07972866150958,10.0,47.0,2892.0,1271.0,268.0,1318.0,1147.5413311282446,3.863625687039045,473171.3385332356,443.0,NORMAL
4.698687675690087,29.0,22.0,9243.0,12078.0,118.0,575.0,928.2755326931436,7.057750534369041,778747.2915718859,443.0,NORMAL
22.070148398729664,46.0,10.0,3072.0,1016.0,1241.0,151.0,1675.0221327002794,9.342051073673566,1702885.1983203173,443.0,NORMAL
46.42961963281804,41.0,32.0,11073.0,3570.0,337.0,1296.0,1251.6363388776576,1.4516245684136158,1651477.6985045518,443.0,NORMAL
20.386812258824484,9.0,17.0,3819.0,19586.0,1152.0,333.0,2412.1677033542665,13.93599959592309,394654.8898773848,80.0,NORMAL
14.025407154536863,8.0,43.0,6789.0,8635.0,486.0,768.0,882.1365139230996,5.83320854496654,1709965.0534718684,443.0,NORMAL
55.973469446536164,22.0,5.0,6614.0,1676.0,127.0,1363.0,1682.45117941618,2.7788035608424897,1757974.1433735648,443.0,NORMAL
1.4029323640881886,3.0,3.0,85.0,68.0,49.0,119.0,2037.8585480731388,7.843268945656224,255950.12001518885,53.0,NORMAL
1.7608274834576187,9.0,25.0,8012.0,25248.0,282.0,1165.0,350.2281298205654,9.784617284379676,539193.7324626892,80.0,NORMAL
0.6511669037128117,2.0,1.0,47.0,58.0,99.0,175.0,3123.7649424253273,16.17486045989685,82899.49450615922,53.0,NORMAL
0.7871898169816751,3.0,3.0,74.0,188.0,102.0,179.0,402.46230101964375,7.840998560308594,213437.77659015206,53.0,NORMAL
57.49989178581743,6.0,43.0,3000.0,5270.0,118.0,1244.0,245.54552588059929,3.507232595037427,1345677.7728454787,443.0,NORMAL
2.854321955517321,13.0,11.0,10434.0,19791.0,1100.0,1180.0,1356.1931124662767,7.860692348001411,1810294.0277505454,443.0,NORMAL
18.35291097162406,3.0,9.0,8948.0,39298.0,814.0,906.0,4362.313056630355,11.326062680120753,931512.1189339556,80.0,NORMAL
0.9873544507427633,3.0,3.0,95.0,95.0,65.0,126.0,834.7418392423258,18.409963002300103,392724.0730835541,53.0,NORMAL
1.808446479125562,3.0,2.0,95.0,238.0,68.0,61.0,884.6003193617082,5.11562150544006,351396.86427342927,53.0,NORMAL
1.4464014938125769,3.0,1.0,63.0,155.0,86.0,110.0,4449.755932233383,12.855285428909307,370072.33051751147,53.0,NORMAL
4.708169271930055,5.0,4.0,487.0,266.0,105.0,73.0,73.23715604356822,2.5183219262836323,395058.6444399041,21.0,BruteForce
18.240875597251968,28.0,22.0,10167.0,8282.0,1374.0,275.0,1270.0874793824212,1.6434652369121823,1391537.5165965066,443.0,NORMAL
29.348149547191767,6.0,15.0,5081.0,22790.0,889.0,975.0,4921.541699856768,1.244907892000731,182281.60276687724,80.0,NORMAL
0.26128901667249965,2.0,1.0,165.0,272.0,110.0,150.0,4067.271886469682,11.084518118717316,75387.32941726813,53.0,NORMAL
42.10239860873664,49.0,40.0,6084.0,1045.0,238.0,867.0,562.5670797667954,3.448135067778349,466837.32021378947,443.0,NORMAL
22.95439732866752,23.0,22.0,2148.0,23366.0,395.0,961.0,4086.957200351731,11.6719645083127,825113.6646719672,80.0,NORMAL
0.218705007814512,1.0,2.0,137.0,290.0,82.0,162.0,955.3178000439556,12.667983121585682,234393.21403943386,53.0,NORMAL
13.144631392169327,23.0,23.0,12823.0,19433.0,789.0,749.0,187.46295866926528,9.834794918345072,450531.78252193565,443.0,NORMAL
1.2910405992538416,2.0,2.0,30.0,154.0,71.0,115.0,4918.6814087714965,17.50926803412807,396651.2814862888,53.0,NORMAL
13.32408071630466,8.0,17.0,11613.0,16496.0,1309.0,1184.0,1339.0106287155836,9.245832030528309,1670351.2672633834,443.0,NORMAL
38.47052540119098,17.0,18.0,10632.0,11502.0,709.0,490.0,1289.972080070345,2.9751776340425096,395126.9379045573,443.0,NORMAL
0.1986024915688283,2.0,1.0,102.0,94.0,74.0,176.0,4930.273734843516,17.46516169005886,319049.6983593454,53.0,NORMAL
30.851516556360966,28.0,36.0,8128.0,5942.0,909.0,1149.0,1454.23070391387,2.8526381119337274,1828754.6607528494,443.0,NORMAL
51.488498275441394,6.0,47.0,10705.0,13818.0,1276.0,906.0,267.64521804270544,6.828741662080605,1745639.5122789235,443.0,NORMAL
0.1270306819462369,3.0,2.0,94.0,271.0,95.0,133.0,4649.307540873939,15.599577614292556,221106.4046350934,53.0,NORMAL
16.21626679565145,46.0,47.0,1253.0,2032.0,1279.0,805.0,706.9019875569885,7.547222638031894,1591271.8280486362,443.0,NORMAL
47.01087831391747,49.0,42.0,3723.0,10023.0,429.0,457.0,861.5436441999244,6.743525396850438,801358.2251318565,443.0,NORMAL
19.968246373625036,45.0,18.0,13990.0,5697.0,222.0,840.0,1582.1157541145196,2.810091948494426,582576.1534895413,443.0,NORMAL
6.115237364156629,13.0,29.0,1304.0,29410.0,111.0,219.0,3565.74327957306,2.5901829963554066,620324.6365776819,80.0,NORMAL
38.61589080995758,48.0,21.0,6323.0,10196.0,927.0,288.0,565.6841433044087,8.82588064150508,1323589.4984229768,443.0,NORMAL
23.117364191898538,44.0,37.0,5262.0,10675.0,660.0,215.0,1127.459642371939,9.491829593773442,118786.9435321494,443.0,NORMAL
1.5614460605114249,1.0,3.0,130.0,261.0,94.0,155.0,1017.4669811344689,16.911314833612554,263274.57459097484,53.0,NORMAL
13.688574378994442,28.0,6.0,3294.0,7342.0,535.0,687.0,3211.48008271593,5.249314457801332,842953.5048230772,80.0,NORMAL
0.14605804982807377,2.0,1.0,188.0,256.0,67.0,139.0,2760.792171417841,11.625315217136594,168076.8669190009,53.0,NORMAL
16.137204238380463,42.0,13.0,2389.0,6283.0,1295.0,903.0,1033.191031189856,9.428353105120355,1398648.3934861182,443.0,NORMAL
0.3219869193844917,3.0,3.0,182.0,261.0,89.0,157.0,1614.535560322394,1.5726541703645007,258390.78018720323,53.0,NORMAL
17.207951194947523,17.0,11.0,6843.0,1335.0,1075.0,1093.0,2393.497111620346,14.60668902836826,437838.210297981,80.0,NORMAL
33.60971746739417,48.0,10.0,8699.0,14582.0,688.0,505.0,1137.3888573036525,5.2712607500381665,253179.80913398816,443.0,NORMAL
10.413136126678111,21.0,38.0,1958.0,10335.0,1284.0,548.0,216.67250796813119,1.8167142319329168,539761.0255073167,443.0,NORMAL
45.93555730439434,47.0,38.0,3496.0,16419.0,666.0,1147.0,850.7372810716779,8.239629538140147,1752570.219208692,443.0,NORMAL
51.532900630111016,43.0,42.0,5175.0,15730.0,166.0,863.0,664.4728406826096,4.834308745539798,963556.8418669439,443.0,NORMAL
33.23938864859299,39.0,30.0,3416.0,11531.0,982.0,428.0,1992.6865020072594,2.4464286725718667,1075448.7360115903,443.0,NORMAL
47.042191290687846,34.0,27.0,8849.0,1386.0,692.0,799.0,230.82932145432892,9.244242927009964,691352.2890429959,443.0,NORMAL
24.198516860647413,34.0,15.0,9112.0,16827.0,1075.0,1234.0,1838.6058865746934,7.157623572368467,1442322.7065137278,443.0,NORMAL
18.139765834613804,23.0,14.0,1839.0,5766.0,1248.0,732.0,169.78355892123955,4.4588711707920075,1168694.1657044867,443.0,NORMAL
0.699532790145436,3.0,2.0,135.0,69.0,64.0,163.0,3849.538164337004,16.92852594701547,413092.2050210317,53.0,NORMAL
40.329428263750536,16.0,47.0,2786.0,10461.0,1391.0,844.0,1791.2970888894492,6.214183053261943,1904935.567372401,443.0,NORMAL
1.3882494029465473,2.0,1.0,42.0,152.0,73.0,104.0,1323.0865982948774,16.18158168660469,79500.04644766114,53.0,NORMAL
10.72407412803679,13.0,12.0,10030.0,11000.0,533.0,407.0,1981.3771318784786,8.699772643970032,1965132.864947707,443.0,NORMAL
30.66050301545627,9.0,19.0,8978.0,5841.0,232.0,962.0,1504.6502946182302,7.969792323996133,1545357.792952362,443.0,NORMAL
5.9465420277843775,18.0,16.0,9334.0,49804.0,1178.0,1386.0,2190.980697474799,14.479763279444246,188924.2054984418,80.0,NORMAL
19.34795698122407,31.0,43.0,12351.0,8394.0,472.0,529.0,755.4674068221689,6.972972968015316,1079031.2858129623,443.0,NORMAL
17.651037426336085,28.0,27.0,3614.0,41401.0,826.0,139.0,4753.532366849388,14.62458795801128,380828.3578929797,80.0,NORMAL
2.6896649770002647,13.0,21.0,7245.0,43775.0,1275.0,321.0,3513.905541981421,2.7369712604563516,610093.343473199,80.0,NORMAL
8.708488285584313,48.0,38.0,1976.0,19822.0,118.0,464.0,1923.4277210469083,2.6583564395331805,1223811.7835413755,443.0,NORMAL
0.24848107653416748,1.0,0.0,70.0,0.0,61.0,0.0,3563.7723936364396,83.55236629564642,2326.133946324594,55765.0,PortScan
1.1102049708783877,1.0,3.0,47.0,54.0,47.0,101.0,2456.5529153369216,19.18015800312878,180697.05777027944,53.0,NORMAL
32.96058393219023,46.0,35.0,11259.0,16715.0,630.0,706.0,492.91309607945226,9.84731791616537,1491292.6367660675,443.0,NORMAL
57.10478707565036,40.0,47.0,11334.0,18032.0,465.0,1069.0,1458.253780287032,8.72296309562265,990492.9855543671,443.0,NORMAL
33.6743322020302,12.0,7.0,8641.0,18669.0,582.0,582.0,1754.7492556148075,0.8239296858341556,877151.5297378318,443.0,NORMAL
1.2083782454322387,1.0,2.0,135.0,252.0,91.0,178.0,3052.6394648034006,11.092415775032636,202728.9124357738,53.0,NORMAL
10.855002819432439,16.0,41.0,12144.0,5297.0,985.0,1076.0,661.5497474069134,6.153612742833737,903326.597652755,443.0,NORMAL
0.9184809773049797,3680.0,0.0,46991.0,0.0,43.0,0.0,998304.6831402528,3874.098160249261,369.5759886324523,443.0,DoS
47.77841072299652,20.0,14.0,4046.0,19548.0,1078.0,572.0,1887.4187738475655,9.242716474045968,1268677.395161363,443.0,NORMAL
0.10412797076046826,1.0,0.0,70.0,0.0,72.0,0.0,2811.2407400462926,93.8188852860418,5571.665739622804,49386.0,PortScan
0.2965254929636446,4595.0,0.0,60187.0,0.0,59.0,0.0,999246.3509375757,9807.47315739342,89.41135518797851,80.0,DoS
53.2855510474394,26.0,19.0,13445.0,17392.0,176.0,980.0,227.73440758453995,0.5572093834998605,1927506.2686009854,443.0,NORMAL
2.4081509132526824,5.0,4.0,319.0,243.0,112.0,62.0,389.91926363429116,4.268215820493196,143049.0641665558,22.0,BruteForce
26.613700707399396,6.0,11.0,5890.0,16219.0,1033.0,873.0,4273.50759808855,12.521088974304918,441488.7920093796,80.0,NORMAL
12.0045921135914,9.0,14.0,7604.0,8292.0,717.0,1000.0,1262.8894513497357,6.4992415133982275,570334.1453342873,443.0,NORMAL
0.5996611555096175,2.0,1.0,112.0,101.0,67.0,64.0,4776.55845044453,11.155831060364342,482541.3129123716,53.0,NORMAL
11.909155385270859,9.0,6.0,7701.0,46528.0,262.0,311.0,3311.416116747429,10.813486278922834,158200.39851498517,80.0,NORMAL
1.2236177792178031,2500.0,0.0,73901.0,0.0,51.0,0.0,358000.4091321744,3940.562493213485,437.04051819946153,22.0,DoS
57.81268563901721,7.0,22.0,14071.0,14119.0,1105.0,1347.0,896.5501888449843,2.8762725929178203,1276279.4401678438,443.0,NORMAL
0.7448449576815277,1.0,1.0,128.0,163.0,106.0,161.0,4847.246267798338,4.284634410988222,267875.3388307132,53.0,NORMAL
19.682340868997215,24.0,25.0,5271.0,31410.0,719.0,511.0,270.3817377643709,11.21734696916119,527915.3186170917,80.0,NORMAL
23.608336288157446,21.0,22.0,7839.0,2023.0,820.0,310.0,3707.9625114531786,3.9007951784428676,364154.00596751977,80.0,NORMAL
10.29249444129875,10.0,13.0,8696.0,8415.0,706.0,284.0,371.82936785922925,4.373298411342336,761629.231100754,80.0,NORMAL
15.674142082670164,46.0,48.0,5942.0,15896.0,862.0,1117.0,442.72156086263556,4.982808574327264,820558.127547929,443.0,NORMAL
0.7368583715244929,1387.0,0.0,164427.0,0.0,49.0,0.0,277867.0043339301,4087.9987489200366,445.3047020985363,22.0,DoS
0.6810346179274258,1547.0,0.0,147093.0,0.0,43.0,0.0,524728.8390353252,8159.089529765708,375.8076349794959,80.0,DoS
0.8047468061592035,2.0,1.0,152.0,178.0,118.0,149.0,2240.999788709548,16.805503681652738,259690.8635047602,53.0,NORMAL
48.0559869375941,13.0,22.0,10046.0,11774.0,132.0,328.0,447.01405383341705,4.341573906804333,111099.04023086948,443.0,NORMAL
1.2314599284937409,1.0,1.0,136.0,103.0,104.0,155.0,3745.7597515864463,13.773712134873023,23809.938183238835,53.0,NORMAL
8.788713232290904,13.0,3.0,4291.0,33696.0,1129.0,823.0,3742.845309126652,11.846283013047099,477483.29132575216,80.0,NORMAL
0.38050660757236704,1.0,0.0,67.0,0.0,45.0,0.0,2673.570454772525,56.15650513905575,4667.052370644249,62333.0,PortScan
24.95567870036169,13.0,11.0,9801.0,28046.0,744.0,1355.0,1227.5219029742543,3.4443960601234007,684834.450494669,80.0,NORMAL
0.18657572888744042,4632.0,0.0,66531.0,0.0,57.0,0.0,945384.2059980296,5457.138402275976,459.56282704637584,22.0,DoS
19.39996761709611,43.0,37.0,11571.0,7037.0,747.0,1074.0,1861.187259285875,6.9721460379905995,1298210.8490225628,443.0,NORMAL
1.5332696756782385,46.0,17.0,12805.0,16701.0,1190.0,1080.0,611.1637426742307,2.0678546399407924,1902833.335337824,443.0,NORMAL
0.6623239275977981,3.0,3.0,131.0,113.0,65.0,118.0,4976.639004973862,13.991572389425176,163925.4232934484,53.0,NORMAL
1.6325456507882568,2.0,1.0,52.0,138.0,100.0,118.0,4005.0108382400617,7.530896936446853,491580.6845126659,53.0,NORMAL
14.975362979494442,49.0,32.0,12803.0,13069.0,1197.0,1281.0,299.3183340636915,8.234699518055116,1252934.8857446236,443.0,NORMAL
40.44578615665193,34.0,25.0,11098.0,14709.0,784.0,1337.0,435.21072354456265,7.200684559707361,749007.7993502121,443.0,NORMAL
0.6600013819591765,3.0,2.0,151.0,208.0,96.0,61.0,2817.150679509569,2.719162209220724,134559.736849054,53.0,NORMAL
27.523523123740624,3.0,4.0,7956.0,32059.0,731.0,339.0,3962.7876467200613,9.081791748958304,412908.46951998747,80.0,NORMAL
0.7839066829738778,1.0,3.0,163.0,246.0,70.0,136.0,787.5297127762541,12.630320388284224,329612.13782229915,53.0,NORMAL
0.5682885763425608,3.0,3.0,64.0,127.0,102.0,146.0,2596.813996488106,3.892148960731689,478489.47169186623,53.0,NORMAL
7.289296934892536,31.0,46.0,14187.0,14288.0,703.0,1259.0,1256.133064470872,7.1431105556862065,1345312.2520958977,443.0,NORMAL
52.50380431670809,28.0,30.0,1716.0,9656.0,416.0,1298.0,600.6184165715158,0.8204360208483303,1659182.2831379918,443.0,NORMAL
41.29739963156506,11.0,21.0,11976.0,4626.0,1311.0,475.0,1251.305328714651,1.2240747377279582,472435.42607923044,443.0,NORMAL
0.4505534944496878,1.0,0.0,72.0,0.0,59.0,0.0,4629.311518329814,36.702668499312466,1931.012094801362,4004.0,PortScan
13.385957424000154,7.0,15.0,1974.0,39732.0,676.0,404.0,591.5510953803517,7.831102668820307,849931.2592329851,80.0,NORMAL
35.124828103378135,10.0,44.0,3939.0,19799.0,376.0,946.0,1534.36098961162,6.476661083720495,264649.0702489253,443.0,NORMAL
47.91598549135352,18.0,5.0,9643.0,3019.0,296.0,736.0,1037.2578030691154,5.092956111071835,150600.2051367995,443.0,NORMAL
42.14779576756356,27.0,30.0,13993.0,11169.0,1249.0,828.0,847.0363600164408,8.638591131602363,1794493.0689550869,443.0,NORMAL
1.6877262553171144,2.0,1.0,42.0,149.0,46.0,111.0,2939.651091265411,10.295295650542068,134789.10141808842,53.0,NORMAL
0.9095745925746981,4477.0,0.0,158418.0,0.0,55.0,0.0,747665.7351435424,8813.94678075858,382.46595630098716,22.0,DoS
38.40633648287707,20.0,33.0,10884.0,11236.0,807.0,629.0,1720.0012422659258,2.884558698356546,797255.1094532551,443.0,NORMAL
49.02424590085511,7.0,49.0,3507.0,15133.0,1380.0,802.0,1996.027711401544,4.108007484040575,1491188.6347767643,443.0,NORMAL
44.16378178356458,44.0,5.0,7609.0,16123.0,565.0,1027.0,1178.9920417802698,4.056636454788878,971593.3215598097,443.0,NORMAL
1.236793448875608,3.0,2.0,113.0,79.0,52.0,74.0,4464.751849935779,1.4669325798759967,49812.295018080906,53.0,NORMAL
27.99805704179037,3.0,16.0,1607.0,35829.0,943.0,1272.0,3525.9281154428395,9.095796028644822,549607.1921040354,80.0,NORMAL
56.64147442693775,48.0,40.0,8565.0,19300.0,1183.0,560.0,726.8670396007021,3.41847967482031,1085782.0841116924,443.0,NORMAL
0.2644557340009582,1.0,0.0,42.0,0.0,61.0,0.0,2429.230791664051,77.95717236516843,8468.696815334442,1328.0,PortScan
0.4344409667183726,1.0,1.0,66.0,79.0,81.0,128.0,2917.7694956135424,12.613279788914788,138627.38591815042,53.0,NORMAL
0.5895860164185227,3.0,1.0,183.0,87.0,72.0,110.0,3815.301374526673,17.33230417484101,206994.13271883328,53.0,NORMAL
8.355098190992745,36.0,33.0,8041.0,11787.0,617.0,1117.0,544.9205037736206,2.6709889032140715,866378.2463019626,443.0,NORMAL
33.019068906336656,11.0,22.0,1976.0,2164.0,722.0,861.0,1205.6807065886633,7.37872600700883,388502.5467260237,443.0,NORMAL
57.94200308972669,28.0,25.0,2285.0,9619.0,1386.0,951.0,1317.3933826841464,4.082290151907387,548452.4498663679,443.0,NORMAL
0.06346437916968815,2.0,1.0,156.0,165.0,90.0,141.0,2774.850728904394,10.47680571180085,156757.80230973364,53.0,NORMAL
0.3217770702211271,1.0,1.0,185.0,269.0,75.0,143.0,910.6442044673795,12.453468210866166,10634.98115677124,53.0,NORMAL
1.7040320499351884,1.0,1.0,74.0,237.0,101.0,122.0,2908.7057497704504,3.066795874419661,104776.29628843964,53.0,NORMAL
1.189877552652442,14.0,15.0,3470.0,14392.0,605.0,575.0,374.99257334233727,3.918841117171426,1343577.4868100227,443.0,NORMAL
13.597170612329643,9.0,16.0,2421.0,19862.0,1125.0,777.0,1186.5638612948082,7.146166301768482,302799.69582773524,443.0,NORMAL
16.300758941708573,42.0,45.0,12183.0,15717.0,662.0,1023.0,465.71345876380116,9.223166529117766,1233737.5490571263,443.0,NORMAL
57.904122580147884,49.0,28.0,6397.0,11954.0,687.0,981.0,1237.1564866981919,3.34369634329897,460040.4407957202,443.0,NORMAL
10.855472566156042,35.0,43.0,2116.0,15557.0,995.0,684.0,922.142253572537,5.570164223177241,1616742.0256321325,443.0,NORMAL
0.19028286743765757,3.0,3.0,140.0,285.0,52.0,103.0,1312.3896003193788,8.873821348317952,80552.94079380973,53.0,NORMAL
3.6813364401460142,42.0,10.0,3397.0,7840.0,1023.0,1316.0,1102.1379865597792,4.267496332459984,1410533.817857723,443.0,NORMAL
1.0902065505355696,2.0,2.0,140.0,269.0,53.0,88.0,919.1054830298148,1.389414430804577,374083.3494727018,53.0,NORMAL
0.7761339759943583,2.0,2.0,191.0,220.0,109.0,90.0,3200.2571474271276,11.187176141804203,108228.88606652766,53.0,NORMAL
1.4638701810653778,3.0,2.0,130.0,149.0,63.0,69.0,1710.9504113153416,12.556317868470686,185264.23388024102,53.0,NORMAL
0.7234591358176635,2.0,1.0,116.0,179.0,106.0,71.0,4719.216698809709,9.71957524847273,484338.3860274627,53.0,NORMAL
29.758440696721305,43.0,48.0,8126.0,15047.0,123.0,687.0,143.8002885458992,1.1677323332842273,578686.4035773156,443.0,NORMAL
39.951645226346145,12.0,12.0,2782.0,15903.0,577.0,222.0,111.2736438175073,8.69874663064167,692586.6000084006,443.0,NORMAL
57.853578648265916,16.0,24.0,4019.0,3058.0,428.0,724.0,1653.960720821898,5.395306657498733,1576060.433215761,443.0,NORMAL
20.555960704551932,21.0,20.0,7951.0,45429.0,740.0,1339.0,2201.140387389972,5.897986413658372,203806.09331696437,80.0,NORMAL
23.68616833104394,8.0,38.0,13955.0,1533.0,1012.0,491.0,1684.613134839433,5.1517306497811335,965890.8784321679,443.0,NORMAL
25.294166953486002,44.0,31.0,8644.0,10236.0,791.0,433.0,525.4254499281172,8.399769537724987,1360319.1299751683,443.0,NORMAL
1.4712035364129743,3.0,3.0,66.0,281.0,82.0,123.0,1854.7432171616358,1.2637895341350946,288133.911456786,53.0,NORMAL
50.5518168691365,16.0,14.0,1442.0,18509.0,305.0,223.0,1288.7717268573222,9.22145191387376,685690.1800591685,443.0,NORMAL
30.655588493206334,42.0,24.0,7005.0,14397.0,509.0,819.0,1095.4321857383547,3.9984722631857643,172863.19675827387,443.0,NORMAL
21.17045779628248,6.0,30.0,9741.0,15035.0,784.0,100.0,1504.7387722024016,3.469512459167727,1213218.0476923333,443.0,NORMAL
0.6993938647739033,4395.0,0.0,183385.0,0.0,45.0,0.0,118586.66498035305,9608.100404222114,407.126799673586,443.0,DoS
0.5463178521891008,1.0,1.0,134.0,236.0,116.0,109.0,439.87969123441053,1.4840520991196788,369436.9996030392,53.0,NORMAL
59.06092468275841,49.0,39.0,4088.0,8897.0,466.0,827.0,821.2279232626357,1.616887169495664,863075.2907505505,443.0,NORMAL
5.332975183534266,24.0,19.0,7370.0,41687.0,1348.0,358.0,1980.7699683960268,7.594450067314865,718676.4033045756,80.0,NORMAL
0.13342153219318933,1.0,1.0,95.0,149.0,115.0,69.0,3177.512996455923,10.117550142095258,257709.74993829936,53.0,NORMAL
43.08144244615671,6.0,46.0,14787.0,12268.0,862.0,1284.0,611.9331324213742,0.5771286668514511,1257851.9505212572,443.0,NORMAL
1.0006864505666022,6.0,12.0,3340.0,4830.0,740.0,1026.0,363.99727829122196,9.163701508700644,1285908.666224963,443.0,NORMAL
10.229785517594078,23.0,43.0,7437.0,19664.0,395.0,124.0,1887.9376631247449,2.804766661057796,1723898.09537645,443.0,NORMAL
1.4655296752492513,1.0,2.0,35.0,201.0,89.0,172.0,2590.017458266207,2.0782327129003892,364330.77510820015,53.0,NORMAL
0.7746492242585229,4020.0,0.0,21314.0,0.0,45.0,0.0,824407.6530141708,5672.7666686166085,307.4282739747484,22.0,DoS
0.04917929222857514,1.0,0.0,46.0,0.0,60.0,0.0,2001.634848192316,38.60541948790168,2985.2268801589053,64078.0,PortScan
14.586886543404242,6.0,7.0,7326.0,11020.0,1226.0,1256.0,3006.2572052023056,10.71223739559562,594462.9433774663,80.0,NORMAL
21.984690271431997,40.0,13.0,1565.0,19280.0,551.0,384.0,923.307031442504,8.515077832661635,277636.7221434185,443.0,NORMAL
1.0747102490896674,2831.0,0.0,112764.0,0.0,51.0,0.0,160531.56499706232,1968.2894253689497,354.77512890866655,22.0,DoS
1.714703733737267,26.0,21.0,2026.0,33513.0,473.0,1316.0,863.5847269851092,7.240128140728262,349284.0777006885,80.0,NORMAL
1.9783017911392762,2.0,3.0,133.0,74.0,107.0,170.0,4821.97550587149,14.589704666924957,412704.8635558264,53.0,NORMAL
0.2693257314850361,1.0,0.0,59.0,0.0,49.0,0.0,405.48334710599687,17.601697764412663,8202.185378613973,57076.0,PortScan
1.6677471644431108,4471.0,0.0,117220.0,0.0,59.0,0.0,358522.5226359786,7723.7281616820965,442.531324862168,443.0,DoS
0.6144422470333976,3.0,2.0,135.0,285.0,105.0,68.0,2633.5499786952464,13.022825889844114,259132.94793393428,53.0,NORMAL
47.65266672549885,48.0,43.0,6383.0,5090.0,366.0,398.0,782.4280360626705,6.026060555102962,253161.44808581338,443.0,NORMAL
1.2185449914868043,1.0,1.0,190.0,110.0,85.0,132.0,831.253661123243,3.0625452492735734,153951.92880966,53.0,NORMAL
0.20729647986357258,1.0,0.0,46.0,0.0,46.0,0.0,472.2696394383378,80.10699842744596,5233.108239427943,45224.0,PortScan
1.0770562504259835,2.0,1.0,78.0,78.0,97.0,159.0,1294.0307888656725,10.298017180106902,223303.64801784142,53.0,NORMAL
25.155312237204082,36.0,29.0,14484.0,9352.0,526.0,1310.0,1530.8641494385256,1.0189497432816035,684255.2714805172,443.0,NORMAL
26.577241811999553,9.0,16.0,9993.0,13469.0,1330.0,893.0,4151.049859830244,14.584276716293028,360193.05543641566,80.0,NORMAL
1.1277291880894993,2.0,1.0,111.0,258.0,105.0,64.0,924.0659138228466,3.3820434061704834,336673.0237145396,53.0,NORMAL
1.508668362745551,1.0,2.0,100.0,239.0,99.0,76.0,2654.311878304946,1.8098143849263715,392082.3438517295,53.0,NORMAL
41.5088048960638,33.0,17.0,7170.0,5288.0,335.0,1391.0,1952.8655810359005,2.523171775013625,798470.336257532,443.0,NORMAL
20.482688827418354,45.0,12.0,13596.0,9509.0,1005.0,1223.0,205.22035488112004,3.2671266722562318,1625787.6404637597,443.0,NORMAL
12.946353049749007,17.0,37.0,7869.0,4097.0,1062.0,1316.0,1226.0883252361164,8.434846014412265,965354.3248162663,443.0,NORMAL
1.816645553475261,1.0,1.0,125.0,229.0,97.0,164.0,1177.9813246112187,18.458266069589243,266220.5510317444,53.0,NORMAL
0.0875058412099613,2.0,1.0,109.0,268.0,66.0,178.0,2863.2831897139026,4.494348998659686,136045.64429157594,53.0,NORMAL
1.6216226592826644,3.0,3.0,182.0,192.0,118.0,102.0,903.6961409168185,12.162231204424792,171187.58969425288,53.0,NORMAL
0.7850078451989281,1.0,2.0,64.0,96.0,99.0,160.0,1053.1262678717972,8.339875448192664,223608.10334304717,53.0,NORMAL
23.871279521883178,44.0,41.0,8013.0,3415.0,1102.0,759.0,882.6529929989091,8.164710995606683,837601.0893218938,443.0,NORMAL
52.009252961837525,10.0,5.0,3593.0,4076.0,979.0,373.0,965.7989663525012,2.172916562540861,983583.8917607531,443.0,NORMAL
36.14268569586281,44.0,26.0,12616.0,11402.0,230.0,897.0,1184.4607135132126,3.4801275616640748,1009261.55865267,443.0,NORMAL
1.9045283115674503,2.0,1.0,186.0,118.0,57.0,69.0,4872.902560428716,15.769903057936459,146484.91152508635,53.0,NORMAL
14.54665749331283,10.0,13.0,4658.0,35528.0,1045.0,1149.0,1412.5085056688213,12.700816651480794,305817.046494121,80.0,NORMAL
1.3397609693891726,45.0,26.0,9620.0,9756.0,1369.0,1259.0,1712.6002859270304,4.944407224031552,1401839.2985424176,443.0,NORMAL
44.70534844749806,37.0,8.0,4139.0,1666.0,1216.0,519.0,865.6995422018441,2.442578527380506,1201685.04397369,443.0,NORMAL
1.3836081652301198,1.0,2.0,47.0,184.0,94.0,145.0,564.3863545969222,13.107666390254899,409826.3328112666,53.0,NORMAL
0.9121256479215948,1.0,3.0,196.0,261.0,67.0,76.0,367.18359097541617,7.50839802567271,393112.5179347028,53.0,NORMAL
1.134235165144695,3203.0,0.0,61818.0,0.0,52.0,0.0,959331.0989860358,7818.951652641509,47.90816734874601,22.0,DoS
0.09589417331004518,1.0,0.0,47.0,0.0,79.0,0.0,4537.877570642335,73.11857611492064,5744.338774434305,21841.0,PortScan
56.88971703709711,39.0,23.0,5018.0,19226.0,820.0,1281.0,1020.2994875510502,6.26291139219103,122759.50999331224,443.0,NORMAL
5.067202078817305,27.0,3.0,4871.0,41289.0,403.0,1346.0,4397.378056288197,13.692869924242416,554682.7109279503,80.0,NORMAL
18.172344142679194,14.0,18.0,2456.0,45438.0,1214.0,1270.0,3278.8136628043567,8.415397156111732,620111.813423208,80.0,NORMAL
13.986529729060429,7.0,21.0,4095.0,36727.0,847.0,360.0,842.1623520847703,10.262305269361349,180220.70018323034,80.0,NORMAL
35.254712666404565,29.0,18.0,1419.0,6506.0,1047.0,1268.0,457.29263097912633,1.9211021776769373,1579105.97532085,443.0,NORMAL
11.727673065218937,31.0,16.0,4988.0,3243.0,898.0,731.0,335.14526555962095,9.973733180082075,1552581.4659686505,443.0,NORMAL
3.978556228872369,9.0,7.0,369.0,237.0,133.0,110.0,179.83400414565833,2.4284809379867927,258953.0972016867,21.0,BruteForce
59.69433834399111,25.0,27.0,3667.0,1400.0,596.0,1129.0,1674.6403401123448,7.79569121682505,1092619.4947949992,443.0,NORMAL
0.38000944501971157,3.0,1.0,55.0,52.0,111.0,171.0,735.0534464420723,5.07814251721471,416469.33219741785,53.0,NORMAL
26.123755401951183,23.0,9.0,5080.0,5042.0,515.0,687.0,3933.702619743911,6.846081649564385,398843.872999102,80.0,NORMAL
36.465785692849316,20.0,44.0,14375.0,8730.0,583.0,516.0,1519.251748904864,7.970457397722925,1346733.6988361923,443.0,NORMAL
0.49719059576131447,1.0,0.0,69.0,0.0,64.0,0.0,4875.773205645817,2.039008289331502,7732.651452655125,1827.0,PortScan
38.56351124786523,45.0,10.0,11086.0,12062.0,368.0,502.0,1947.992708653196,2.7261520236770753,1313282.5783281627,443.0,NORMAL
1.8492158291555962,5.0,39.0,3837.0,5162.0,1291.0,329.0,1811.5902625364147,1.6863914757861385,1774574.956580924,443.0,NORMAL
1.088000959499099,3.0,2.0,71.0,252.0,113.0,96.0,2922.825437956693,10.02517104887363,106199.14422233964,53.0,NORMAL
2.1005627817065045,14.0,5.0,2501.0,23629.0,912.0,1178.0,1490.6967089646496,8.516930391718677,618897.9768270648,80.0,NORMAL
10.09433478650642,3.0,23.0,6386.0,11740.0,482.0,121.0,4509.831990020591,14.125592025510118,962466.4000543113,80.0,NORMAL
14.668364397233502,8.0,18.0,7294.0,33231.0,950.0,1029.0,1474.4051176039313,12.512771880445534,315116.4028934031,80.0,NORMAL
5.498113860440304,24.0,11.0,5666.0,16480.0,358.0,1340.0,645.3003402500428,4.065424499270675,1907654.216895744,443.0,NORMAL
25.0474683058552,27.0,16.0,14255.0,4685.0,759.0,582.0,1128.7983720848656,7.890461376860546,1431722.699845963,443.0,NORMAL
43.1232053178888,16.0,26.0,13964.0,2617.0,962.0,657.0,575.9530340809363,7.331026278880227,143359.38702820987,443.0,NORMAL
0.5413943520657754,1.0,1.0,112.0,56.0,116.0,89.0,3994.5003928132746,6.851980279787941,313449.0918002274,53.0,NORMAL
0.3449364663962794,4396.0,0.0,95185.0,0.0,40.0,0.0,507673.2260275485,1115.0033197047742,75.1978368554995,443.0,DoS
6.7722154784090876,17.0,43.0,5428.0,14412.0,549.0,748.0,1267.3251155378318,2.427795914168888,868219.6334140097,443.0,NORMAL
18.932837673202705,9.0,46.0,9846.0,9437.0,312.0,771.0,541.9278380539422,1.6708395863777608,1695589.6676730418,443.0,NORMAL
1.1132255646047047,1.0,2.0,52.0,87.0,44.0,97.0,3696.7507578493437,12.402237439394561,336989.82001396513,53.0,NORMAL
52.49108477859151,39.0,35.0,3347.0,15051.0,968.0,844.0,505.55373126475763,6.301099633001887,651487.6168281352,443.0,NORMAL
1.3426057333841837,3.0,1.0,75.0,286.0,112.0,114.0,4827.603004279243,8.37021392852392,68282.52304422428,53.0,NORMAL
47.64007786221821,38.0,35.0,10563.0,9808.0,1169.0,707.0,579.2545162462093,3.6607600283575525,807719.6617578064,443.0,NORMAL
0.6655751292931376,2.0,3.0,82.0,172.0,108.0,162.0,535.8660457063911,2.1826353634031537,368079.92697974277,53.0,NORMAL
42.84992887988396,16.0,19.0,9093.0,7470.0,1053.0,869.0,1558.707538720147,1.6828969539193939,1283927.0273799007,443.0,NORMAL
25.516892567087837,23.0,23.0,9740.0,29486.0,331.0,1243.0,2344.8190896772335,12.426059234267601,830790.6512976317,80.0,NORMAL
22.857854064691537,5.0,20.0,13664.0,6265.0,873.0,974.0,483.9601984571338,8.833431768893046,640000.1151462205,443.0,NORMAL
0.5477560546830719,1.0,3.0,137.0,77.0,82.0,134.0,2862.055716303757,15.809590316020701,499387.2607131877,53.0,NORMAL
0.20062655971217194,1831.0,0.0,34611.0,0.0,40.0,0.0,714604.2014500077,8093.91438842286,493.7507559639894,80.0,DoS
1.6964407695407444,4.0,3.0,362.0,170.0,103.0,90.0,428.84425692100564,2.6469176307304405,53420.719911350054,22.0,BruteForce
4.8999572612517905,20.0,15.0,4198.0,27798.0,338.0,934.0,4978.203639831505,2.698261311209991,620211.1293825009,80.0,NORMAL
45.89845484165754,12.0,43.0,12088.0,16155.0,267.0,243.0,416.0891761922715,0.6018666274966584,707521.9623304718,443.0,NORMAL
43.14527150836486,32.0,14.0,8887.0,19066.0,272.0,1388.0,550.6692671544774,7.360791818518908,1564829.7465222164,443.0,NORMAL
13.112059107205853,11.0,29.0,9258.0,46821.0,866.0,261.0,1594.5695817902629,11.505742433860416,268158.41702446924,80.0,NORMAL
7.446588408267663,38.0,15.0,14476.0,10678.0,894.0,265.0,1888.918867473136,4.460262941962155,626280.5853912823,443.0,NORMAL
13.546018205894672,18.0,36.0,14336.0,1157.0,417.0,1054.0,1462.8683882063153,2.387276034127521,1019036.8557988285,443.0,NORMAL
18.495599295971658,30.0,16.0,3729.0,19510.0,1187.0,664.0,532.6275555090692,2.0612357116685436,1572901.5027449254,443.0,NORMAL
27.85798879582627,14.0,37.0,5760.0,10543.0,726.0,526.0,1692.958268124715,9.67447016174418,493852.2228288893,443.0,NORMAL
43.83138505334412,43.0,48.0,3620.0,10630.0,899.0,941.0,1299.2309876171132,2.5359284905374007,1215496.374619771,443.0,NORMAL
0.2471289277377997,3.0,1.0,35.0,168.0,87.0,109.0,4517.773449835902,3.2315002502837835,284841.9415035666,53.0,NORMAL
47.05100539938785,27.0,25.0,8953.0,7565.0,1172.0,827.0,1757.0097767067516,1.5057959279389497,1348198.8045015684,443.0,NORMAL
16.75466793999586,23.0,9.0,2494.0,13882.0,1032.0,860.0,376.3034322813357,3.7669915108974816,1591677.2823461846,443.0,NORMAL
1.836119542910071,4764.0,0.0,151691.0,0.0,55.0,0.0,159719.73490004428,2433.1330239226563,166.85410881648824,80.0,DoS
1.8649522664419818,2.0,2.0,178.0,246.0,102.0,160.0,342.54568150098765,15.309655043503755,231346.18947266153,53.0,NORMAL
37.4748657356594,43.0,8.0,3888.0,18562.0,1081.0,1067.0,557.3013275243476,1.4530352423361546,121003.3575243181,443.0,NORMAL
54.52450681164396,6.0,43.0,5526.0,8895.0,997.0,948.0,534.8307240646444,6.223306000054152,501596.623248715,443.0,NORMAL
7.5152693439371525,3.0,24.0,1657.0,20502.0,346.0,945.0,663.6539918761669,14.600371331952694,400733.12076166435,80.0,NORMAL
15.267956169742922,5.0,24.0,8300.0,38168.0,973.0,350.0,1818.1768206553036,5.9582785245392555,52618.685447665994,80.0,NORMAL
1.6708471829335574,4725.0,0.0,71853.0,0.0,50.0,0.0,181567.2278254476,1372.2147301046302,379.39329042333185,22.0,DoS
12.402128112253267,21.0,10.0,4490.0,49431.0,620.0,943.0,3733.669839640463,3.230586651153372,567900.0583363572,80.0,NORMAL
1.4000714305926618,3.0,2.0,127.0,220.0,68.0,166.0,2237.242262818153,5.879544805158614,89046.01932295834,53.0,NORMAL
48.59491766198961,23.0,45.0,4749.0,19179.0,1057.0,561.0,1994.2751116926372,6.080168812208671,656694.1231319108,443.0,NORMAL
9.392712752544574,37.0,27.0,7302.0,11596.0,1125.0,629.0,1368.0573866655343,5.73414110347788,1900548.8072412813,443.0,NORMAL
8.117516394935448,15.0,14.0,9186.0,17712.0,853.0,164.0,1078.7615795760912,2.093176371902406,875219.4398453197,443.0,NORMAL
18.280415390989578,7.0,23.0,5436.0,27406.0,711.0,156.0,2495.747440224531,4.971060800758944,170162.50223355365,80.0,NORMAL
26.7602371963572,26.0,25.0,12489.0,5878.0,178.0,300.0,423.4078062758092,3.263169752457843,1615111.167728047,443.0,NORMAL
1.7827147134604995,2.0,3.0,149.0,135.0,62.0,177.0,174.54442493689888,16.43786747094925,271156.8540824183,53.0,NORMAL
4.7012203408929985,9.0,5.0,286.0,132.0,95.0,89.0,401.8185893135781,6.531157306667075,156510.3020607327,22.0,BruteForce
0.9238304444851997,3.0,3.0,99.0,116.0,91.0,172.0,4722.581822076192,19.234564729537578,67452.21754364144,53.0,NORMAL
25.076240297788328,10.0,8.0,2733.0,2112.0,621.0,663.0,2497.543939086276,7.799342041059639,285361.64967590687,80.0,NORMAL
46.60236743069079,10.0,18.0,13314.0,19443.0,990.0,128.0,722.7935314073379,9.45460703563066,1611656.957156999,443.0,NORMAL
0.6862138315365671,3.0,1.0,49.0,193.0,58.0,172.0,4488.554363467683,9.282605816891234,382589.31372998556,53.0,NORMAL
0.21607035484807202,2.0,3.0,160.0,125.0,81.0,117.0,2453.960235894767,10.68778296807112,468500.1275539813,53.0,NORMAL
0.5952901542065041,1153.0,0.0,71447.0,0.0,46.0,0.0,489805.1002849198,2910.1500971545743,71.71924119369788,443.0,DoS
0.6245952526542115,2.0,1.0,174.0,140.0,61.0,118.0,990.0721712113685,14.220381094028449,73226.82572105527,53.0,NORMAL
0.4540785955693232,4433.0,0.0,117706.0,0.0,51.0,0.0,794839.8123762141,8254.169000059439,147.36376355680528,22.0,DoS
2.552352293171049,25.0,13.0,6199.0,27175.0,108.0,526.0,3384.0379383695736,12.378360623380596,188080.73879304776,80.0,NORMAL
51.93668532473769,24.0,31.0,14311.0,9702.0,1172.0,1084.0,914.4265816988471,2.4826539533471887,659075.7753680762,443.0,NORMAL
32.48255025688583,35.0,30.0,6097.0,7704.0,1220.0,245.0,1936.1967019287372,3.3195633345615634,1696215.0119808547,443.0,NORMAL
25.86404848495738,20.0,7.0,1768.0,12584.0,1191.0,510.0,1911.5112684615451,3.304485508344443,1607109.5184250593,443.0,NORMAL
0.3701535313826099,1.0,0.0,70.0,0.0,45.0,0.0,4820.11359808504,90.51718763170996,9352.303169611947,25770.0,PortScan
0.8501212283123036,4599.0,0.0,114019.0,0.0,51.0,0.0,610098.0172355364,4075.500757593873,330.1843515626977,22.0,DoS
0.8529189973076239,3.0,3.0,63.0,231.0,66.0,143.0,1495.6412917102878,6.029500714990801,316616.41157322674,53.0,NORMAL
1.967630249288232,1171.0,0.0,23371.0,0.0,54.0,0.0,233001.88460422488,6080.913879704062,184.76256973685972,22.0,DoS
2.8800517726314543,7.0,4.0,349.0,148.0,80.0,57.0,231.11211626796396,3.2885430509966174,253837.21423583012,21.0,BruteForce
0.917634797899959,1.0,3.0,154.0,99.0,108.0,88.0,3315.6334971793053,8.805607034306803,195750.43545357606,53.0,NORMAL
50.80605648918263,35.0,25.0,13579.0,11400.0,339.0,698.0,143.87028309618157,6.189264783654994,627656.661785274,443.0,NORMAL
0.2018182342639226,3.0,2.0,174.0,62.0,48.0,122.0,4755.601409692868,19.80245507296303,75926.39616115537,53.0,NORMAL
29.529193156475557,27.0,45.0,12322.0,8664.0,797.0,1211.0,653.3357236394021,3.4883412843845587,1274115.489982176,443.0,NORMAL
0.9783990372693361,2.0,2.0,120.0,58.0,71.0,63.0,2898.8650775522487,7.681465061058412,444701.9358277963,53.0,NORMAL
0.8512882624598657,2.0,1.0,146.0,112.0,95.0,154.0,1135.8242868237733,15.632749187354474,254057.89893882567,53.0,NORMAL
0.434718006597138,3.0,3.0,92.0,269.0,55.0,108.0,2986.972128685612,12.120914015054355,457742.65687371953,53.0,NORMAL
13.135548469537751,41.0,44.0,13634.0,11532.0,491.0,1119.0,921.1177848305732,5.583736903037083,731094.3412600623,443.0,NORMAL
11.000072054479457,28.0,23.0,10553.0,8170.0,926.0,1204.0,792.4109415369771,7.659060910495203,1960669.99509307,443.0,NORMAL
1.5229300509758095,3139.0,0.0,167848.0,0.0,43.0,0.0,489197.6615796739,3648.5561062212987,120.50805968218692,80.0,DoS
34.53020759679283,28.0,46.0,8641.0,13873.0,754.0,691.0,1315.5206528715912,7.095132647235892,138909.07613635872,443.0,NORMAL
0.7715855075281054,1.0,1.0,143.0,168.0,52.0,170.0,1418.3224856845766,7.076941186385503,84066.99414774579,53.0,NORMAL
39.75002617873335,39.0,37.0,8098.0,7818.0,389.0,1101.0,1235.0578932555907,5.10800034690699,1488698.7027647211,443.0,NORMAL
57.877027019944435,43.0,34.0,11482.0,6007.0,1300.0,235.0,196.16059743862962,0.9591553279954154,1215684.046765943,443.0,NORMAL
1.6697404153420148,2.0,3.0,126.0,242.0,62.0,106.0,3898.8569750693373,13.976165063299604,39727.38878531006,53.0,NORMAL
1.9962789306884123,3.0,2.0,118.0,279.0,41.0,70.0,501.10464452553464,9.599210485251465,482529.57938756974,53.0,NORMAL
49.25221875432627,24.0,25.0,7078.0,8434.0,824.0,1323.0,333.8669214662141,7.052042466291765,1898298.375665149,443.0,NORMAL
0.9873285421988744,13.0,21.0,6523.0,18934.0,1178.0,701.0,4286.329295089083,2.9812695903094744,916019.0134630754,80.0,NORMAL
46.66549131101299,32.0,6.0,5791.0,1527.0,1374.0,218.0,734.2798950339369,9.865112832110956,1889121.2017010495,443.0,NORMAL
1.665635521010186,2.0,2.0,154.0,281.0,56.0,176.0,1738.6694667045103,16.934376567306657,369204.97138208395,53.0,NORMAL
15.624976313546476,12.0,14.0,9672.0,16441.0,516.0,1214.0,4676.45914654905,14.38722919422736,114978.95808181993,80.0,NORMAL
27.159420848372076,36.0,27.0,13529.0,19909.0,613.0,285.0,1428.3637764315183,9.774289812897463,1039579.5459922146,443.0,NORMAL
2.787990574532993,7.0,10.0,935.0,8996.0,735.0,748.0,3108.8849410844755,11.218851654856833,686372.0885137506,80.0,NORMAL
50.84764334719782,23.0,45.0,7391.0,9031.0,1386.0,339.0,723.8789694216903,1.6535101621469936,1142749.1273101047,443.0,NORMAL
47.84748616694746,46.0,17.0,9864.0,1594.0,1341.0,551.0,270.3056351595728,7.215558565919348,1489026.1092670697,443.0,NORMAL
3.203543136203651,49.0,5.0,1600.0,14526.0,696.0,910.0,1034.408562119048,2.2475032085259055,1319251.816340147,443.0,NORMAL
2.7437797631618848,28.0,11.0,9080.0,21798.0,1213.0,1277.0,4372.460749019671,5.001435774907666,666208.752091635,80.0,NORMAL
1.6481991449149884,2.0,1.0,153.0,76.0,112.0,107.0,3510.4243927040047,4.091655096899197,246319.225212853,53.0,NORMAL
32.24938412300438,31.0,40.0,5102.0,18294.0,114.0,1272.0,1135.8625752715634,3.934777210767485,864321.7856447728,443.0,NORMAL
59.65422231204889,20.0,29.0,11257.0,3977.0,812.0,168.0,1109.7882423190845,9.888741598862108,1597822.051680237,443.0,NORMAL
0.567546396537131,2.0,2.0,119.0,216.0,71.0,157.0,2324.5494645872473,19.571516375057442,30382.07399968919,53.0,NORMAL
0.0689827705203147,2.0,3.0,151.0,158.0,98.0,158.0,4664.091175508396,11.628261306275881,130758.1184167944,53.0,NORMAL
1.29973971366382,3.0,3.0,191.0,116.0,104.0,96.0,3003.7583192883703,6.398314442724596,206281.13788061836,53.0,NORMAL
32.6296856143031,43.0,31.0,5268.0,13067.0,459.0,735.0,1225.7018303708683,5.353417078134308,181484.84369488078,443.0,NORMAL
1.376766431293181,41.0,43.0,5253.0,9076.0,449.0,991.0,245.80507611598682,5.116826953358976,1574579.1438148161,443.0,NORMAL
42.62956589598565,11.0,23.0,6120.0,13225.0,1188.0,1226.0,1632.4359267859893,7.800571678229407,868916.1707509664,443.0,NORMAL
34.35448501972498,17.0,28.0,4688.0,13204.0,1367.0,143.0,1889.220179853153,5.705489888670789,230987.1633305182,443.0,NORMAL
1.1850777778530612,3.0,2.0,159.0,284.0,90.0,95.0,2826.1274491529716,13.593657282883793,159786.2147059991,53.0,NORMAL
1.6042660295145421,2.0,2.0,129.0,221.0,103.0,147.0,1472.676472275657,15.488908326176208,439514.6459129163,53.0,NORMAL
0.5433421008085447,889.0,0.0,101460.0,0.0,55.0,0.0,421235.1781792655,2634.9121525408987,135.80025389907718,22.0,DoS
5.73379099403689,20.0,35.0,2728.0,18063.0,1145.0,804.0,824.1722990566594,1.6071935332943763,1860580.5622866522,443.0,NORMAL
1.081876978589285,1.0,2.0,176.0,244.0,71.0,84.0,2103.1950675145977,9.484028002118693,478775.89140391414,53.0,NORMAL
29.844972075754633,24.0,39.0,7945.0,5521.0,610.0,1173.0,1938.7956646735536,8.44202886868198,993645.267789366,443.0,NORMAL
41.12830553385773,39.0,35.0,11268.0,8189.0,435.0,219.0,1715.962548318571,7.957463647226092,1499057.139109721,443.0,NORMAL
3.1753298548057756,8.0,6.0,206.0,200.0,130.0,82.0,493.09913643354355,2.37970024774826,216004.72213377382,22.0,BruteForce
6.937611232888466,14.0,20.0,1068.0,10745.0,496.0,996.0,962.1230124813477,1.5459053999879206,1944218.3688247872,443.0,NORMAL
22.27118131293974,23.0,18.0,5745.0,38602.0,252.0,137.0,245.6405150059041,6.695125991245108,656572.3682682279,80.0,NORMAL
28.227170412859316,21.0,43.0,9065.0,10108.0,1155.0,946.0,1838.7674050830499,8.122267990328552,1161721.585272593,443.0,NORMAL
20.198582191396795,17.0,23.0,11164.0,12930.0,373.0,957.0,827.7728657946975,0.6020203270808338,920031.2801355721,443.0,NORMAL
28.263367699094683,20.0,5.0,3569.0,13186.0,550.0,848.0,1161.657197397846,13.275451164512093,509053.61598429317,80.0,NORMAL
47.58747042487868,13.0,39.0,4319.0,3567.0,134.0,164.0,911.7696728402383,2.5144119408331163,1527002.203305714,443.0,NORMAL
3.339981016103997,22.0,26.0,6433.0,47532.0,1189.0,993.0,2983.4435099178495,5.864638826068781,734118.1233092947,80.0,NORMAL
0.40630276187503167,2.0,3.0,169.0,256.0,112.0,143.0,3317.2709683414314,12.657800936690478,40820.28905937282,53.0,NORMAL
0.414383110588258,2.0,3.0,93.0,266.0,119.0,166.0,4744.190533993597,18.91665973889859,398916.8380171166,53.0,NORMAL
54.74470388513671,27.0,24.0,6591.0,12284.0,1279.0,206.0,1715.8593193882914,5.901530716554979,1749952.7979776112,443.0,NORMAL
1.9493767556361554,1.0,2.0,104.0,147.0,64.0,141.0,3465.2168977675956,11.472746571844597,157577.57163684588,53.0,NORMAL
1.4966647912772637,3.0,2.0,128.0,289.0,111.0,91.0,3043.445723741366,16.673987449552598,329329.75203286484,53.0,NORMAL
14.766869174396133,21.0,16.0,1278.0,7864.0,837.0,1023.0,2663.2448682023996,5.316001859113272,54412.262179418125,80.0,NORMAL
2.2795450263461365,6.0,5.0,190.0,100.0,149.0,97.0,348.8266818894085,5.21013318089574,141086.5433245488,21.0,BruteForce
0.35818162338258563,3.0,2.0,57.0,160.0,85.0,131.0,421.9526503609071,13.15099178114108,142476.61188488005,53.0,NORMAL
58.163793461855796,46.0,26.0,5931.0,8244.0,1083.0,408.0,989.5377494723806,4.489371465478639,540950.2675572421,443.0,NORMAL
0.5300803572368287,3.0,3.0,195.0,142.0,83.0,160.0,2750.5961617158955,19.19957436199172,374432.7147269123,53.0,NORMAL
0.5512660227578761,3.0,2.0,177.0,64.0,109.0,137.0,2258.225160963022,15.215302066583684,417232.79509621667,53.0,NORMAL
0.5579877410021252,1.0,1.0,49.0,298.0,56.0,172.0,902.4774964989325,12.53660778416435,459669.83942595526,53.0,NORMAL
0.662692965552219,3363.0,0.0,168942.0,0.0,57.0,0.0,868125.158147023,2147.801379156862,482.22759151275625,443.0,DoS
1.8751506034798622,2.0,2.0,180.0,97.0,113.0,98.0,4607.671361930389,2.5250272199797044,301503.2965810911,53.0,NORMAL
3.6729365765506268,9.0,26.0,12936.0,5675.0,1016.0,1383.0,259.5158358347131,6.356359884079813,1663425.4949259572,443.0,NORMAL
0.5990748826989272,3379.0,0.0,38696.0,0.0,47.0,0.0,842536.9452094102,8583.040489356303,442.0535228927774,22.0,DoS
7.848285789908058,33.0,22.0,11573.0,1303.0,369.0,1016.0,1464.884415937325,2.119726456984995,425868.6636624612,443.0,NORMAL
1.5820456956175668,2.0,1.0,131.0,235.0,114.0,163.0,2555.8989142966075,1.1698329737929152,82106.01476633562,53.0,NORMAL
1.5506553324630812,3.0,2.0,175.0,237.0,78.0,110.0,887.4181851995819,16.20459311808309,409078.11972506763,53.0,NORMAL
0.7533656524960168,4965.0,0.0,58044.0,0.0,44.0,0.0,734214.6424307466,8499.435842721256,19.327895628007695,443.0,DoS
1.0125909280070795,20.0,7.0,2459.0,34894.0,388.0,844.0,3847.78217742757,2.4634252384827633,896285.5617427473,80.0,NORMAL
0.46387305810673285,1.0,0.0,57.0,0.0,51.0,0.0,557.8170704173126,69.7925399774731,9058.751465292413,4634.0,PortScan
1.9990225033709113,3.0,1.0,86.0,261.0,64.0,61.0,4464.823278050702,11.15337928675827,118077.17367372665,53.0,NORMAL
41.64423282095535,33.0,29.0,3282.0,4491.0,498.0,267.0,719.684462526787,1.5533657816856077,1189161.063211211,443.0,NORMAL
23.649582061019473,44.0,38.0,13200.0,2922.0,788.0,419.0,1321.36500772332,5.3185299759418525,1599517.2237124294,443.0,NORMAL
7.693774697881544,28.0,25.0,532.0,36638.0,933.0,549.0,3100.6764570181376,4.497194239594912,182280.9393219609,80.0,NORMAL
0.8988236879267262,2.0,2.0,125.0,280.0,52.0,144.0,3026.4073290026054,19.807493035660016,154732.21936690743,53.0,NORMAL
0.7747183312349128,3.0,3.0,120.0,263.0,56.0,91.0,760.7470871530744,13.495530706128758,390922.5301653437,53.0,NORMAL
19.397151852030316,17.0,48.0,2715.0,3203.0,304.0,339.0,1432.027647908767,2.435181270737475,210256.29147913336,443.0,NORMAL
0.32199489673061144,3.0,3.0,118.0,210.0,78.0,163.0,2022.1377259849908,6.342037619935916,352122.16326164664,53.0,NORMAL
18.837661711738132,31.0,12.0,6002.0,1020.0,179.0,1086.0,998.5403448590695,3.869685702179986,1296622.1046716701,443.0,NORMAL
1.2007017547970165,797.0,0.0,196300.0,0.0,56.0,0.0,941367.5316907435,9592.358431229883,206.98800484098928,443.0,DoS
6.733413132475343,9.0,11.0,1671.0,5802.0,869.0,787.0,1339.0165593851216,3.539179533832864,1064159.5538000278,443.0,NORMAL
43.36926149736317,19.0,44.0,3354.0,3613.0,285.0,864.0,995.919136398665,8.205712238607749,679680.464191674,443.0,NORMAL
0.5731974681310853,2.0,2.0,49.0,277.0,100.0,71.0,2513.8303535290206,16.328886901345946,144327.28368499808,53.0,NORMAL
3.1334624509609648,32.0,5.0,2973.0,5899.0,175.0,143.0,1010.7693495100832,1.2458565730020672,776785.5679684487,443.0,NORMAL
52.05244977562583,27.0,35.0,11400.0,5799.0,373.0,1252.0,267.37641635258467,8.356298861098292,179511.0952775752,443.0,NORMAL
0.03695320460956014,2.0,1.0,163.0,53.0,97.0,115.0,2801.9285247920625,10.669562371244574,441781.5449535676,53.0,NORMAL
3.411248359722253,46.0,13.0,2854.0,12517.0,876.0,458.0,416.8165803892795,8.075489727243847,1274024.1058254323,443.0,NORMAL
40.08881477688494,22.0,19.0,13603.0,2049.0,627.0,490.0,239.13985812674443,6.0968282508383735,970330.8385007315,443.0,NORMAL
28.522136020850805,11.0,18.0,9477.0,20979.0,116.0,509.0,4145.586109416974,14.146423427516938,306805.4622973617,80.0,NORMAL
0.45085134608852195,1.0,0.0,78.0,0.0,71.0,0.0,4084.411664458403,46.860448564174156,9252.480910226146,60828.0,PortScan
0.3967356552544445,1662.0,0.0,42673.0,0.0,55.0,0.0,172049.32059104042,5249.3609248805,426.346814626465,443.0,DoS
0.009734881375357952,1.0,0.0,71.0,0.0,73.0,0.0,314.2158168432336,82.46957997749577,7186.301704612516,53843.0,PortScan
7.96649497057017,19.0,23.0,4338.0,37481.0,191.0,345.0,417.96759060049027,11.98241883197378,882777.0625267163,80.0,NORMAL
21.407100360224447,6.0,39.0,7854.0,14350.0,449.0,213.0,1817.5547265654966,9.862366758690545,909178.5824835555,443.0,NORMAL
0.6277616540368272,2.0,1.0,46.0,270.0,62.0,88.0,2672.7565553753584,14.657479731799437,428023.5170122887,53.0,NORMAL
14.335710871143984,18.0,37.0,10173.0,8222.0,1059.0,422.0,574.561124432699,8.068254551573457,549273.1945184758,443.0,NORMAL
1.559408586219681,3.0,3.0,30.0,203.0,86.0,88.0,1997.4180444668282,15.552667001214965,86829.63658607773,53.0,NORMAL
26.78275725427163,12.0,28.0,11435.0,2824.0,926.0,116.0,662.9738857266397,4.279651173253933,286703.8910453086,443.0,NORMAL
27.050299581029243,29.0,39.0,4133.0,3010.0,368.0,668.0,1852.0287406155105,9.763587816934395,1843871.4021386704,443.0,NORMAL
26.878309732185837,33.0,23.0,2055.0,11437.0,498.0,1388.0,1720.5234666782883,3.50369148332398,1002710.8211183818,443.0,NORMAL
44.45020990185865,18.0,26.0,14746.0,3696.0,583.0,1105.0,1429.6745130565996,8.144609957878409,595286.5409855244,443.0,NORMAL
19.83950461783448,18.0,36.0,3819.0,7907.0,321.0,564.0,1096.3134246451777,7.1154320357064895,896590.3870086666,443.0,NORMAL
1.3432429843128697,1.0,1.0,80.0,194.0,43.0,119.0,1542.2032721683092,18.968713343543122,133840.64339698188,53.0,NORMAL
0.49657970623615194,3.0,1.0,146.0,83.0,73.0,161.0,4301.101849838029,9.077840756963234,354001.19354979414,53.0,NORMAL
42.66829140223328,48.0,40.0,7249.0,8879.0,202.0,577.0,1478.2433677019944,9.890779164317959,782423.6672226008,443.0,NORMAL
15.2717358672715,20.0,23.0,8444.0,7513.0,617.0,727.0,1395.1950212135923,8.59387857275532,1684684.3908208164,443.0,NORMAL
5.962301560784849,21.0,17.0,5091.0,17038.0,580.0,301.0,1172.2482189589864,3.9707230043016546,927017.2538414884,443.0,NORMAL
1.0728392208402915,1.0,1.0,175.0,76.0,51.0,177.0,1146.1886425333528,8.20153150555744,497658.4141445041,53.0,NORMAL
18.75685044986216,35.0,17.0,3886.0,2886.0,1306.0,1281.0,1693.117112075066,7.773088257614975,275548.65498046286,443.0,NORMAL
52.21534471633957,15.0,16.0,11844.0,19141.0,919.0,261.0,1868.404853088584,1.210199543856913,955567.3898631188,443.0,NORMAL
0.9764134671811556,1.0,3.0,102.0,69.0,63.0,63.0,202.62222528283164,9.971647739767535,67343.11882803784,53.0,NORMAL
48.07693541733775,23.0,19.0,12052.0,3563.0,1384.0,538.0,1554.6652396421139,3.9130058598931767,1110528.5077786124,443.0,NORMAL
0.93215932674594,1.0,2.0,67.0,78.0,71.0,83.0,1989.294296593792,8.158489043680689,100032.28848826059,53.0,NORMAL
0.7137187152300605,1.0,2.0,198.0,279.0,96.0,89.0,1326.3685007704976,9.311529469071862,264825.8433532346,53.0,NORMAL
7.373519493710791,18.0,33.0,3212.0,18891.0,149.0,230.0,1456.6051461946718,1.5012380025332013,276907.63314087543,443.0,NORMAL
2.254895240172841,26.0,29.0,6229.0,15863.0,801.0,168.0,765.3836580946398,6.415585804889767,1848964.8000245066,443.0,NORMAL
28.289548251855727,19.0,7.0,4563.0,7569.0,494.0,694.0,1555.7351589928317,2.3438981232512495,1927483.0159535073,443.0,NORMAL
7.423278699776345,4.0,8.0,2711.0,37753.0,1006.0,465.0,317.99184666851625,14.230172651400867,803310.2482572036,80.0,NORMAL
33.37529357262858,19.0,32.0,11630.0,7655.0,270.0,370.0,1081.68514595015,2.358285464395828,1794662.2084395061,443.0,NORMAL
28.657309962405844,12.0,21.0,12277.0,10321.0,1221.0,628.0,1582.3866440278468,7.606034665204256,1214088.7585993595,443.0,NORMAL
28.098832336550316,9.0,11.0,2422.0,32958.0,1144.0,200.0,3629.1367469293705,8.286973353703694,439680.704544334,80.0,NORMAL
19.06896362641009,34.0,41.0,4428.0,6608.0,576.0,1048.0,1527.264109257633,6.011783751393057,1480883.0494750084,443.0,NORMAL
46.73283657830576,14.0,8.0,4216.0,14942.0,809.0,1200.0,177.46922124860578,4.727183238983341,1355385.043283431,443.0,NORMAL
10.079858474051449,21.0,42.0,4109.0,5130.0,229.0,232.0,536.4958428252042,2.5693335796221133,1724872.0317742594,443.0,NORMAL
0.26729977863100124,3.0,1.0,45.0,236.0,108.0,66.0,4135.493453518283,1.0131190151589364,119225.04222045034,53.0,NORMAL
3.5355216558003155,7.0,6.0,268.0,225.0,140.0,70.0,295.20357436984455,5.7733295112971135,104646.41285549232,3389.0,BruteForce
4.596132774280957,21.0,11.0,8360.0,32880.0,104.0,1349.0,1476.057360519413,2.526010306436727,161806.88317634142,80.0,NORMAL
1.1570887447592322,1.0,2.0,126.0,65.0,57.0,157.0,1755.7344106541784,4.7689085185616085,440156.99956142803,53.0,NORMAL
2.987208008096201,5.0,7.0,216.0,334.0,77.0,60.0,322.1069767939739,5.874830499844763,458205.46676903544,21.0,BruteForce
6.284969245700175,5.0,22.0,582.0,23001.0,248.0,151.0,4849.555002424944,7.002997193043895,453477.4680232516,80.0,NORMAL
20.604753811647022,3.0,7.0,7723.0,9555.0,1001.0,203.0,3139.3204023728986,14.305109223681121,921012.0606387594,80.0,NORMAL
0.5995423752068123,3.0,3.0,35.0,237.0,64.0,157.0,180.87742121586982,13.05361795018685,44754.48076904606,53.0,NORMAL
13.494134841729979,3.0,13.0,8498.0,13988.0,696.0,837.0,1086.5006466152674,7.668194280530343,308622.4806177358,80.0,NORMAL
0.26948568294900727,3532.0,0.0,53624.0,0.0,52.0,0.0,663405.2830237725,3125.9526681135867,385.12452865994294,80.0,DoS
1.1256694897729072,29.0,20.0,6812.0,49200.0,191.0,147.0,1695.7270593290432,10.58777218520162,768312.3311969624,80.0,NORMAL
1.447807053121561,2.0,1.0,79.0,240.0,45.0,157.0,636.7979533157031,12.011501103326848,238296.9597492683,53.0,NORMAL
17.548480990639312,21.0,28.0,7361.0,42135.0,361.0,527.0,2561.275698569871,2.2804929215393397,477022.26312273875,80.0,NORMAL
0.3354066928829432,3.0,2.0,195.0,256.0,48.0,107.0,748.2131673875796,5.719426234270997,242428.09492471023,53.0,NORMAL
0.11817956279230867,1.0,0.0,42.0,0.0,58.0,0.0,4495.812238332569,48.67612675295119,9709.673730838953,36238.0,PortScan
24.152229489506617,3.0,4.0,3534.0,49646.0,495.0,950.0,1829.2197087805687,1.9507996271699422,458224.65591189393,80.0,NORMAL
0.104268867353268,1.0,0.0,68.0,0.0,45.0,0.0,2420.190333558971,8.93151863747665,2645.9130511731637,40144.0,PortScan
1.2051907807206237,3.0,2.0,191.0,149.0,115.0,137.0,2144.7050096468697,2.9449581981061725,119233.98045306897,53.0,NORMAL
59.407653711006766,36.0,10.0,1209.0,2454.0,1077.0,196.0,1068.5623796481932,2.4172862778787474,1934708.0745454174,443.0,NORMAL
56.27252525995242,5.0,26.0,7783.0,6008.0,846.0,1325.0,1057.404676755907,4.362334282524763,575924.9990423226,443.0,NORMAL
0.31007675171523763,1707.0,0.0,37244.0,0.0,59.0,0.0,284408.4761648938,6861.554599536862,49.92011546186992,22.0,DoS
18.49703482014991,17.0,33.0,7101.0,10497.0,331.0,300.0,1164.0082917467919,9.972579523121023,1506540.2464993868,443.0,NORMAL
10.094557547530739,13.0,45.0,6604.0,6228.0,1340.0,1248.0,693.1481119608708,0.6150950660412222,184539.4109549583,443.0,NORMAL
59.037056590541404,33.0,41.0,6492.0,13787.0,503.0,877.0,1446.5398810431057,4.931247352709466,210833.21734112318,443.0,NORMAL
17.131017243911668,44.0,37.0,13045.0,4605.0,497.0,102.0,610.2528017983909,2.4861772103533166,720110.990104917,443.0,NORMAL
0.11675158975303515,1.0,0.0,52.0,0.0,75.0,0.0,244.2809458760012,35.53916170965629,9648.023744253787,60997.0,PortScan
35.80514352442335,28.0,7.0,8759.0,16213.0,583.0,273.0,642.5315819521136,2.5628694994792287,315211.2580019525,443.0,NORMAL
0.11256620325185103,1.0,0.0,56.0,0.0,74.0,0.0,940.1833823663401,71.84411342719541,4513.414871020959,39663.0,PortScan
0.8898401771180563,1.0,1.0,134.0,183.0,43.0,140.0,229.13358987602075,8.165411914185201,328300.9542253873,53.0,NORMAL
2.1842006688858557,24.0,12.0,3114.0,18881.0,228.0,1059.0,1333.459640809337,8.751468504355811,1957994.530029873,443.0,NORMAL
1.0113646720931164,2.0,2.0,51.0,150.0,86.0,144.0,4055.4444981718502,3.619067596302954,16597.55905334574,53.0,NORMAL
10.691682077928583,26.0,30.0,8498.0,7439.0,1003.0,365.0,1167.4463726427866,4.555006494508415,375765.4172056672,443.0,NORMAL
0.2410736280304627,1978.0,0.0,117656.0,0.0,52.0,0.0,983990.8308056568,3409.804403748408,420.4962378562795,22.0,DoS
1.2698246096379557,2583.0,0.0,80230.0,0.0,51.0,0.0,135776.3603768698,7981.629637134516,348.7467161219909,443.0,DoS
44.53591808505034,37.0,11.0,4520.0,17849.0,578.0,1073.0,1533.6251121212363,9.742794248884547,1970187.4626388175,443.0,NORMAL
0.2695037311108946,3.0,3.0,89.0,235.0,69.0,129.0,1603.1061108286774,8.872202185711352,116504.90033522031,53.0,NORMAL
2.7995147464039163,27.0,21.0,11524.0,19803.0,282.0,737.0,1190.4961121812719,3.2527162192722323,1058768.7091889782,443.0,NORMAL
20.91573726760959,18.0,9.0,6865.0,48476.0,729.0,1006.0,2979.7262233585,13.10254025872163,779677.5322476787,80.0,NORMAL
11.6220365966342,8.0,8.0,7908.0,9577.0,316.0,1040.0,2154.293372128235,6.084825903952982,821867.7412689881,80.0,NORMAL
37.79155559216282,42.0,17.0,3770.0,10955.0,488.0,967.0,933.6006942697828,3.2180642206646985,1249775.0923460578,443.0,NORMAL
0.18459198211797476,3.0,2.0,73.0,130.0,88.0,167.0,4627.049465214806,2.0672831791420228,160568.64332771813,53.0,NORMAL
0.31946737308900836,1.0,1.0,77.0,137.0,70.0,77.0,2456.647275420991,12.312522230590782,177008.9674583456,53.0,NORMAL
25.051481516109103,28.0,4.0,7003.0,874.0,1360.0,550.0,4745.370549923528,6.619255318739578,119178.89134748871,80.0,NORMAL
1.4599452014497774,2.0,2.0,41.0,196.0,63.0,163.0,1278.4559530514534,3.4201577525546822,434900.8680047491,53.0,NORMAL
1.1531647301986836,2.0,3.0,47.0,131.0,106.0,177.0,2477.591571885319,12.344123509498386,340883.8669972761,53.0,NORMAL
24.645020591644233,12.0,19.0,7037.0,10416.0,301.0,859.0,1601.965924228997,9.554143969569354,254245.2402442165,443.0,NORMAL
1.7205888585822968,3.0,2.0,46.0,176.0,99.0,108.0,2991.8756401788132,18.961921682706873,428253.87859275314,53.0,NORMAL
22.918204895864637,17.0,21.0,8685.0,36784.0,248.0,1065.0,1202.13886420156,1.4784136109069943,787793.0871876568,80.0,NORMAL
1.2931027155562211,3.0,1.0,106.0,128.0,45.0,78.0,789.561902189139,9.899459232249933,233868.51577561142,53.0,NORMAL
1.2633899119902083,2.0,1.0,154.0,248.0,75.0,132.0,716.614897581785,12.089131110835288,82904.32353147797,53.0,NORMAL
51.28356858907971,17.0,22.0,9218.0,18665.0,1142.0,170.0,1339.2873837697339,5.007020345743587,1968115.273112801,443.0,NORMAL
1.7551390350760845,2.0,3.0,120.0,84.0,111.0,149.0,4419.30189236306,11.528154259713833,224753.90041191518,53.0,NORMAL
2.075087713441434,48.0,34.0,10183.0,14733.0,884.0,1375.0,1849.4531468324076,4.22148341470865,1158772.248075236,443.0,NORMAL
0.9596598483614148,1539.0,0.0,177008.0,0.0,51.0,0.0,401491.7771191361,9619.332687807011,277.72782275852774,443.0,DoS
1.8028596461032684,1.0,2.0,48.0,274.0,42.0,138.0,2725.8218297734984,10.181190482262314,400385.6943810307,53.0,NORMAL
0.7795284427953367,3.0,3.0,116.0,207.0,78.0,163.0,203.3938583408648,3.061925667641843,257424.02656829797,53.0,NORMAL
1.183431969705293,3.0,2.0,103.0,200.0,118.0,116.0,1123.462607340208,5.573315650547096,197119.72736061522,53.0,NORMAL
1.7132038058312513,3.0,2.0,92.0,278.0,117.0,98.0,1085.4183153024633,7.4116921648095895,81180.95148429266,53.0,NORMAL
11.35866470510329,6.0,17.0,5985.0,34141.0,1324.0,1119.0,626.3276999617285,6.574107577255848,852554.8812033933,80.0,NORMAL
18.490842285846128,21.0,21.0,4931.0,36519.0,1317.0,824.0,641.5713434328998,2.3234750216884694,599859.9164798787,80.0,NORMAL
1.529889720823039,838.0,0.0,133837.0,0.0,44.0,0.0,454422.46977325116,2984.923665158293,439.4306224578042,80.0,DoS
12.87293947196768,26.0,20.0,7987.0,20865.0,1031.0,1399.0,1636.5384129194695,14.625882667129527,245996.53288959697,80.0,NORMAL
1.4762936974024645,2526.0,0.0,152525.0,0.0,54.0,0.0,879617.1684149678,6422.919757122139,178.56142883032817,80.0,DoS
1.8228840742656884,3.0,1.0,181.0,256.0,110.0,147.0,882.9491891226852,2.8036174834498406,317493.9230381617,53.0,NORMAL
0.62920186629431,2.0,3.0,37.0,198.0,61.0,158.0,3233.601139629622,7.984488896928539,335941.92443606956,53.0,NORMAL
16.76031873135577,7.0,8.0,1116.0,17356.0,550.0,817.0,4690.273009553834,3.486587774857023,128636.03364430855,80.0,NORMAL
30.926853712615152,20.0,12.0,4148.0,16442.0,1208.0,892.0,1477.2539608567265,5.979787982116896,687055.2754949527,443.0,NORMAL
43.64604388930054,44.0,24.0,7278.0,5367.0,666.0,1274.0,210.9528257123924,2.1050649176560987,538949.7341041567,443.0,NORMAL
19.76220502333997,49.0,7.0,13213.0,6212.0,1148.0,235.0,1531.5544494600003,0.73193599081111,1882178.202671907,443.0,NORMAL
31.86277280603878,16.0,12.0,7633.0,9507.0,556.0,755.0,1211.3318505164539,5.6401737475868545,983414.5448736878,443.0,NORMAL
33.59755707706546,36.0,12.0,3952.0,8234.0,608.0,1200.0,1039.0482601744643,9.076134642253738,1056749.0869322713,443.0,NORMAL
20.58337364648776,5.0,21.0,8042.0,43945.0,1327.0,802.0,2692.96869250458,1.5155211973715146,516468.5711509526,80.0,NORMAL
3.73871950103176,8.0,3.0,310.0,365.0,77.0,77.0,285.4953255231719,9.340235094281033,69161.55143456934,3389.0,BruteForce
0.3888256231463706,1.0,0.0,63.0,0.0,57.0,0.0,4189.818382670902,27.92060645851318,2492.7009214819705,21486.0,PortScan
8.177626941696008,20.0,6.0,3188.0,34806.0,776.0,992.0,3114.903619053483,3.9833607222101137,502670.5248082492,80.0,NORMAL
17.169258020545154,15.0,17.0,5962.0,13015.0,1165.0,301.0,876.4843597051747,3.0998294139673535,238151.30725472426,443.0,NORMAL
9.261421755645744,27.0,12.0,7158.0,3836.0,543.0,1134.0,517.9623893065448,5.031558200398426,912292.0936644818,443.0,NORMAL
5.26414066756307,11.0,25.0,7099.0,8668.0,1045.0,1038.0,3986.940507324562,2.6145910503116774,233598.6772819621,80.0,NORMAL
5.799578057872086,33.0,44.0,1690.0,19161.0,798.0,587.0,1143.5181897850412,7.245215949251754,1726831.189349858,443.0,NORMAL
59.81558085891089,49.0,21.0,11584.0,5927.0,170.0,106.0,976.9050212260983,9.164287436288058,407767.56116666616,443.0,NORMAL
45.90617068554632,14.0,21.0,13444.0,4392.0,862.0,985.0,288.6573579639269,9.103053553675338,1729769.8323413166,443.0,NORMAL
26.401230969270244,28.0,24.0,3196.0,5385.0,617.0,635.0,278.80514060136295,9.14156026191323,1716950.5329733088,443.0,NORMAL
4.968505662396378,14.0,4.0,3023.0,15369.0,364.0,492.0,2434.148034270428,4.787376405688141,815150.40343973,80.0,NORMAL
21.258178178046137,18.0,3.0,7640.0,4219.0,199.0,1169.0,1143.0151401173052,2.9076183620428866,746172.4052218659,80.0,NORMAL
16.328411282785428,32.0,25.0,2426.0,3015.0,460.0,1325.0,428.2338274227373,2.4583197229987714,1166753.1328909087,443.0,NORMAL
0.12448469755643939,1.0,3.0,53.0,240.0,85.0,176.0,1863.4677187072268,15.84555956182661,170510.01844615623,53.0,NORMAL
43.63971050419548,10.0,17.0,6040.0,5988.0,1079.0,213.0,831.2709756801987,7.554103043326921,730815.2215026588,443.0,NORMAL
15.610567877267341,16.0,28.0,2121.0,35422.0,270.0,747.0,4891.960908934561,8.586823384365356,513946.7915967926,80.0,NORMAL
44.283248453122724,11.0,36.0,8260.0,18945.0,898.0,1306.0,1254.2089495559244,2.8314006248308843,433198.8248267169,443.0,NORMAL
1.7110742010713893,1.0,2.0,151.0,291.0,117.0,145.0,4444.812840186105,19.91383953170125,23946.978624947267,53.0,NORMAL
18.66433971392919,45.0,16.0,4259.0,16693.0,389.0,829.0,1954.5808403118283,7.382966966499777,301960.2349493187,443.0,NORMAL
1.663149693582044,2906.0,0.0,191005.0,0.0,52.0,0.0,935082.2006188473,2866.698499395845,474.8937009750064,443.0,DoS
47.951767496729964,27.0,22.0,11047.0,13566.0,933.0,1261.0,1187.874362405609,7.585109963277102,1059551.4681543587,443.0,NORMAL
41.61589609103608,5.0,42.0,11811.0,12481.0,1240.0,386.0,119.38795584196586,4.29977341632785,1870760.517159025,443.0,NORMAL
11.687811622546139,29.0,27.0,11931.0,10501.0,323.0,733.0,1919.233959954808,5.851948951829347,1718541.9315768848,443.0,NORMAL
0.40697473513405047,3.0,1.0,162.0,52.0,61.0,167.0,2724.419186655376,15.417790311673292,241867.20672623042,53.0,NORMAL
1.6345129919394452,2.0,2.0,140.0,128.0,48.0,131.0,2437.1048887606107,2.380843039306273,245892.21063249366,53.0,NORMAL
0.5901933935771803,1197.0,0.0,33710.0,0.0,49.0,0.0,222671.10156355024,6373.132756316743,428.3840973261463,22.0,DoS
0.1982032275545495,2.0,1.0,110.0,170.0,90.0,158.0,3428.1325422114983,16.15729655182211,484368.4579318597,53.0,NORMAL
0.4433547778948805,1.0,0.0,45.0,0.0,54.0,0.0,2242.4959069587485,48.144488563697784,9226.106571730636,36518.0,PortScan
58.17705517830787,39.0,47.0,2884.0,9250.0,396.0,1310.0,871.7268245318234,3.3170770788707182,353472.31442860526,443.0,NORMAL
4.412822517382476,30.0,21.0,6302.0,5901.0,1317.0,332.0,458.60570682716394,8.618084402865955,1822248.005100267,443.0,NORMAL
38.54118988477563,23.0,46.0,9372.0,14354.0,224.0,285.0,199.09873862132554,9.84967810750138,421064.6015221388,443.0,NORMAL
45.97482295182033,20.0,44.0,14350.0,8190.0,333.0,970.0,222.34659828584915,0.5261344577622495,1062849.4288398088,443.0,NORMAL
55.66866988452817,23.0,6.0,10910.0,12859.0,913.0,1329.0,1889.2094960397035,7.2427891974447585,1591843.9393742264,443.0,NORMAL
20.194489515032597,22.0,16.0,3963.0,17318.0,996.0,1315.0,884.8032611114562,9.961113083670252,1039587.1696435404,443.0,NORMAL
3.9878063760198863,4.0,10.0,1544.0,18495.0,282.0,991.0,4676.580352496807,7.839187077910563,355612.9762119285,80.0,NORMAL
24.650233589054753,23.0,29.0,4772.0,8619.0,467.0,420.0,422.6586572018957,9.649109071248693,440922.2670574161,443.0,NORMAL
0.3536494482549829,2416.0,0.0,150750.0,0.0,57.0,0.0,954584.7768707295,8686.026711750292,239.65772845925287,443.0,DoS
1.0536063703666307,3.0,1.0,72.0,230.0,104.0,124.0,4284.198222157238,7.7364817848807785,129668.6227062074,53.0,NORMAL
33.90922162483147,24.0,28.0,6644.0,4793.0,925.0,784.0,799.8013606896385,6.476047186316521,685440.1744473197,443.0,NORMAL
0.7056734532801854,3.0,3.0,109.0,258.0,113.0,85.0,4180.476158834771,8.481429954521895,143977.58702885726,53.0,NORMAL
11.468297398712705,18.0,7.0,13655.0,9455.0,1076.0,243.0,1539.8452808191053,7.696718892866949,1109489.8300896608,443.0,NORMAL
24.85309508803728,28.0,9.0,8370.0,17007.0,257.0,438.0,757.0697111927905,3.3140449856912024,652329.645929149,443.0,NORMAL
55.989658225091034,7.0,45.0,5350.0,3853.0,971.0,267.0,1871.9723326236342,9.705517804350453,1216040.0014668046,443.0,NORMAL
0.020665016204936208,3.0,2.0,165.0,95.0,69.0,86.0,1845.6283514680797,18.431554461005188,274182.9593964012,53.0,NORMAL
4.878402291931558,4.0,6.0,288.0,174.0,84.0,77.0,418.85382005601406,2.582458100466609,324715.8907207903,3389.0,BruteForce
2.6028778523080294,39.0,16.0,2041.0,14647.0,1257.0,229.0,1828.1480224726924,3.9300671336428543,624171.7714623199,443.0,NORMAL
1.6442481232118376,3.0,2.0,36.0,279.0,104.0,68.0,4599.900908446695,12.203352430100292,290530.9451904251,53.0,NORMAL
1.654350188328747,2.0,2.0,52.0,259.0,105.0,144.0,4962.600025060461,3.951441959836566,169406.22567474283,53.0,NORMAL
1.7139615883010788,21.0,8.0,7904.0,10814.0,868.0,463.0,266.51738609383585,12.530531572507613,431611.75770142965,80.0,NORMAL
16.218556035194183,7.0,44.0,4741.0,19922.0,950.0,369.0,311.9448239590289,6.822573001615132,1567411.8859300953,443.0,NORMAL
1.5519631774554994,2.0,3.0,140.0,146.0,94.0,101.0,571.0139589679028,18.743499098905296,126812.6160932507,53.0,NORMAL
19.32598256839721,7.0,5.0,2885.0,25291.0,842.0,849.0,963.0358011863311,1.6798995254984188,170941.68982655354,80.0,NORMAL
47.703163579825066,6.0,28.0,4574.0,2902.0,1397.0,941.0,1304.3205116787306,4.467249849372769,1424574.6457797317,443.0,NORMAL
1.584461507596384,3.0,2.0,178.0,207.0,95.0,104.0,1356.2183396071268,9.417062037828051,497546.3863993216,53.0,NORMAL
34.09534032058779,20.0,27.0,13076.0,10981.0,166.0,890.0,582.5361567932221,5.969737895304196,1480804.3502862924,443.0,NORMAL
15.549614463703453,18.0,8.0,6156.0,2967.0,302.0,867.0,951.0898214365336,7.01881925460372,611793.0773422429,443.0,NORMAL
5.350780998920172,23.0,17.0,1069.0,11785.0,810.0,383.0,3273.684858915821,12.536166632358956,511728.21353586257,80.0,NORMAL
0.2618083980034493,3.0,2.0,183.0,283.0,74.0,84.0,727.0514022666831,7.997092833476005,466973.01842336374,53.0,NORMAL
15.901993038938587,27.0,4.0,1737.0,15663.0,1291.0,593.0,3966.874483587415,1.125890259723461,196999.3529559164,80.0,NORMAL
22.867886676946565,32.0,6.0,12085.0,10814.0,526.0,711.0,891.6927228197321,3.583934877795222,1545939.148009349,443.0,NORMAL
28.01300526633628,25.0,6.0,3690.0,44338.0,416.0,1136.0,1170.9980776352045,2.708058849549886,900538.2545801246,80.0,NORMAL
27.65429304549652,45.0,7.0,8096.0,4465.0,212.0,1102.0,1001.8314997854293,8.675654634801537,690889.9338227119,443.0,NORMAL
36.46337584121375,22.0,9.0,2734.0,2300.0,891.0,293.0,1965.3812462281799,2.164661373661785,1007346.2452546251,443.0,NORMAL
38.93003269346375,43.0,18.0,14827.0,11380.0,1298.0,933.0,1811.4858003580084,2.1235860541770157,680761.737925669,443.0,NORMAL
42.03256519470187,30.0,46.0,14372.0,5123.0,1016.0,1177.0,1385.856428355317,8.721461835313143,1779098.3166585038,443.0,NORMAL
40.49973035669322,30.0,24.0,6920.0,13218.0,127.0,1139.0,1545.8303037455366,9.765658086012499,1783066.1529885847,443.0,NORMAL
7.694937753194755,23.0,21.0,11576.0,7125.0,865.0,853.0,1013.4846941033153,8.529892059693223,760540.6004082639,443.0,NORMAL
0.45996270216217444,2.0,1.0,152.0,284.0,80.0,148.0,1315.7205941346904,7.6683116499633295,355359.2148734166,53.0,NORMAL
2.06850084542959,29.0,47.0,4367.0,8543.0,214.0,540.0,1635.6043779813556,6.849451799211701,1799508.3056149578,443.0,NORMAL
20.186213789256996,22.0,6.0,11017.0,11866.0,843.0,1322.0,1810.7701052736277,8.499147437325826,1324459.4919130057,443.0,NORMAL
1.052116479380186,2.0,3.0,106.0,273.0,118.0,141.0,3662.7221585740563,1.737257503963316,485857.64219154173,53.0,NORMAL
3.8445102927728056,42.0,38.0,1065.0,10860.0,837.0,424.0,1945.8064335135202,5.489457659842341,685248.1684236809,443.0,NORMAL
1.8252825531696155,2.0,1.0,84.0,246.0,42.0,159.0,3420.8095374161508,16.898638175242716,315153.43584443774,53.0,NORMAL
13.070319272010787,26.0,9.0,9187.0,1663.0,1398.0,1372.0,653.0571861471568,7.89277486355895,66433.3467982563,80.0,NORMAL
57.84027161859947,29.0,14.0,13674.0,12209.0,137.0,1306.0,1292.7384467970335,1.915581162410686,1959025.0255791747,443.0,NORMAL
6.588282706338442,21.0,10.0,2778.0,5329.0,951.0,945.0,1265.3843460368291,9.557273615297014,136322.23382702738,80.0,NORMAL
38.414386159448476,40.0,33.0,1573.0,16377.0,980.0,1322.0,808.084581442092,1.736554141837853,1796141.996780661,443.0,NORMAL
6.372518111881928,26.0,5.0,2225.0,36384.0,643.0,164.0,4337.597537578096,12.523545217334744,58323.56103234991,80.0,NORMAL
48.96115953867458,44.0,39.0,4663.0,12709.0,949.0,659.0,1303.3433055009198,7.40242172911404,1139127.1366039333,443.0,NORMAL
24.46848855947422,24.0,25.0,608.0,6792.0,1267.0,1029.0,526.9651115607253,6.0458273974849615,124293.60988340028,80.0,NORMAL
45.85344373349151,41.0,16.0,9606.0,16775.0,1002.0,648.0,1189.3150548957442,8.651741686136965,714313.8891008229,443.0,NORMAL
1.1364477706112457,2.0,2.0,72.0,117.0,84.0,71.0,1827.4720894305121,15.158399085054574,236735.43456813245,53.0,NORMAL
1.943163371272818,3.0,2.0,85.0,203.0,70.0,65.0,1290.0974626313512,7.890959331284678,301296.3019247597,53.0,NORMAL
45.553098084743525,15.0,30.0,2146.0,14429.0,984.0,1213.0,1677.1242071719807,1.433958872253756,661875.4194081819,443.0,NORMAL
8.798732911491467,7.0,7.0,8543.0,3180.0,735.0,843.0,3181.8832856119984,5.7780290276933055,369445.20843548863,80.0,NORMAL
0.16207214452597266,4359.0,0.0,106901.0,0.0,57.0,0.0,426177.15789376403,7600.522089227837,354.0577331470781,22.0,DoS
4.327879484836749,12.0,15.0,2645.0,40536.0,785.0,1254.0,677.0759587873347,7.381903747655305,810952.0674394569,80.0,NORMAL
0.019319398245512733,1.0,0.0,52.0,0.0,73.0,0.0,2688.282262387985,73.83214603992447,1905.9146796987316,14912.0,PortScan
21.16722375017468,19.0,13.0,9635.0,19653.0,739.0,790.0,693.7923155161823,9.40850596400651,1057565.658804089,443.0,NORMAL
13.217472743440458,16.0,14.0,9674.0,18066.0,1094.0,662.0,780.0063625367311,7.529132760094388,1535958.0618036555,443.0,NORMAL
0.7173614209601246,2.0,3.0,141.0,261.0,78.0,105.0,1337.4638818634362,12.832999502560293,344225.6536545393,53.0,NORMAL
1.2909084977472873,27.0,17.0,7160.0,39110.0,1370.0,661.0,625.2030890199562,12.915186403100778,190349.62283862507,80.0,NORMAL
1.2718391683800423,1.0,2.0,86.0,87.0,49.0,61.0,2685.0980868743536,14.377330656773081,180260.76574623756,53.0,NORMAL
51.23407250696065,24.0,30.0,14491.0,4022.0,1256.0,255.0,1326.812270054123,7.838768674004712,1402503.2285205892,443.0,NORMAL
0.5890691349543162,2.0,2.0,42.0,104.0,102.0,156.0,4347.59469024792,10.659004700753377,85757.14469338275,53.0,NORMAL
0.22200811233974235,1.0,0.0,51.0,0.0,50.0,0.0,2215.7543440439363,13.031588186793673,8931.325688361867,55992.0,PortScan
24.15503298753932,25.0,19.0,11155.0,15619.0,549.0,334.0,805.346375500827,6.590319697616755,1776850.4406216925,443.0,NORMAL
1.1361349570764507,1.0,2.0,62.0,85.0,106.0,157.0,3755.0398140832535,3.9258203799723748,261004.4910544843,53.0,NORMAL
16.85196420371182,36.0,22.0,12688.0,4736.0,1378.0,292.0,839.2153482754399,8.724745934019861,311778.0652086819,443.0,NORMAL
21.489345302799947,39.0,45.0,12523.0,8744.0,630.0,960.0,1979.293827624707,7.216968396768389,798047.9525361109,443.0,NORMAL
26.59522775501524,36.0,33.0,4810.0,8203.0,1115.0,551.0,1647.0319233388345,6.975461234417879,1952134.757775147,443.0,NORMAL
0.48305887178137663,3.0,2.0,102.0,153.0,98.0,93.0,2025.9246758786142,13.492981228875038,55763.059779228184,53.0,NORMAL
11.820866081352595,16.0,30.0,7203.0,2701.0,1382.0,132.0,252.07851577373714,0.7901487924225143,302711.1340436156,443.0,NORMAL
1.9398931482056394,1710.0,0.0,22229.0,0.0,50.0,0.0,824693.0234650896,1629.8785922037332,222.98857732241444,22.0,DoS
42.06247815952818,15.0,31.0,13328.0,15885.0,732.0,1361.0,157.91819459163727,3.3229185275454207,213380.3346405037,443.0,NORMAL
4.7267283729579805,27.0,21.0,2289.0,32213.0,1096.0,497.0,429.9774778527059,7.881476083472542,142983.15277404548,80.0,NORMAL
6.968210627851888,29.0,9.0,9353.0,4973.0,306.0,110.0,4918.21964515997,7.57696447308548,104685.60824791258,80.0,NORMAL
8.603322180933267,5.0,27.0,12368.0,14917.0,862.0,259.0,1011.8588091083486,4.346984917589185,1457293.8076999243,443.0,NORMAL
23.9249279749504,29.0,32.0,6731.0,17603.0,120.0,210.0,918.2797858166647,5.357908492966834,1556926.9638932191,443.0,NORMAL
0.3940953921308252,1.0,0.0,74.0,0.0,58.0,0.0,1370.870182473264,81.46227563123364,2300.345498050668,49315.0,PortScan
4.4379976370204695,6.0,5.0,251.0,275.0,127.0,113.0,424.83922570084405,2.9986458497014556,63456.07703046828,21.0,BruteForce
37.75502843024548,9.0,27.0,5228.0,11223.0,863.0,260.0,1613.5328586750256,6.80151951490757,1501205.2966080785,443.0,NORMAL
22.684530915200355,16.0,13.0,11638.0,7318.0,1225.0,786.0,1450.6636924087306,7.053590473089864,1928804.542514455,443.0,NORMAL
10.653805450308482,34.0,17.0,14021.0,8340.0,649.0,577.0,1038.790789941035,0.8257087881354359,1938286.4568299574,443.0,NORMAL
1.4580696327925886,1.0,2.0,159.0,260.0,115.0,131.0,2023.5830931202863,12.501687744631065,175912.70356126962,53.0,NORMAL
30.8623699075744,29.0,21.0,9150.0,3479.0,839.0,1309.0,1500.3492210016725,7.7503037718352,1021855.1787968136,443.0,NORMAL
24.167092529820465,9.0,27.0,7905.0,33878.0,597.0,313.0,2295.4194539892555,8.388141627538122,864341.2396153631,80.0,NORMAL
9.478061984015719,11.0,17.0,1868.0,20147.0,118.0,1126.0,3238.1949646662647,11.469385244482968,542106.188275836,80.0,NORMAL
19.66773430035398,9.0,26.0,5739.0,33596.0,177.0,128.0,2830.781998092137,10.100133538955426,530436.3754553639,80.0,NORMAL
17.976502751295246,7.0,12.0,4537.0,30143.0,1187.0,573.0,1263.9897040773849,10.081851123053568,986029.8419239,80.0,NORMAL
1.596776995792659,2.0,3.0,154.0,241.0,108.0,67.0,2249.4283036671955,19.20164720442349,440951.8272236131,53.0,NORMAL
28.427608031690042,7.0,4.0,574.0,41859.0,628.0,154.0,4469.5419519405405,14.375584059458854,399088.53908147634,80.0,NORMAL
2.1832223186138973,8.0,15.0,6972.0,21764.0,785.0,643.0,4606.958994191489,3.7640668394596277,333043.26897132845,80.0,NORMAL
36.11276881943521,29.0,39.0,12068.0,13090.0,1361.0,1271.0,488.91418178140174,5.442428053827558,945879.3279142053,443.0,NORMAL
0.41081308819953566,3450.0,0.0,70637.0,0.0,43.0,0.0,427785.00110845413,4146.811231780998,122.70454689907086,443.0,DoS
8.630306147498821,15.0,6.0,7403.0,24258.0,143.0,1214.0,2745.191979179046,1.7730786155215157,74854.49388690181,80.0,NORMAL
13.933625254124614,40.0,49.0,1493.0,18715.0,1269.0,1238.0,254.0423406798677,2.862798978799194,1604960.1634905098,443.0,NORMAL
8.265495593701814,8.0,21.0,7695.0,6411.0,400.0,524.0,4714.813895949332,3.832176688697106,592953.4194625578,80.0,NORMAL
1.0033677154518472,3.0,3.0,182.0,191.0,110.0,176.0,1717.109548463933,14.637579359337504,487638.5273132682,53.0,NORMAL
1.10247547155949,1.0,2.0,142.0,296.0,114.0,105.0,1773.772808281825,19.258510075795904,230133.83772537537,53.0,NORMAL
46.81039934348375,20.0,44.0,1416.0,13454.0,1024.0,376.0,1165.2215577773736,2.3080516199821677,921371.4629699725,443.0,NORMAL
1.6415798732429725,2.0,2.0,85.0,293.0,61.0,105.0,4983.311547351878,5.751286544684453,401809.8372836863,53.0,NORMAL
11.468933083003646,6.0,10.0,9123.0,14786.0,303.0,1268.0,1279.2102090294431,5.18898566738573,1132516.3943913262,443.0,NORMAL
0.2586875501221486,3.0,3.0,122.0,276.0,81.0,89.0,4147.5275919523565,7.650683439619288,132511.77930635662,53.0,NORMAL
14.57052139997448,42.0,32.0,1427.0,12001.0,1084.0,953.0,1986.4316728507965,5.362052445616477,127303.39126082306,443.0,NORMAL
0.917239846684998,2255.0,0.0,33887.0,0.0,59.0,0.0,757032.6659724285,4036.787560380608,366.5559174558371,80.0,DoS
0.791215733602285,1.0,1.0,87.0,144.0,58.0,110.0,2516.8125375972486,1.9844265122298288,55088.12642492899,53.0,NORMAL
4.088946191060872,47.0,19.0,11327.0,8681.0,1253.0,297.0,916.8855207917256,4.625771809587823,1710473.7919348583,443.0,NORMAL
3.3803015664201874,8.0,5.0,354.0,329.0,144.0,69.0,51.63820281027491,3.575704031264964,92632.58922252918,21.0,BruteForce
0.1536848201508139,1.0,0.0,55.0,0.0,59.0,0.0,1185.399338025607,5.1171203112876285,6822.124965652643,51983.0,PortScan
51.03448328648756,6.0,36.0,10473.0,8366.0,285.0,933.0,1320.421094706517,4.259661577124153,886782.2722110042,443.0,NORMAL
14.05135706735653,45.0,27.0,13076.0,11380.0,854.0,240.0,1352.3156910809403,5.9014354548320345,403865.1732950445,443.0,NORMAL
31.98463963635655,49.0,11.0,14345.0,7749.0,756.0,414.0,1489.898669010305,0.6293343989329584,1476692.6097295363,443.0,NORMAL
50.26088397115865,27.0,14.0,3372.0,5052.0,456.0,399.0,655.4601060087878,6.1694881851371814,555699.3221136902,443.0,NORMAL
20.549473419079995,46.0,25.0,1722.0,19681.0,1368.0,739.0,934.2797809865633,8.544288395503305,753747.1312695201,443.0,NORMAL
26.10074987836859,21.0,40.0,12471.0,7487.0,861.0,280.0,1722.1498938037573,1.9163528029228076,1456045.394321216,443.0,NORMAL
33.77047063055502,22.0,6.0,4773.0,14541.0,1103.0,207.0,506.0701903618331,6.712218988596796,1669953.5933809695,443.0,NORMAL
38.57723672982985,37.0,34.0,9444.0,13268.0,1299.0,139.0,1050.1184205213954,5.69962305225992,1692003.6819275555,443.0,NORMAL
25.93035727040473,24.0,44.0,7629.0,13644.0,1212.0,376.0,1799.484220698672,0.8710336987561713,1298198.98959291,443.0,NORMAL
35.623625963231866,6.0,19.0,13047.0,14973.0,1243.0,651.0,634.4898938944108,8.00277213404933,211228.7017051481,443.0,NORMAL
56.98424669794666,17.0,46.0,11239.0,1908.0,139.0,333.0,920.7764256077988,7.85045150090903,1779452.8297263987,443.0,NORMAL
15.851692812247201,26.0,18.0,1538.0,21350.0,322.0,252.0,2678.836477269017,6.391674889810875,91036.22434255283,80.0,NORMAL
16.268018914400997,28.0,42.0,2682.0,2885.0,499.0,1206.0,1902.986249440094,7.47409536011198,1808083.0064989782,443.0,NORMAL
1.9299196779133656,1.0,3.0,144.0,77.0,69.0,173.0,1530.3623361725674,14.836436951499216,345729.92984904116,53.0,NORMAL
29.44042242861287,37.0,32.0,8579.0,4166.0,549.0,1271.0,1024.5590830098263,5.9247697168792985,1835902.2177391588,443.0,NORMAL
18.032930469471292,45.0,38.0,10065.0,12344.0,872.0,472.0,1531.056637311531,1.271012866684792,629552.9971191969,443.0,NORMAL
6.959409851577509,11.0,7.0,7604.0,34327.0,1070.0,1351.0,2736.9737903888367,8.144220297151056,836341.1156402959,80.0,NORMAL
11.003381651874522,14.0,27.0,5772.0,44905.0,809.0,977.0,4775.775346883178,1.7132819624414135,569058.3979312454,80.0,NORMAL
1.519997581868637,1632.0,0.0,62435.0,0.0,46.0,0.0,172173.0601357204,3206.3553706947587,400.85334551779545,443.0,DoS
3.781270323837547,5.0,5.0,133.0,165.0,109.0,55.0,342.82016103832774,8.551438374589111,66456.13779262226,21.0,BruteForce
24.901058977126418,47.0,32.0,12877.0,14500.0,663.0,1252.0,933.7898023598487,6.702294383216518,1561344.913081382,443.0,NORMAL
26.552995409996655,3.0,5.0,6065.0,8314.0,461.0,1338.0,3422.397323026806,11.05147881908699,538761.1674439468,80.0,NORMAL
0.17894087103797057,1.0,0.0,59.0,0.0,60.0,0.0,3765.0850172968167,9.111139841128798,9526.134746606247,63780.0,PortScan
1.1942419103118713,3.0,1.0,118.0,85.0,45.0,130.0,2041.1418971685205,19.112868402077126,217784.566230429,53.0,NORMAL
21.320518603734705,11.0,15.0,1457.0,4502.0,408.0,772.0,1081.3414024371193,11.787843261521743,813281.5172959287,80.0,NORMAL
16.570659896227,4.0,26.0,9302.0,38349.0,1253.0,726.0,1784.7225442603713,13.057658504838917,975430.7388976429,80.0,NORMAL
13.431592868164987,23.0,42.0,5295.0,10652.0,271.0,1029.0,1200.7908729204398,6.2899346295114915,1087253.481397458,443.0,NORMAL
12.780753147343225,26.0,38.0,8600.0,6651.0,522.0,319.0,594.9264002089633,8.59526083638417,1580846.8030640213,443.0,NORMAL
0.8173069819992392,3.0,3.0,31.0,163.0,78.0,111.0,4541.171050158606,5.770313538279262,359039.1980238658,53.0,NORMAL
22.04844627492177,31.0,7.0,7200.0,13993.0,290.0,931.0,186.4580518015626,3.8280164957871214,1954912.6295626094,443.0,NORMAL
53.27268714593504,31.0,18.0,4718.0,11196.0,1271.0,371.0,560.1270337898264,8.30587701149615,263716.71746268857,443.0,NORMAL
46.28649008255718,48.0,47.0,8187.0,5127.0,942.0,898.0,284.7263940602071,7.173722609827162,1848490.675212371,443.0,NORMAL
1.8405632348322851,3.0,3.0,32.0,93.0,64.0,138.0,3642.762127762551,12.192241427652524,28468.980520369143,53.0,NORMAL
24.192765755338865,18.0,29.0,11846.0,1642.0,338.0,1077.0,1519.0114304626245,1.8951429120819216,1782681.4645719996,443.0,NORMAL
35.11960556580128,24.0,14.0,1762.0,7416.0,1353.0,500.0,1556.1695447800403,6.360921811456456,1954798.2510132226,443.0,NORMAL
1.452935291028434,1.0,2.0,70.0,291.0,90.0,113.0,4064.9816944177537,10.60198597358696,296390.8896104476,53.0,NORMAL
0.910983348037082,1.0,3.0,121.0,299.0,62.0,98.0,1260.8792871475084,17.281943526650497,248444.73438110916,53.0,NORMAL
0.7486823477850494,4277.0,0.0,186223.0,0.0,54.0,0.0,748336.3526880746,1051.4039786227413,430.6715208096694,22.0,DoS
1.3887431109437571,2.0,1.0,161.0,88.0,61.0,73.0,263.3476455687393,1.0428080323766187,18280.382037099465,53.0,NORMAL
38.594887131688544,43.0,22.0,14489.0,19454.0,280.0,216.0,1475.9656486428944,3.176962217743307,1904595.4924852124,443.0,NORMAL
10.279119282603206,33.0,26.0,6733.0,15225.0,689.0,207.0,1733.104380114807,2.1545929687506526,1517554.4069795199,443.0,NORMAL
29.08697372974688,32.0,23.0,11315.0,6190.0,1313.0,746.0,1675.9082679540309,6.291022314884207,1370344.5230655915,443.0,NORMAL
6.776442851353724,4.0,16.0,5775.0,32427.0,1371.0,1389.0,4961.99734997049,2.570396736730375,301962.387645382,80.0,NORMAL
1.556805677616337,1905.0,0.0,108343.0,0.0,55.0,0.0,307419.80266269104,8649.466035919031,355.9665780268743,80.0,DoS
0.9043891785002435,3.0,3.0,88.0,230.0,71.0,178.0,2957.79265147774,16.245212956640756,264853.78863139404,53.0,NORMAL
8.191279506879905,40.0,7.0,13978.0,16005.0,478.0,739.0,185.1509902745338,6.767572068559875,805533.3810119577,443.0,NORMAL
59.09551463194598,32.0,23.0,4717.0,16630.0,1364.0,790.0,953.3480751976329,1.3246434502890347,1910218.5418858232,443.0,NORMAL
0.14731963000880002,2.0,2.0,63.0,151.0,87.0,157.0,483.923021311461,3.9890532852641343,241450.0560983205,53.0,NORMAL
1.262955179345695,1.0,3.0,151.0,91.0,74.0,73.0,60.99059395046776,6.567604762253641,128764.40419609717,53.0,NORMAL
54.64399214583205,23.0,11.0,14715.0,11433.0,641.0,833.0,1446.828515088122,1.660869237377761,1891905.328668251,443.0,NORMAL
23.745202379478417,25.0,32.0,14897.0,5920.0,135.0,338.0,1590.4767870974204,9.86295898409129,113666.61641493393,443.0,NORMAL
0.5368777989351455,3.0,2.0,116.0,231.0,75.0,103.0,1013.9941170671551,9.250624449881895,84102.39459830882,53.0,NORMAL
0.2994066828639499,1.0,0.0,54.0,0.0,54.0,0.0,869.1125135979988,95.37074543930477,3334.518269540486,23134.0,PortScan
0.6174722337446553,1.0,1.0,54.0,87.0,109.0,79.0,3288.979599158883,14.447655629266135,31991.349493975347,53.0,NORMAL
22.72103406262611,16.0,12.0,9197.0,20962.0,421.0,493.0,4884.604720379709,14.394388534680177,542953.2217759202,80.0,NORMAL
51.21706361949456,29.0,6.0,14844.0,9600.0,1398.0,854.0,614.683504550112,9.083546646171529,877834.9899512534,443.0,NORMAL
1.664569141869358,1.0,2.0,178.0,280.0,104.0,135.0,4535.641717333679,15.93350300526397,348767.81791877764,53.0,NORMAL
0.6592882273909649,3.0,3.0,159.0,101.0,52.0,90.0,2551.511093824184,16.250174834771734,82713.43130123321,53.0,NORMAL
1.870137302324195,1.0,3.0,123.0,76.0,67.0,164.0,182.4565871390088,5.002962443157047,385668.4474950215,53.0,NORMAL
1.2575864864287047,3.0,2.0,95.0,191.0,71.0,178.0,3172.14755286716,17.39769337164077,354671.914558767,53.0,NORMAL
0.2069251373692152,1.0,0.0,74.0,0.0,65.0,0.0,895.5102014759547,84.4225066753331,5783.141485359089,19868.0,PortScan
0.021637126085765193,1.0,0.0,45.0,0.0,73.0,0.0,3915.6383877883727,54.25642884043198,8737.516674360977,5418.0,PortScan
55.24412641965063,17.0,15.0,13373.0,8066.0,745.0,763.0,1478.814512938017,3.4797786371688515,817945.3839672719,443.0,NORMAL
1.6189942352269768,1.0,1.0,90.0,66.0,49.0,81.0,2249.611441585122,6.126768575791737,34232.06032775722,53.0,NORMAL
1.9538999995942654,3.0,1.0,119.0,151.0,64.0,167.0,3382.6335708715455,1.132927524053248,464088.3929508679,53.0,NORMAL
43.60218535396149,45.0,43.0,2265.0,7261.0,298.0,537.0,427.15820235594924,7.994758357933981,1198374.4936605007,443.0,NORMAL
28.8089453484497,8.0,16.0,6052.0,19061.0,320.0,1328.0,450.46254837562253,12.795229082090268,405871.14837657084,80.0,NORMAL
1.3574607838453698,1.0,3.0,146.0,214.0,65.0,68.0,50.891192970615826,19.211365405116016,447599.3570936681,53.0,NORMAL
20.195776113547485,23.0,25.0,1512.0,33053.0,389.0,730.0,3305.9280396197264,2.392343711861039,397667.9351715694,80.0,NORMAL
20.00267076940752,34.0,37.0,8364.0,2379.0,1110.0,1093.0,564.0549893675343,0.6915331301199938,1633604.1487551504,443.0,NORMAL
0.036859569059698616,3.0,3.0,149.0,223.0,106.0,77.0,2176.388087637674,1.5973490365163938,269993.71503597364,53.0,NORMAL
0.016950307591792398,2085.0,0.0,78029.0,0.0,40.0,0.0,523754.73435427033,8525.207953759384,323.7975377417,80.0,DoS
41.95488383708003,25.0,16.0,7676.0,4577.0,833.0,365.0,1822.4082010270297,4.036457098000146,552932.8150915895,443.0,NORMAL
13.733440622313747,10.0,28.0,5483.0,1324.0,633.0,400.0,1029.4419269393688,9.156111052892701,1972442.9156449626,443.0,NORMAL
38.608364188394184,34.0,16.0,5482.0,3430.0,501.0,610.0,762.1411616674055,4.352489603850463,696627.9494651862,443.0,NORMAL
22.77412828389408,18.0,46.0,7644.0,17581.0,688.0,699.0,965.4084880307106,6.852299353211031,1070884.5149618438,443.0,NORMAL
1.0971646560344497,2.0,1.0,97.0,59.0,42.0,93.0,3305.296333190905,8.727680129828322,332291.6840792942,53.0,NORMAL
0.8332735339391788,3375.0,0.0,120569.0,0.0,42.0,0.0,350281.2674634896,9997.832678421186,341.1130822076498,22.0,DoS
1.7760829807744543,2.0,2.0,171.0,147.0,58.0,86.0,2852.4711199379503,9.916090565257797,160159.9590854674,53.0,NORMAL
50.67408044071671,43.0,31.0,14102.0,2774.0,116.0,799.0,1875.7502373467812,6.322535151324422,826927.6775519087,443.0,NORMAL
20.558737826127537,20.0,19.0,4103.0,37331.0,539.0,992.0,4032.320436128468,11.608141907317725,517026.2326429418,80.0,NORMAL
8.527237864938261,15.0,14.0,1694.0,18326.0,1246.0,969.0,233.8359733434947,5.958493342040425,340473.5452465627,443.0,NORMAL
55.70349134928771,48.0,19.0,14988.0,6142.0,676.0,280.0,381.537687626,5.291538684821946,507824.95658053586,443.0,NORMAL
1.3256308052476773,2.0,2.0,120.0,125.0,54.0,140.0,265.48024085068846,1.9185152223230841,295992.41638645553,53.0,NORMAL
0.8795731529315439,3.0,3.0,39.0,256.0,58.0,114.0,2456.791540377401,15.195713008976957,488369.44453003746,53.0,NORMAL
56.48705647682194,49.0,13.0,12446.0,13823.0,1052.0,314.0,1965.3579672761348,2.333868042290886,711414.1263164567,443.0,NORMAL
21.396063616731247,13.0,5.0,14381.0,18804.0,690.0,474.0,1133.080796177313,1.24215359250257,1450249.0164270275,443.0,NORMAL
29.71346754405747,29.0,32.0,4083.0,15258.0,498.0,830.0,1570.6062945285435,5.683590702638869,1465101.008074258,443.0,NORMAL
55.01380955769447,27.0,43.0,12498.0,1079.0,1042.0,1322.0,394.6778519149044,6.217193184141316,644569.5610544825,443.0,NORMAL
43.714410272499535,21.0,13.0,6063.0,6308.0,1048.0,1246.0,778.2654311677397,3.321224094839918,1717367.6346611644,443.0,NORMAL
4.034122995570771,28.0,44.0,12695.0,1455.0,220.0,883.0,1576.5905256359997,3.1498854320580327,289747.9705517808,443.0,NORMAL
7.68104470460456,12.0,48.0,6955.0,6004.0,1024.0,599.0,1713.6106258325442,6.693913111725621,1750639.120049606,443.0,NORMAL
0.36496625385282,1.0,2.0,59.0,223.0,49.0,171.0,123.3200604952857,4.384913293676455,161499.8655565678,53.0,NORMAL
8.93167263507919,36.0,8.0,4065.0,9430.0,1077.0,319.0,405.16665029148714,1.8242161504383316,1648921.5230030247,443.0,NORMAL
42.065758003823404,36.0,43.0,4138.0,8830.0,1027.0,1166.0,1340.9482735503464,2.060096530865922,1030593.358316406,443.0,NORMAL
24.433828247488833,48.0,9.0,3731.0,14087.0,499.0,1085.0,1098.5273891388608,5.587424462376811,363751.6962623097,443.0,NORMAL
0.5996230456613036,1.0,1.0,183.0,160.0,80.0,108.0,2134.766646120057,6.139885542065412,424648.2755932525,53.0,NORMAL
18.547502395471827,11.0,28.0,8792.0,13426.0,785.0,1171.0,2576.4908639121772,3.4593256351234514,953824.4757957286,80.0,NORMAL
0.40664101102926214,1.0,0.0,61.0,0.0,48.0,0.0,191.4645453403226,96.67058294508574,5709.468476031356,51619.0,PortScan
36.74097571770873,20.0,18.0,6775.0,19280.0,291.0,1385.0,1056.467806804477,0.7587524745500338,646896.5568459237,443.0,NORMAL
0.1845236565491474,1.0,0.0,72.0,0.0,57.0,0.0,959.3610444401249,31.523648038719976,9337.18902919934,62976.0,PortScan
27.80826273903769,8.0,20.0,1625.0,17258.0,132.0,1161.0,1112.4827096176523,0.5949408611564224,1547818.8869075573,443.0,NORMAL
1.768613052387289,3.0,2.0,174.0,219.0,55.0,60.0,92.7481105972144,8.391579340113138,453597.81593945983,53.0,NORMAL
0.4230489694616751,1.0,0.0,74.0,0.0,53.0,0.0,3955.67073819048,57.031177765840944,4047.422921557849,29249.0,PortScan
9.301980154876746,48.0,11.0,8652.0,19946.0,1338.0,278.0,371.99699216173667,3.3542311057252134,1626417.3857320503,443.0,NORMAL
58.05508124011263,19.0,25.0,8288.0,10879.0,1163.0,805.0,1005.5175399473059,4.969417334867223,232438.8971427957,443.0,NORMAL
1.6745879974266553,1.0,2.0,117.0,157.0,101.0,161.0,2077.0593252268136,4.393485582833943,61214.86550992684,53.0,NORMAL
25.881534685533868,6.0,15.0,11240.0,5682.0,1246.0,1348.0,1821.4369659753274,8.52856792417603,1135221.759888473,443.0,NORMAL
0.11856069861022088,2.0,2.0,142.0,287.0,103.0,139.0,382.8782222131136,1.1216270152886425,71903.48429671123,53.0,NORMAL
0.23284468452647847,1.0,0.0,48.0,0.0,72.0,0.0,1788.7635807110025,41.20019255976397,7375.277546545094,24078.0,PortScan
18.774650384840022,22.0,30.0,11537.0,15432.0,558.0,133.0,1323.309685341939,2.164379615262532,1760132.2047881829,443.0,NORMAL
16.32897931595702,14.0,12.0,2207.0,2600.0,587.0,1112.0,1395.2840304047552,3.4016562718011434,166964.45323329704,443.0,NORMAL
9.085774589972658,20.0,21.0,4454.0,41393.0,495.0,834.0,3855.392769426282,9.395596364103035,196336.64134536247,80.0,NORMAL
17.560309715442482,45.0,26.0,4331.0,10475.0,810.0,178.0,310.1433278168963,8.372287142316985,1016400.5983340114,443.0,NORMAL
0.585941494679912,3768.0,0.0,111205.0,0.0,41.0,0.0,938652.4968736306,8317.614722742896,223.6857156904222,80.0,DoS
31.055905560837594,32.0,17.0,5681.0,14123.0,1120.0,597.0,1794.8485811569494,4.968928022425694,1524929.171268051,443.0,NORMAL
1.1232353726358884,2.0,1.0,190.0,108.0,98.0,110.0,3378.364543971696,12.281171500485087,392673.16518890776,53.0,NORMAL
11.92653850418061,48.0,9.0,4897.0,7437.0,228.0,1392.0,1480.8365090566483,1.8399837501672471,959105.4291973987,443.0,NORMAL
1.4324069572148999,3.0,1.0,165.0,114.0,82.0,102.0,2612.0513635126667,3.6674533934019773,94980.46481013097,53.0,NORMAL
35.36293683422754,6.0,38.0,11578.0,12995.0,1297.0,1131.0,1181.23907162114,2.5488000182654322,1600308.8800300655,443.0,NORMAL
57.09558975614895,21.0,25.0,12886.0,18701.0,581.0,1080.0,1438.100244958657,9.88176137418487,222172.9086934402,443.0,NORMAL
29.973744448631262,3.0,6.0,1165.0,45851.0,663.0,1208.0,3929.5302147459984,11.278522164088425,460557.0575300645,80.0,NORMAL
1.9155079937243884,1.0,2.0,99.0,149.0,49.0,141.0,2965.901096337635,5.658810372635143,364893.01572340174,53.0,NORMAL
1.5156933863445534,1.0,2.0,185.0,282.0,43.0,125.0,2577.252688967705,12.00463121094143,462287.93256729224,53.0,NORMAL
7.474435721972707,47.0,33.0,8910.0,7609.0,1137.0,451.0,770.331417605221,4.961016681842345,957903.6082702652,443.0,NORMAL
25.16810479881869,45.0,46.0,11099.0,4107.0,162.0,1290.0,626.7275141015763,6.746771320416719,1090082.531086232,443.0,NORMAL
0.43084631816607033,1.0,0.0,69.0,0.0,60.0,0.0,2082.7077800352936,80.12897645388448,5715.807348227812,55532.0,PortScan
1.7517705992394157,2.0,3.0,100.0,245.0,97.0,163.0,2962.1502892098524,19.276796946454866,336833.86622466374,53.0,NORMAL
36.85647089785269,5.0,26.0,8145.0,11057.0,764.0,218.0,150.04353332224883,0.8991766170304167,1101593.7202032045,443.0,NORMAL
1.9314942096562095,1.0,2.0,55.0,54.0,77.0,89.0,599.7796036382333,9.415190276947294,91336.81595982653,53.0,NORMAL
14.44817458997456,5.0,26.0,14942.0,3368.0,1226.0,746.0,1380.3442484474074,1.3701243243724526,1943905.6282393867,443.0,NORMAL
1.0066542199103379,1.0,1.0,178.0,126.0,96.0,61.0,433.78962820734876,10.018925525676497,319184.63297154504,53.0,NORMAL
1.3223241999848496,1.0,3.0,172.0,152.0,65.0,168.0,730.365073514003,8.816862245948895,194342.78356606324,53.0,NORMAL
0.22760017836339635,3.0,3.0,49.0,122.0,72.0,92.0,1171.901530094776,15.612247427123014,201235.0226473333,53.0,NORMAL
19.6599388340291,49.0,43.0,1814.0,7724.0,659.0,681.0,1051.0253865510383,6.814264428621437,1833702.4728667627,443.0,NORMAL
1.2982667743799463,8.0,3.0,415.0,254.0,59.0,109.0,452.18507832875156,2.3518564362678385,230632.43637283976,22.0,BruteForce
0.4483694738159979,1.0,2.0,46.0,113.0,44.0,146.0,3061.3050058658505,14.995804498221167,444894.05363670125,53.0,NORMAL
1.602677411270946,2.0,2.0,137.0,265.0,104.0,60.0,712.306723096647,12.34726365225021,293538.85692346323,53.0,NORMAL
24.973335352716266,3.0,12.0,5339.0,45179.0,1247.0,852.0,4003.6727944570716,4.354882023420801,867333.3617596041,80.0,NORMAL
12.345052109711576,8.0,9.0,3484.0,2081.0,778.0,795.0,176.28076305460672,7.507306036455261,1884231.46499203,443.0,NORMAL
44.011422914418254,42.0,19.0,4219.0,17191.0,1296.0,760.0,712.4746774717349,5.899446209052141,1603260.5545702698,443.0,NORMAL
2.8084976301425577,11.0,31.0,6664.0,16954.0,128.0,667.0,1183.4549406470214,8.55553045991045,1069593.9084828757,443.0,NORMAL
3.321268899442069,6.0,17.0,9265.0,11419.0,1082.0,115.0,658.4415340920748,5.819434170848425,448785.09504097956,443.0,NORMAL
55.645450037475136,26.0,39.0,9839.0,2602.0,1011.0,430.0,605.6848991664897,4.225488224791674,1866988.9465973454,443.0,NORMAL
55.18715949657911,12.0,23.0,7744.0,15879.0,798.0,491.0,201.32850069331903,0.9511951344820612,1635370.2141683565,443.0,NORMAL
1.2196205626908982,1.0,2.0,37.0,176.0,88.0,174.0,651.3175867270706,5.964768113210487,243671.0113284495,53.0,NORMAL
17.171736394428684,8.0,26.0,1609.0,38788.0,1322.0,185.0,2332.6492210283177,14.867859358429918,335238.8484788974,80.0,NORMAL
0.5585972253751357,1.0,3.0,166.0,183.0,72.0,117.0,3443.57669939533,11.986315246114076,145894.339739307,53.0,NORMAL
0.3288270871881216,4310.0,0.0,64278.0,0.0,57.0,0.0,724435.2802052088,9590.803563787045,456.7512641351879,22.0,DoS
17.440141389960075,8.0,40.0,1080.0,3459.0,389.0,248.0,826.2862378471688,2.707076000553312,1369167.0118758495,443.0,NORMAL
0.4692231171115115,2.0,2.0,84.0,122.0,65.0,137.0,2523.866309880046,18.78039662667722,136646.62814822054,53.0,NORMAL
25.250679718595578,10.0,44.0,11588.0,8704.0,934.0,482.0,1888.4509057491264,2.1714455085434903,1370268.7985680087,443.0,NORMAL
1.596238994444846,3.0,2.0,172.0,223.0,70.0,143.0,820.4774537453209,5.224207132883869,237127.69545872658,53.0,NORMAL
54.474908720589426,40.0,16.0,1710.0,9367.0,424.0,763.0,1768.6109895209856,8.98675805163982,1402913.0914279188,443.0,NORMAL
1.0626768546541425,1980.0,0.0,87904.0,0.0,59.0,0.0,910500.6436742119,7603.721873375965,19.362384159886204,443.0,DoS
18.610776525512666,10.0,22.0,3973.0,9708.0,501.0,558.0,1591.4905577942825,2.6541936030544333,429921.0689968117,80.0,NORMAL
25.184388492081005,28.0,37.0,3422.0,14117.0,1257.0,217.0,212.5720595594823,3.6374533595041285,1147257.883128181,443.0,NORMAL
30.523667596901873,18.0,5.0,4435.0,7954.0,185.0,811.0,334.0645872813774,6.1010507336568285,1359603.6195162612,443.0,NORMAL
27.599522912843796,43.0,40.0,9967.0,9831.0,615.0,1183.0,1308.9750764562057,7.036352768754724,1795969.13476916,443.0,NORMAL
1.222230813948685,1.0,1.0,145.0,151.0,74.0,90.0,4070.8892082378948,2.5625893224859566,46273.90442292242,53.0,NORMAL
3.2220106590921054,5.0,6.0,429.0,352.0,112.0,62.0,290.4931133747201,9.293307263439889,448756.2300992153,22.0,BruteForce
0.4662425206648457,1561.0,0.0,81439.0,0.0,47.0,0.0,600840.4443605167,1703.211254083125,469.2201573161396,80.0,DoS
0.47085479191791035,1.0,0.0,47.0,0.0,43.0,0.0,1604.3646097672156,88.74529360227733,8690.105744190078,57169.0,PortScan
8.641380355685445,31.0,30.0,13700.0,19095.0,741.0,661.0,705.1429952013693,6.437718489849175,1484821.402760155,443.0,NORMAL
0.0894532397111896,2.0,1.0,88.0,192.0,66.0,122.0,4774.522978951302,9.318835995664022,478672.76213785424,53.0,NORMAL
59.10563073877774,29.0,43.0,2160.0,14156.0,1250.0,1106.0,1372.792648930973,6.210729394337553,1191274.633577368,443.0,NORMAL
16.325473241859246,30.0,10.0,10107.0,15203.0,252.0,578.0,982.975136875071,9.806847239012791,481228.1768898494,443.0,NORMAL
30.403698591629304,16.0,8.0,2212.0,4973.0,1332.0,650.0,614.5810666459226,8.543891383503679,1290753.8943178966,443.0,NORMAL
0.22794885978687904,1.0,0.0,48.0,0.0,59.0,0.0,4328.760957630262,24.188227832009357,6417.123576862262,11618.0,PortScan
24.456748814330453,12.0,5.0,2551.0,17853.0,1149.0,542.0,762.3514065893131,2.593904540149466,702009.5024080955,80.0,NORMAL
0.43464837493726644,1.0,0.0,40.0,0.0,73.0,0.0,1756.9554892844424,73.63766940588191,9100.024915353031,63974.0,PortScan
1.4293459125201977,3.0,1.0,121.0,280.0,84.0,78.0,109.38356136024447,7.4701956198982025,440588.8448111427,53.0,NORMAL
22.74305427970191,36.0,11.0,3515.0,6353.0,278.0,481.0,1861.6491608707604,7.265034862108968,605993.3996361517,443.0,NORMAL
38.67303091218105,13.0,19.0,3409.0,11253.0,1123.0,499.0,1317.8092177115334,1.8272468111670044,1975984.3886171351,443.0,NORMAL
10.025281831208854,13.0,17.0,4504.0,34897.0,340.0,862.0,3445.575054970157,10.054940941833687,462648.84605409886,80.0,NORMAL
3.6233314891824895,7.0,6.0,164.0,378.0,140.0,51.0,416.07613002989876,6.675354225206519,200230.37083768597,21.0,BruteForce
23.397663164746017,19.0,25.0,885.0,28375.0,1384.0,198.0,2373.389087055518,5.393516157940603,837985.217481715,80.0,NORMAL
1.48545310195819,3.0,2.0,124.0,239.0,73.0,79.0,4966.19530717491,12.007724195756134,215158.4309957741,53.0,NORMAL
1.8419157971796958,1.0,2.0,173.0,246.0,112.0,71.0,618.4835034216196,8.281834239018714,227909.31678899023,53.0,NORMAL
1.4163321821672383,2.0,2.0,160.0,224.0,109.0,179.0,3932.0226700026133,10.004787866490222,169836.5882152579,53.0,NORMAL
0.6526158962122414,3.0,1.0,120.0,93.0,49.0,95.0,2802.732980966093,2.310741455984519,371543.90811402583,53.0,NORMAL
21.52854328334783,12.0,28.0,7200.0,19953.0,804.0,292.0,1065.8594824259094,7.395714752851491,164846.817735238,443.0,NORMAL
50.82841451356915,29.0,28.0,1889.0,8176.0,148.0,998.0,1844.3454683104185,3.57538019437563,530711.4306701754,443.0,NORMAL
0.8244527300059065,3.0,2.0,51.0,59.0,112.0,174.0,3896.943012808982,18.187787225131647,105888.0935171099,53.0,NORMAL
43.15102568020329,23.0,13.0,10292.0,14494.0,934.0,553.0,185.71089148874836,6.967762354558592,588855.8784077846,443.0,NORMAL
37.92573502713994,7.0,27.0,7468.0,3341.0,247.0,275.0,610.8622137488783,1.412104615079688,911939.1408290962,443.0,NORMAL
26.0290985455716,30.0,39.0,1897.0,2111.0,446.0,1299.0,1264.9044323156204,1.18671920922801,1913542.4540640814,443.0,NORMAL
36.74071434205634,12.0,26.0,8368.0,4535.0,1348.0,723.0,1356.2627094906823,3.385135456724994,1741733.9559763907,443.0,NORMAL
31.213490439657576,7.0,12.0,2025.0,11456.0,824.0,467.0,766.4311080237744,8.948707314203759,1585475.622772293,443.0,NORMAL
29.003221669239018,34.0,29.0,6745.0,3788.0,615.0,895.0,880.7139120783172,8.740638222050132,1066481.8009708829,443.0,NORMAL
28.44713112473937,5.0,26.0,1740.0,6162.0,301.0,626.0,1534.9494092799087,9.720898034025033,1053936.053907665,443.0,NORMAL
0.42755381153794675,3.0,2.0,116.0,243.0,78.0,78.0,3732.7328280061615,4.079304944643567,163390.70842399466,53.0,NORMAL
6.381160079872732,32.0,7.0,2406.0,11190.0,316.0,1190.0,1808.7964049497612,5.454643767338383,1967324.825439536,443.0,NORMAL
45.48375231221025,8.0,46.0,8822.0,18745.0,198.0,1269.0,1388.5406574829265,8.541191480591813,1611228.030832974,443.0,NORMAL
0.4659914432148245,1.0,0.0,51.0,0.0,47.0,0.0,311.74576732272,55.04505210264067,6942.157247657701,17078.0,PortScan
40.64167187232498,22.0,42.0,11706.0,10613.0,478.0,351.0,351.74801690594455,7.668906936273261,1317052.2136236911,443.0,NORMAL
0.9900982000839313,2.0,2.0,163.0,155.0,60.0,135.0,3764.5820463144155,1.9757452994230278,461604.6220883428,53.0,NORMAL
8.385961739950476,7.0,21.0,12953.0,15515.0,546.0,987.0,788.5802194452731,8.673488729383351,1803541.8203044587,443.0,NORMAL
24.04156380595177,14.0,17.0,7390.0,49033.0,1104.0,1072.0,1291.1339736478797,8.142061754771266,817039.5710353238,80.0,NORMAL
0.19398397228425307,1.0,0.0,50.0,0.0,70.0,0.0,420.0951228690687,88.59922043731034,216.35047821001334,52182.0,PortScan
1.7748917673908708,1.0,3.0,58.0,261.0,99.0,71.0,1966.7664499431194,2.954446073278937,380743.1229120249,53.0,NORMAL
0.5203609556944072,3.0,1.0,68.0,109.0,66.0,153.0,1202.4751066950105,14.79061592290416,452112.095486043,53.0,NORMAL
0.4135309468509369,1.0,0.0,77.0,0.0,65.0,0.0,4072.239480823204,18.590399748480095,6558.657123130946,60273.0,PortScan
0.010488128118866206,1.0,2.0,196.0,186.0,116.0,82.0,3482.5945957871745,14.664972667383692,46990.237700760445,53.0,NORMAL
19.547002883503275,36.0,6.0,7957.0,19107.0,356.0,868.0,1437.789400355155,0.758032363809707,1992618.8233665333,443.0,NORMAL
56.56181698551658,29.0,12.0,12010.0,1332.0,172.0,516.0,1615.8472128508138,1.0782903202683085,1501871.9219531957,443.0,NORMAL
0.2939737160604081,2.0,3.0,168.0,218.0,76.0,126.0,1250.265246956523,3.5202174565054296,458541.3623775901,53.0,NORMAL
0.3727627900747103,1.0,0.0,67.0,0.0,76.0,0.0,4166.224686287587,91.85816888830023,9650.081348890679,59074.0,PortScan
1.0234558406072425,3.0,2.0,56.0,81.0,56.0,89.0,1701.2031532516435,16.248955376169548,105734.18582234283,53.0,NORMAL
19.358763008554796,4.0,4.0,3236.0,33924.0,719.0,1220.0,2898.616100405434,13.18878639445015,880232.4309952518,80.0,NORMAL
14.684878670842549,37.0,33.0,12967.0,8038.0,358.0,1123.0,500.81016658023145,6.339143008587587,435952.9797816063,443.0,NORMAL
0.38606065072787593,3.0,3.0,181.0,278.0,64.0,100.0,2920.4715497587213,9.695202538272206,483384.1612696381,53.0,NORMAL
0.4428356140387894,3.0,3.0,85.0,55.0,112.0,169.0,4198.550418740767,11.556581012887015,38529.700254917974,53.0,NORMAL
15.035220375113376,23.0,4.0,1413.0,32574.0,649.0,1280.0,2214.02901601908,3.7035227215098,121705.06067469718,80.0,NORMAL
0.3889546321456261,3.0,1.0,193.0,251.0,55.0,138.0,1378.5575072610832,10.364530624107996,403869.8790217846,53.0,NORMAL
23.550821145218848,9.0,7.0,1875.0,40690.0,1257.0,856.0,676.0282570571815,1.5050263973475082,846025.6054290783,80.0,NORMAL
20.06897298922456,49.0,32.0,1879.0,7060.0,1142.0,917.0,750.6978568480748,1.4318964792893238,1168224.1747040001,443.0,NORMAL
36.90310908909153,27.0,39.0,8211.0,19374.0,742.0,1386.0,1695.7302064592127,3.2973404811641127,1201553.5169109674,443.0,NORMAL
0.9673146642385498,1.0,2.0,174.0,269.0,112.0,96.0,3737.811954993216,1.7863404028287284,375585.358385482,53.0,NORMAL
0.6860841287924276,2.0,1.0,96.0,81.0,80.0,161.0,4825.905778010581,3.0038779743073967,159539.02040066148,53.0,NORMAL
0.9959866466933159,2600.0,0.0,186086.0,0.0,51.0,0.0,665276.4309217784,7716.439607089229,412.645481168923,443.0,DoS
0.06231679927263866,2.0,1.0,195.0,279.0,105.0,121.0,1966.8974734861279,3.3340485582802755,384856.0576881603,53.0,NORMAL
0.7147976602553118,2.0,3.0,170.0,262.0,72.0,177.0,4662.505377867764,11.979406965328858,429738.8045908216,53.0,NORMAL
7.011650895894798,28.0,5.0,2415.0,10245.0,707.0,469.0,1944.6100628215179,5.833005663574484,206832.1172193762,443.0,NORMAL
11.512038456582653,17.0,19.0,7531.0,48636.0,434.0,803.0,2415.0653882948245,11.668505696753819,492994.25051258825,80.0,NORMAL
0.39526097073218586,2.0,1.0,44.0,63.0,57.0,64.0,4825.237688871507,10.468759846163422,167759.4801133872,53.0,NORMAL
20.749869184412738,5.0,28.0,3838.0,20302.0,297.0,292.0,1961.853967186638,5.827134457548892,877673.9736215416,80.0,NORMAL
17.941139526989957,29.0,45.0,3036.0,19156.0,800.0,272.0,352.864614428315,4.3979794626079105,505088.1372458032,443.0,NORMAL
54.46245203118022,37.0,32.0,6988.0,11002.0,490.0,554.0,1955.1896861202742,7.162150558232215,338758.84426186106,443.0,NORMAL
55.60854226149981,8.0,25.0,2211.0,17101.0,892.0,1391.0,1233.2666019838382,5.182352205668796,1059400.7493011607,443.0,NORMAL
45.016647876659974,20.0,16.0,10663.0,15228.0,1363.0,794.0,418.7143716652452,2.428209434559742,117219.88655462439,443.0,NORMAL
14.096357554044017,33.0,24.0,4574.0,5422.0,513.0,1357.0,1419.7823461369053,8.414880386693042,1049416.5452848496,443.0,NORMAL
0.3201195797601956,3.0,2.0,125.0,277.0,111.0,76.0,4020.795105961458,2.345644567565589,305895.8113845553,53.0,NORMAL
1.836066725213751,2.0,2.0,67.0,141.0,101.0,114.0,1815.871855777254,12.897207524683715,475356.40364158875,53.0,NORMAL
1.8502560445733163,3812.0,0.0,128426.0,0.0,54.0,0.0,344601.62602324144,2009.1149180660686,333.06443041453014,22.0,DoS
1.2910862804061152,2.0,3.0,136.0,143.0,44.0,100.0,1439.4235191185344,9.544397752789866,129967.84568282253,53.0,NORMAL
28.170172216720154,20.0,24.0,3855.0,21843.0,522.0,752.0,997.4179419738132,4.36270669130017,923170.6855767478,80.0,NORMAL
55.42746348946044,21.0,8.0,11689.0,16597.0,927.0,659.0,1977.6695958114663,1.099499636157445,1944874.6386168532,443.0,NORMAL
5.163556096625361,47.0,28.0,7860.0,16539.0,542.0,810.0,1033.6861337834753,4.116138393625844,998669.1566390543,443.0,NORMAL
4.427425172740637,48.0,29.0,2183.0,6480.0,1348.0,1013.0,818.2584570611897,5.946594756946103,1374768.5066128073,443.0,NORMAL
2.0545621492714146,16.0,7.0,8022.0,6399.0,775.0,661.0,309.8253054865613,7.210602494078897,706806.1662326973,443.0,NORMAL
36.60609266655934,43.0,11.0,5317.0,12463.0,746.0,165.0,1999.7557327208542,8.269541209074088,341762.0282117629,443.0,NORMAL
11.86926551504354,22.0,22.0,2485.0,7641.0,466.0,1045.0,939.8524560178051,1.3596197725707506,379463.38531373505,443.0,NORMAL
17.80558916827059,39.0,34.0,12161.0,10915.0,607.0,699.0,1131.0526360594786,8.733240778274611,455769.2029835749,443.0,NORMAL
7.971724829677719,49.0,10.0,9123.0,19858.0,1398.0,403.0,1861.4313204972516,1.5044850453012797,251808.8618085977,443.0,NORMAL
16.203290422161608,49.0,29.0,13349.0,17943.0,1154.0,514.0,1179.8862466279718,1.935451512158687,911632.1003787178,443.0,NORMAL
1.9859959726233303,1.0,1.0,92.0,90.0,68.0,67.0,3167.6434730288297,16.928687473710653,133387.07172240087,53.0,NORMAL
0.31525291082857326,1.0,3.0,112.0,153.0,48.0,153.0,1060.2538097662714,11.566468735495759,418039.5550334306,53.0,NORMAL
53.8693866954861,29.0,40.0,12555.0,1246.0,271.0,978.0,1382.1132162429562,1.2495810895535309,622422.3097541162,443.0,NORMAL
0.2951333974183251,2.0,3.0,39.0,128.0,113.0,137.0,2387.11701434149,13.654224034247541,351060.68887533445,53.0,NORMAL
0.10237855703904046,3.0,3.0,115.0,207.0,50.0,178.0,3959.446047170655,4.134659203588804,467096.40237666585,53.0,NORMAL
54.829437391384765,20.0,40.0,6255.0,4751.0,399.0,1044.0,1241.1337368009551,4.093117602307445,1034319.0151979043,443.0,NORMAL
40.678588908545265,34.0,42.0,1916.0,5263.0,1298.0,1009.0,999.3729407323221,6.001689259436663,1615637.46756956,443.0,NORMAL
1.1702358312029864,875.0,0.0,169681.0,0.0,57.0,0.0,729085.5901645822,8053.764123626649,491.89925508952973,22.0,DoS
22.02977610551668,4.0,23.0,7636.0,3633.0,1230.0,1088.0,3566.8876997711736,13.554937928026256,405937.8319059448,80.0,NORMAL
12.55090115532922,32.0,43.0,7461.0,7733.0,1374.0,996.0,1700.33598762161,2.6308749548372585,726472.6717725685,443.0,NORMAL
1.8095208018654108,4032.0,0.0,174721.0,0.0,40.0,0.0,776434.9863772413,2143.1704625116045,159.61398456934995,22.0,DoS
1.0095112083158768,3.0,3.0,40.0,294.0,106.0,67.0,3340.2405768460735,2.81400437516782,155356.49593963547,53.0,NORMAL
53.69232210652948,18.0,48.0,14136.0,17727.0,734.0,344.0,1329.184953253213,7.861172552618192,102749.71898989871,443.0,NORMAL
0.35434913461596523,1.0,3.0,70.0,290.0,50.0,107.0,3281.336252990118,8.119072393810999,281038.46443608776,53.0,NORMAL
24.805489106531425,39.0,38.0,9399.0,9998.0,195.0,1174.0,1261.5707584727695,1.97339557317674,1573579.4808379202,443.0,NORMAL
54.46902025074117,39.0,18.0,11919.0,15322.0,481.0,675.0,495.3657082152095,0.7120672925283174,944824.3872181871,443.0,NORMAL
0.79897156029595,3.0,3.0,110.0,296.0,49.0,91.0,2141.8730588372773,17.06859115389394,293255.6661065176,53.0,NORMAL
36.85737521291063,30.0,45.0,4270.0,1868.0,1277.0,475.0,1625.4461075553377,4.059954127804653,1908493.239236654,443.0,NORMAL
22.621230557412474,38.0,39.0,11969.0,18443.0,504.0,491.0,1652.9580144273,9.288323008618335,819096.3531459415,443.0,NORMAL
1.588786424350993,3.0,1.0,110.0,293.0,95.0,126.0,3430.0043936767224,15.171008274013513,207025.20996827743,53.0,NORMAL
47.01120834470764,29.0,31.0,5374.0,14986.0,1150.0,1008.0,1002.7796422980767,1.888469481605029,1287525.1733204871,443.0,NORMAL
0.2517253058032835,1.0,0.0,54.0,0.0,69.0,0.0,4067.617368715119,31.660516333790326,9063.03794431683,63869.0,PortScan
7.6032575444659445,35.0,26.0,6938.0,15568.0,756.0,458.0,1974.8736350325596,3.4617584906952312,220038.29491225682,443.0,NORMAL
0.6701073308902686,1518.0,0.0,199403.0,0.0,55.0,0.0,532814.3670338203,4053.095606404477,410.52801450276394,22.0,DoS
0.21673225206899496,1.0,0.0,59.0,0.0,59.0,0.0,4882.531939986499,3.9943862873786564,7904.822126732628,21635.0,PortScan
44.56850334582826,44.0,5.0,13696.0,2263.0,121.0,432.0,495.7656738609143,9.124732070461203,1201595.6013090797,443.0,NORMAL
3.4417731005843435,4.0,4.0,159.0,296.0,64.0,72.0,225.44762245574765,5.093734541716367,477468.3639546638,21.0,BruteForce
0.8364150981896867,3827.0,0.0,88286.0,0.0,56.0,0.0,570756.880837226,4951.003154722821,197.03685344339206,80.0,DoS
1.5235644896482974,3.0,3.0,115.0,178.0,43.0,129.0,3910.88695597957,16.09218674714119,216223.9722623535,53.0,NORMAL
6.817149497020488,9.0,9.0,8603.0,5979.0,948.0,690.0,3985.5375699637843,2.0625405241425248,917058.3167848359,80.0,NORMAL
0.01850749807437701,3.0,3.0,95.0,190.0,47.0,82.0,753.9144735769847,1.3776198894294138,443048.0269208035,53.0,NORMAL
3.8640146064732277,5.0,3.0,155.0,290.0,144.0,63.0,333.3041394799463,2.726850638286022,258003.28529295098,21.0,BruteForce
1.5223288740274445,1.0,1.0,184.0,144.0,65.0,117.0,1901.2395358913802,16.02484410728009,304183.7507469157,53.0,NORMAL
30.119248240067,12.0,27.0,9085.0,14930.0,991.0,1094.0,1063.952711412211,0.7492684934321265,290866.4439156656,443.0,NORMAL
59.602045909954875,12.0,32.0,1479.0,11431.0,128.0,652.0,1813.7773791569966,5.148088939772798,594175.6256163014,443.0,NORMAL
0.09534129995842228,1.0,0.0,54.0,0.0,74.0,0.0,3241.6593028039224,37.66226201892451,8870.794535973577,20004.0,PortScan
46.483820021003496,48.0,23.0,8902.0,3976.0,660.0,1246.0,1047.3864802059388,7.925971475616387,1398147.5357625186,443.0,NORMAL
21.279760568177597,14.0,26.0,567.0,25940.0,356.0,852.0,3198.067908892903,13.184186860613885,700116.041031302,80.0,NORMAL
15.152572652600739,35.0,28.0,6679.0,6630.0,891.0,961.0,1776.3120814820527,6.862607118034328,1235074.9947650062,443.0,NORMAL
1.178021674177769,1.0,3.0,161.0,86.0,92.0,171.0,260.0536994387478,7.501585608631763,311007.50233781844,53.0,NORMAL
1.7038229023339242,3766.0,0.0,174095.0,0.0,51.0,0.0,879599.5793538458,7521.635369421753,292.35399245040037,22.0,DoS
36.40121233903892,29.0,37.0,9464.0,1494.0,918.0,210.0,1063.3905521905886,7.048738214424019,1751763.7532448554,443.0,NORMAL
38.27839551801816,35.0,17.0,9480.0,7047.0,610.0,1103.0,447.649428488252,6.539499393425056,725319.2845001718,443.0,NORMAL
22.209977921965553,10.0,9.0,10908.0,1881.0,674.0,342.0,1930.4474189027133,7.152903126987523,1581400.294194598,443.0,NORMAL
0.2522517922488085,1.0,1.0,162.0,239.0,119.0,107.0,2158.1894774710563,12.091926750939363,248032.49808368014,53.0,NORMAL
26.467913227551083,30.0,30.0,6729.0,15481.0,1005.0,851.0,1937.5302386840203,9.513607881937537,1657766.1324695484,443.0,NORMAL
1.7798823039222316,1.0,3.0,158.0,196.0,65.0,102.0,3803.7438298304473,13.958066199185591,45677.876141181834,53.0,NORMAL
28.485538945136476,24.0,24.0,657.0,22022.0,441.0,998.0,410.56566520380716,4.738995063989936,515793.7716344028,80.0,NORMAL
0.8403966742328464,3500.0,0.0,21631.0,0.0,46.0,0.0,118106.30615963026,5863.918542298419,23.456271687583726,80.0,DoS
14.297494812399185,19.0,49.0,8614.0,10843.0,496.0,586.0,1880.6601428641236,4.437726488820025,1972753.7103606528,443.0,NORMAL
30.937304384350725,19.0,24.0,10432.0,10034.0,1161.0,435.0,1031.3827712569068,9.847748802732552,1703677.7355475433,443.0,NORMAL
1.8584034919937462,1.0,1.0,145.0,69.0,71.0,63.0,1814.215122983314,4.9939974851810875,243061.7366815455,53.0,NORMAL
24.43995014306167,36.0,6.0,10268.0,6122.0,172.0,583.0,1488.0108399101882,6.694625287010139,1471202.638684626,443.0,NORMAL
2.8263916642412683,19.0,15.0,6660.0,12294.0,1251.0,235.0,353.97347284293403,2.359243236192645,434097.34021864174,443.0,NORMAL
9.962258917225366,27.0,29.0,14542.0,2753.0,1094.0,583.0,907.6295298704142,1.099917418115203,708437.0778401914,443.0,NORMAL
1.688807199868949,9.0,5.0,373.0,296.0,109.0,78.0,165.30477772849224,3.059432613638849,280025.9277964601,21.0,BruteForce
1.6349008661487376,2.0,2.0,101.0,158.0,114.0,138.0,1272.5896888627417,6.021252633768938,418129.09469269373,53.0,NORMAL
28.353840192611173,29.0,11.0,6007.0,20068.0,980.0,1259.0,2816.470539491299,1.2110151806083684,642514.5231577061,80.0,NORMAL
1.9737925642692875,1.0,2.0,80.0,265.0,71.0,67.0,2533.7462578808186,16.270784449005657,241127.84991444554,53.0,NORMAL
0.39326938969030384,2.0,3.0,143.0,113.0,47.0,65.0,1867.4378067897508,12.641279993360335,395863.6947363693,53.0,NORMAL
1.2409700525723573,3.0,2.0,77.0,172.0,73.0,69.0,1852.1488307814152,1.7969473240162974,38497.554774806675,53.0,NORMAL
0.6007670235552093,1.0,1.0,188.0,285.0,55.0,171.0,2066.4337507339887,5.505529972646323,410969.47165837366,53.0,NORMAL
0.9483357160496388,1.0,2.0,47.0,250.0,59.0,75.0,4512.969778132195,2.9726104998678355,383872.92678285437,53.0,NORMAL
4.057588672523187,24.0,46.0,11286.0,19982.0,382.0,440.0,299.91510086946613,6.006490417247827,1596669.4958625995,443.0,NORMAL
1.712401896919024,1.0,2.0,102.0,111.0,51.0,147.0,4650.981400618878,8.410715310618512,14482.782505758249,53.0,NORMAL
36.438412926352996,44.0,41.0,1255.0,9953.0,163.0,263.0,1853.5627538305398,7.151773849613353,1333860.8880172377,443.0,NORMAL
0.9401109978287505,2.0,3.0,102.0,183.0,41.0,130.0,139.0169863125156,2.193199854134927,492760.577185449,53.0,NORMAL
24.473480343698757,13.0,28.0,3142.0,12549.0,1348.0,1134.0,1257.6651346536873,1.79112013178064,647283.618591216,443.0,NORMAL
48.62217670452807,18.0,30.0,6622.0,6149.0,400.0,574.0,1445.5722821478191,7.389403767659661,1923498.826402536,443.0,NORMAL
1.9430942648022496,3.0,1.0,132.0,209.0,101.0,131.0,2225.7890630773254,15.99614497318344,167486.9759123437,53.0,NORMAL
2.250268067544648,8.0,6.0,399.0,386.0,96.0,73.0,132.2723438928675,9.149135011448342,416663.0853363216,22.0,BruteForce
25.88786253379105,28.0,14.0,9851.0,13906.0,361.0,797.0,1576.0738919407845,2.5784930851720427,1271151.4970760325,443.0,NORMAL
0.12647816115799962,3.0,2.0,67.0,252.0,92.0,100.0,4942.196961512951,3.325196557336551,459054.6902118181,53.0,NORMAL
15.302174212489733,34.0,31.0,12073.0,6738.0,276.0,473.0,1356.663862925688,2.5789294370830795,111942.53715032329,443.0,NORMAL
2.075722377905336,41.0,43.0,13933.0,13336.0,314.0,1265.0,775.945358489175,5.560011068273429,1680141.6264593706,443.0,NORMAL
47.465396065667974,16.0,13.0,10487.0,9308.0,511.0,588.0,616.3829522632748,5.046656096661605,984083.6731954946,443.0,NORMAL
2.6588568296669335,4.0,3.0,303.0,376.0,97.0,75.0,452.81552252823474,9.500343281469078,276872.5463844476,22.0,BruteForce
0.5789918840983116,1050.0,0.0,184120.0,0.0,43.0,0.0,193254.62829464313,8283.171028442333,108.86795751106952,443.0,DoS
18.095335721912313,23.0,28.0,11797.0,14478.0,139.0,1037.0,1881.8053448948851,4.592048761372305,547085.9563432045,443.0,NORMAL
1.6573503462448091,3.0,1.0,131.0,270.0,112.0,61.0,681.6121138230436,19.201920600068327,348740.49999394297,53.0,NORMAL
7.1455588837324235,10.0,21.0,7419.0,36871.0,1333.0,849.0,2991.0888010020917,3.354868352956255,642186.9057895856,80.0,NORMAL
0.3045071136165138,3.0,3.0,181.0,56.0,67.0,105.0,4494.366577383567,12.01233271618047,48681.69903295796,53.0,NORMAL
8.14047502862639,12.0,36.0,8420.0,8814.0,1016.0,400.0,1718.488891647611,5.765039795529386,1253361.2526998827,443.0,NORMAL
1.0129508305429944,3066.0,0.0,44548.0,0.0,41.0,0.0,864992.682424954,9052.722187428993,33.310778641813684,22.0,DoS
0.44893046653751584,3.0,3.0,100.0,85.0,109.0,164.0,2113.45610987112,4.146456996451446,400535.6839683116,53.0,NORMAL
3.156430403037598,17.0,13.0,2654.0,6361.0,1290.0,1114.0,1462.5270225113554,6.2773579526399255,399644.52495270746,443.0,NORMAL
16.94083784356972,22.0,5.0,7833.0,5114.0,521.0,395.0,4623.899082489213,1.8708077230330362,318238.84373277734,80.0,NORMAL
0.055582674528395874,3.0,3.0,127.0,197.0,47.0,139.0,2682.976401446899,7.873285277935875,83316.78076571877,53.0,NORMAL
1.0924317049861825,27.0,7.0,3141.0,33875.0,445.0,533.0,3454.730137374154,12.51159420026731,121646.26749657828,80.0,NORMAL
22.031140694766123,7.0,4.0,8936.0,27529.0,282.0,288.0,4283.040314473561,7.887016410166817,921884.5884576461,80.0,NORMAL
1.0364933389999744,2.0,3.0,142.0,224.0,42.0,85.0,2800.2073919043432,1.823222076864117,193362.40715569683,53.0,NORMAL
12.093459342309552,24.0,17.0,12139.0,18158.0,1296.0,346.0,1508.0630157026173,7.533463435482899,418369.53101375024,443.0,NORMAL
0.061112901856373296,3.0,1.0,132.0,274.0,50.0,89.0,1166.5983157687547,11.174679366594622,269385.041472037,53.0,NORMAL
11.884098934884722,9.0,32.0,9860.0,6281.0,993.0,367.0,456.30329109846565,8.237872356355831,1295765.6999151097,443.0,NORMAL
20.662099264406706,14.0,14.0,9589.0,11261.0,676.0,776.0,2770.264780491486,11.732293361614456,82598.18413452996,80.0,NORMAL
2.2875804097538808,44.0,19.0,6837.0,14055.0,1300.0,285.0,1860.4365287276921,2.512732127456873,399157.53392790386,443.0,NORMAL
13.855660701044416,27.0,30.0,6228.0,14453.0,977.0,625.0,1359.3914405523867,4.259822905586863,343671.5907256233,443.0,NORMAL
0.8981882473599813,2.0,3.0,106.0,77.0,40.0,64.0,1101.2276792566506,8.75257434471943,330628.9270769313,53.0,NORMAL
31.24739583142857,28.0,43.0,8232.0,14294.0,1090.0,149.0,1014.1504405721836,2.0039405481471464,986467.2397721976,443.0,NORMAL
52.37445356989829,36.0,15.0,9594.0,5723.0,372.0,364.0,530.0427290312234,3.1800602579841777,1230063.3178265986,443.0,NORMAL
26.18267028568354,17.0,9.0,7748.0,3734.0,881.0,741.0,255.89096914405224,7.65363129553819,917675.5970764423,80.0,NORMAL
58.73300263495929,28.0,11.0,8540.0,10901.0,723.0,506.0,725.6238855226695,2.436277461756391,734899.6791095493,443.0,NORMAL
0.08132463728276026,3881.0,0.0,55219.0,0.0,44.0,0.0,742167.2611459894,3475.0376985489597,430.54752126409136,22.0,DoS
0.6818806693849534,1.0,1.0,153.0,209.0,71.0,160.0,4503.554347736983,16.346418295786954,275440.82821207744,53.0,NORMAL
25.573653710467354,6.0,20.0,1311.0,21372.0,1144.0,1239.0,311.9899045761585,6.525931967609781,741228.1341165667,80.0,NORMAL
45.57751717403987,33.0,44.0,13002.0,15235.0,286.0,1229.0,397.98402980308964,2.047896170205938,522888.9114484067,443.0,NORMAL
3.7405743504798656,34.0,46.0,1432.0,4535.0,981.0,1063.0,131.9833077350668,3.7269252161838535,1381557.1796558513,443.0,NORMAL
1.9476250992524309,3.0,1.0,180.0,155.0,60.0,70.0,4273.950250047793,6.69742100523502,233301.00928889262,53.0,NORMAL
1.986420674069721,3.0,1.0,123.0,132.0,67.0,95.0,4946.722297474908,8.520672218728416,328652.2782288372,53.0,NORMAL
26.580257664633944,9.0,3.0,8396.0,16446.0,1296.0,1022.0,1841.3306568706128,8.584124634055506,79435.64700399872,80.0,NORMAL
13.728700071410794,23.0,40.0,12471.0,8316.0,210.0,712.0,592.8219909202431,7.548683700485784,1854220.764071744,443.0,NORMAL
3.011961605101615,23.0,17.0,7890.0,23928.0,299.0,1302.0,4056.4837885704446,4.131553476530749,971802.7430763475,80.0,NORMAL
56.450095293195034,21.0,8.0,4235.0,16450.0,264.0,700.0,1609.4382817506482,2.484464825312347,781727.3730808471,443.0,NORMAL
1.1303087774593639,2.0,2.0,63.0,174.0,54.0,166.0,1804.3273567209462,14.730694583279384,423828.36445135734,53.0,NORMAL
38.37065040468682,14.0,39.0,6664.0,5876.0,510.0,341.0,1662.9090911067212,9.070271750246548,1474798.6021181836,443.0,NORMAL
57.10095017277421,46.0,13.0,8548.0,11386.0,1064.0,806.0,578.1908673345895,7.841660870382233,1348059.274292782,443.0,NORMAL
9.429681719025291,31.0,13.0,4118.0,15546.0,627.0,677.0,1272.0147174242522,3.169130005143705,556182.2029291264,443.0,NORMAL
19.60900684913275,32.0,19.0,14380.0,8370.0,377.0,133.0,1061.5404070867494,9.17057754772195,1522874.4313652753,443.0,NORMAL
22.218422608518985,8.0,10.0,8627.0,22126.0,576.0,1365.0,916.7345557072043,8.22272508647151,199024.87834573712,80.0,NORMAL
1.395102579873904,2224.0,0.0,166156.0,0.0,57.0,0.0,496239.7086206021,9592.137854007517,272.0301524573328,22.0,DoS
31.698154353323805,49.0,30.0,1456.0,2773.0,585.0,127.0,1222.8999222633122,2.142174987392906,1749053.5263117163,443.0,NORMAL
14.968808291295204,22.0,19.0,3199.0,41119.0,870.0,984.0,4947.7010511265535,11.323338814418944,586389.6229029502,80.0,NORMAL
0.5393009788728526,1.0,3.0,67.0,96.0,51.0,90.0,2909.509036868496,13.534583729181364,181546.36200867972,53.0,NORMAL
43.04465865281226,17.0,27.0,11364.0,3629.0,1201.0,1225.0,1729.4732495597293,7.956665467281927,1378514.4843142568,443.0,NORMAL
0.054402433653438116,1.0,0.0,72.0,0.0,66.0,0.0,1697.0923416571015,95.3522510208166,6072.01131979268,60233.0,PortScan
0.3772973894976792,1.0,0.0,70.0,0.0,69.0,0.0,3982.7280532567997,72.82420498882084,6985.421399599878,53267.0,PortScan
26.588525887940666,26.0,13.0,9639.0,28940.0,200.0,871.0,1351.0808264598268,1.1245413570538463,59844.22832085689,80.0,NORMAL
0.012367794528313835,1.0,0.0,77.0,0.0,76.0,0.0,1313.5193235411498,83.21212271870259,5584.411283697387,38021.0,PortScan
4.890046912427806,7.0,3.0,180.0,201.0,143.0,78.0,173.0669370253978,5.912262856905219,342961.0257381972,3389.0,BruteForce
31.518874330054953,32.0,23.0,14330.0,19281.0,1341.0,1362.0,1909.9133645030963,3.1240726008540234,232166.24862418795,443.0,NORMAL
0.8536467390302502,2.0,1.0,30.0,254.0,71.0,101.0,74.53512970310072,16.00319613118706,151319.12779220656,53.0,NORMAL
11.314243796533075,11.0,10.0,7491.0,24060.0,215.0,1164.0,3037.8201127188113,11.875406831878909,861095.0254699412,80.0,NORMAL
24.511779329445034,21.0,6.0,12109.0,12659.0,1275.0,286.0,850.6681924776024,9.558789663840935,1579229.4486636233,443.0,NORMAL
1.777336386427369,1126.0,0.0,109919.0,0.0,58.0,0.0,586704.9037211929,2227.8990657211293,172.27322175936527,80.0,DoS
24.669359561109154,22.0,5.0,6207.0,34106.0,590.0,870.0,2790.5056981308194,7.910265396567787,246810.38178709292,80.0,NORMAL
6.647158775689542,27.0,16.0,11730.0,6012.0,1153.0,684.0,420.3432133513496,7.242503328992452,1945526.430403408,443.0,NORMAL
35.73515980574787,20.0,7.0,7877.0,9142.0,259.0,1068.0,1807.3624345050225,1.1046880181789605,673479.4659615188,443.0,NORMAL
0.4148721967803021,1.0,0.0,67.0,0.0,63.0,0.0,2154.427514991264,68.9522008348687,1154.242475733163,48000.0,PortScan
0.7691750699934349,3.0,3.0,74.0,169.0,109.0,89.0,3712.3158177513787,7.823910634765381,370119.3334231747,53.0,NORMAL
40.77368743662772,6.0,5.0,4957.0,3612.0,287.0,451.0,301.17014080022426,4.7454945205374734,1733581.3444439436,443.0,NORMAL
17.667267892398282,21.0,30.0,8039.0,9308.0,1320.0,391.0,182.58995871505817,8.440508736247475,516853.7500707944,443.0,NORMAL
1.0430745995424362,1882.0,0.0,125759.0,0.0,58.0,0.0,685928.7654899714,1272.944722309609,401.61492775763446,80.0,DoS
38.445605121982545,34.0,9.0,7487.0,19034.0,1063.0,1393.0,1630.8980615651756,6.765439569364572,1294795.5982614974,443.0,NORMAL
8.0560605103598,39.0,39.0,13888.0,1972.0,927.0,641.0,1398.2255598025406,4.841740164568924,196488.91454982752,443.0,NORMAL
1.5998372038938475,1.0,1.0,151.0,111.0,108.0,99.0,1889.1817418660798,1.486238637740561,159854.3565546253,53.0,NORMAL
1.347354383648536,3.0,1.0,139.0,69.0,66.0,153.0,3410.129146768857,19.887048560025246,236501.25370080862,53.0,NORMAL
22.855245341376584,23.0,8.0,4448.0,34016.0,1094.0,1013.0,3126.726287309629,9.989239575977052,119537.28671498357,80.0,NORMAL
36.30309157356777,32.0,26.0,8147.0,5466.0,329.0,631.0,321.9434019430331,4.5319820120925955,686755.935818806,443.0,NORMAL
5.744105404214994,23.0,17.0,3699.0,37934.0,1055.0,600.0,1296.8209168566725,7.357815984153783,268976.03151492757,80.0,NORMAL
37.47703152028746,8.0,20.0,10777.0,10597.0,296.0,1145.0,1832.1977082264982,5.270216909963437,677543.5243449104,443.0,NORMAL
59.22632925943052,29.0,45.0,2193.0,9638.0,519.0,561.0,1770.7203481300648,7.886962756870977,672214.5203023925,443.0,NORMAL
15.347159268967792,23.0,48.0,13997.0,5145.0,205.0,1303.0,1946.136148777037,6.69006607154415,525167.3540036215,443.0,NORMAL
28.051580678384,7.0,21.0,2353.0,25763.0,516.0,311.0,776.6785644972745,12.043577081630733,553795.7307098272,80.0,NORMAL
7.384130917377895,5.0,12.0,7313.0,30397.0,622.0,948.0,529.7068337033127,3.875526350434368,710514.2688622914,80.0,NORMAL
1.811775478538843,1.0,3.0,60.0,212.0,69.0,119.0,2740.3658293807716,10.734657817357919,236184.49974792326,53.0,NORMAL
0.34200820036683244,2.0,2.0,73.0,179.0,48.0,82.0,2618.051029832602,15.900858107829784,381405.52475357126,53.0,NORMAL
1.2714438658858804,2.0,3.0,67.0,113.0,77.0,102.0,3230.7443971486186,19.060952605078253,391606.0788719729,53.0,NORMAL
55.33867674469798,17.0,35.0,13298.0,10054.0,727.0,586.0,1491.0276207801974,4.178681006418207,875281.6977543366,443.0,NORMAL
54.1010998690382,32.0,16.0,5320.0,17995.0,829.0,1314.0,844.3213664499023,6.579016142790894,1935181.5245923502,443.0,NORMAL
39.87651257269893,17.0,46.0,9953.0,18012.0,446.0,421.0,1281.9130676360053,2.7867680829315304,1213603.5240807233,443.0,NORMAL
22.78756544271692,16.0,20.0,5970.0,9830.0,869.0,1332.0,1307.7370352019836,5.083744061224588,630629.4120071351,443.0,NORMAL
0.038045234389309165,1.0,0.0,68.0,0.0,41.0,0.0,3684.3141862645466,63.966043978159504,2116.851673552448,20642.0,PortScan
17.01315344635615,21.0,27.0,7630.0,17636.0,974.0,157.0,1851.4855689375036,8.916072587984356,1536516.1128105212,443.0,NORMAL
22.25124784326451,44.0,36.0,14411.0,12278.0,914.0,967.0,1176.6465474439185,7.019242267100272,1411493.5094068535,443.0,NORMAL
1.0054473140617362,3.0,3.0,150.0,240.0,92.0,178.0,1167.9969158881486,10.633400774326367,153046.17121791528,53.0,NORMAL
0.12090918041674908,1811.0,0.0,34754.0,0.0,43.0,0.0,691293.3347062872,5837.723134011864,489.63795317865015,22.0,DoS
56.887666065647664,33.0,6.0,9578.0,7391.0,614.0,173.0,838.0301832498908,1.3833126262255167,724216.7215327913,443.0,NORMAL
0.2901437946664266,2.0,2.0,120.0,232.0,41.0,75.0,4662.396149662715,3.4753849880064136,112174.99024475022,53.0,NORMAL
25.3446886100688,48.0,43.0,12159.0,12223.0,625.0,1065.0,1679.0015377049426,2.8518396354242723,1659220.83986675,443.0,NORMAL
42.90432511877538,39.0,22.0,10116.0,18443.0,1392.0,310.0,597.6287945632398,2.9385614017276,1646784.3132377483,443.0,NORMAL
0.8357575500153331,4575.0,0.0,133624.0,0.0,45.0,0.0,605765.0540760655,7340.13502382666,360.20245237725675,443.0,DoS
14.252321098787263,22.0,24.0,10574.0,1704.0,1049.0,1173.0,1774.9089912798115,9.89620277549455,1307283.9079571655,443.0,NORMAL
7.439507060496139,19.0,20.0,3371.0,29415.0,389.0,1116.0,4010.8014286598636,1.8773397189042902,526257.7763864778,80.0,NORMAL
0.1712086802545616,1.0,0.0,73.0,0.0,67.0,0.0,3483.299421358673,36.62284628251984,6262.901403783705,15161.0,PortScan
55.252330454706936,6.0,37.0,2596.0,4651.0,519.0,1111.0,1500.8123979388383,3.422557276950852,732102.065013717,443.0,NORMAL
1.7089199895491223,2.0,2.0,77.0,108.0,70.0,179.0,1324.0706697152286,17.697773041880744,393127.4271602605,53.0,NORMAL
0.10682500617827181,1.0,2.0,33.0,275.0,80.0,95.0,3467.6566879971897,14.087269617339794,301887.7066586307,53.0,NORMAL
1.924496311575,3.0,3.0,91.0,285.0,60.0,141.0,4423.284980228851,11.26693257890461,286728.26617785834,53.0,NORMAL
1.8328907835103765,1.0,1.0,39.0,178.0,115.0,124.0,3260.3621716118532,6.909066239740245,374914.3637998706,53.0,NORMAL
0.03678530633362786,3.0,2.0,111.0,249.0,83.0,110.0,4078.5063963789557,3.9828938856223073,315529.5527767329,53.0,NORMAL
54.41568787540776,33.0,22.0,4483.0,9784.0,1229.0,342.0,382.6088687558452,3.698807674160903,1497808.6224733887,443.0,NORMAL
6.772886964733478,15.0,18.0,2923.0,44067.0,821.0,1073.0,3748.240782791712,2.6797212735778824,502399.6689442438,80.0,NORMAL
16.74659829732251,9.0,7.0,521.0,47900.0,472.0,1223.0,4838.99385279363,13.192289378649983,122499.00755210106,80.0,NORMAL
4.684998023525215,20.0,44.0,1916.0,17203.0,943.0,1042.0,1752.2722970547513,8.616993889123249,770949.6761709998,443.0,NORMAL
1.771786256376545,4363.0,0.0,44575.0,0.0,44.0,0.0,585391.9026386004,4292.053677441124,403.7718047243915,443.0,DoS
0.5535944815996519,2.0,2.0,191.0,275.0,53.0,176.0,2089.566537554778,1.4492892203334269,189861.08651941852,53.0,NORMAL
1.7797220203603084,3459.0,0.0,148914.0,0.0,40.0,0.0,259348.3891121272,1515.6461826538557,60.62124815169904,22.0,DoS
4.213114556488682,8.0,5.0,300.0,186.0,148.0,60.0,430.0437171747426,6.728646670792643,491141.13442489144,3389.0,BruteForce
18.537030654808415,20.0,12.0,8631.0,12458.0,1291.0,1331.0,810.093681979788,1.5911326586841774,1431328.7100939061,443.0,NORMAL
14.491929996612917,8.0,37.0,11379.0,19640.0,961.0,1041.0,663.3912687431776,7.370401355902261,1477802.3874696763,443.0,NORMAL
0.22566566751340808,1.0,3.0,161.0,150.0,98.0,152.0,4498.501775023163,6.342216347588897,223780.11295705757,53.0,NORMAL
0.5115981102204195,3.0,2.0,199.0,109.0,84.0,126.0,2600.176183567146,11.307593644794483,436207.8648426339,53.0,NORMAL
12.89144119923311,11.0,25.0,9081.0,15793.0,1161.0,629.0,592.3764365785454,14.979639152460587,629834.4424749999,80.0,NORMAL
1.9082233812353937,1.0,1.0,199.0,55.0,41.0,174.0,517.7029300150419,5.753813637809282,46179.13241662196,53.0,NORMAL
0.39095370965760456,2547.0,0.0,119147.0,0.0,59.0,0.0,293271.8368790067,9042.479972661098,367.7606343986383,80.0,DoS
22.968772879578175,12.0,11.0,5544.0,38044.0,456.0,316.0,2848.860998231131,2.0536908874290667,313756.86020367424,80.0,NORMAL
0.5985458775544247,2.0,2.0,150.0,129.0,40.0,179.0,717.7833352091437,5.343192696629992,211950.42560805363,53.0,NORMAL
41.585257615747985,19.0,5.0,5190.0,3155.0,695.0,1157.0,1232.587202573182,7.816160972862793,1729041.3222156446,443.0,NORMAL
59.106645762986076,22.0,40.0,3922.0,5849.0,446.0,464.0,429.3800674016271,2.031749680129133,598616.9716089043,443.0,NORMAL
40.48281551334663,32.0,14.0,11216.0,5248.0,639.0,161.0,1370.1750447888614,6.660591747766214,185348.10496005765,443.0,NORMAL
1.711010105602365,3292.0,0.0,38698.0,0.0,58.0,0.0,541349.2523859437,9152.779734598284,361.6765897587879,443.0,DoS
30.07901048239935,20.0,9.0,1847.0,11907.0,715.0,254.0,1875.4658048492847,8.123769321721682,942652.626845079,443.0,NORMAL
15.059709962175326,24.0,3.0,6648.0,23598.0,1134.0,777.0,815.1214172643544,9.636884595885016,713565.6005470442,80.0,NORMAL
2.410712017642542,8.0,3.0,332.0,190.0,125.0,101.0,405.5179661941349,8.452253598013181,242389.0034122943,21.0,BruteForce
15.134151549351373,13.0,23.0,8833.0,19102.0,1279.0,1047.0,1935.9248786050523,9.73254701566749,1887777.4046380974,443.0,NORMAL
0.7753021533464466,2.0,2.0,34.0,211.0,119.0,123.0,2781.9906702553803,1.0113004028104906,257057.36224665356,53.0,NORMAL
8.11344626085945,19.0,14.0,1731.0,5664.0,123.0,1261.0,1336.9971222580987,0.5239567361767903,139636.7980110771,443.0,NORMAL
16.229872529366524,36.0,15.0,2377.0,19612.0,149.0,167.0,561.5283764611346,8.143913194633843,675682.7682622739,443.0,NORMAL
26.731465218983686,16.0,48.0,7939.0,4212.0,325.0,170.0,443.22309312692045,8.42012356144325,1938561.9764781995,443.0,NORMAL
52.38717830101905,46.0,31.0,7172.0,2507.0,504.0,665.0,629.5813127815359,3.6747465025669612,369220.34279444034,443.0,NORMAL
7.800819736808787,17.0,14.0,6959.0,36729.0,1031.0,1272.0,2346.518408982459,9.427417458096562,419581.7352529339,80.0,NORMAL
12.877414361523561,34.0,21.0,2018.0,14111.0,1337.0,1184.0,1072.9490624815903,6.184599960395215,1065073.207626919,443.0,NORMAL
1.8929497105825293,1.0,2.0,68.0,76.0,70.0,151.0,2373.923582309269,12.747804430898734,42390.51722372993,53.0,NORMAL
43.81745099491324,24.0,33.0,13255.0,11528.0,1000.0,131.0,1303.5208594357243,7.159329057207356,1786402.0923201789,443.0,NORMAL
0.5099387834315227,1.0,3.0,31.0,266.0,110.0,91.0,1402.7929889098598,5.482230044002503,461688.07901669823,53.0,NORMAL
14.515151425649927,17.0,13.0,2815.0,20797.0,1076.0,654.0,2301.9516122753944,4.923914662477682,179212.00009790598,80.0,NORMAL
0.20527192720791188,3.0,2.0,184.0,87.0,94.0,107.0,1792.7027893485,17.799237977963482,298068.01502654253,53.0,NORMAL
42.75555966578412,10.0,22.0,10596.0,1914.0,325.0,261.0,522.5337347740879,3.0587489976226716,495549.648641186,443.0,NORMAL
1.5855054465423022,14.0,23.0,7341.0,13305.0,769.0,998.0,1274.8466028318883,5.523548812135613,1830049.2765610334,443.0,NORMAL
1.473860131939212,1.0,1.0,91.0,294.0,70.0,106.0,1603.7080433122774,10.426977765396645,192764.0650567864,53.0,NORMAL
54.48185454690827,39.0,5.0,2388.0,7101.0,1364.0,309.0,1818.4811412494246,8.063429826219206,815760.6924771399,443.0,NORMAL
18.695227578912096,23.0,37.0,4598.0,16879.0,107.0,1217.0,363.799120841172,1.8169001019911521,1737167.7914886812,443.0,NORMAL
26.286514691893885,22.0,27.0,3506.0,15496.0,328.0,345.0,1779.0147371930414,7.9942061661678405,89366.70415589541,80.0,NORMAL
18.105550384936905,5.0,23.0,6572.0,22478.0,1114.0,193.0,579.6583610520148,5.79249337674,475280.08795439644,80.0,NORMAL
5.726775936695834,6.0,32.0,12091.0,4927.0,1319.0,1104.0,1723.8803534755732,8.459248112696073,1373202.9118723066,443.0,NORMAL
39.40176477378446,43.0,27.0,11719.0,19475.0,947.0,141.0,873.3205052509126,9.933576344699562,1149502.6610573411,443.0,NORMAL
4.139203917515738,18.0,7.0,972.0,1192.0,396.0,1270.0,2102.760815837234,13.704427284574912,434748.8936206359,80.0,NORMAL
16.8157548085497,18.0,8.0,2538.0,1195.0,1238.0,978.0,118.56723969701437,5.4946051839049765,439641.1565950223,443.0,NORMAL
22.69937327761302,21.0,25.0,13294.0,18087.0,575.0,200.0,1470.4097576222928,7.202897919717883,1079571.4949708409,443.0,NORMAL
57.87770198276531,29.0,7.0,4819.0,3175.0,1053.0,969.0,1973.0487010456798,0.5259230728736496,1131449.4659586055,443.0,NORMAL
1.6554888523166575,1.0,3.0,135.0,293.0,94.0,86.0,3138.889204719675,13.264361154867315,356196.2519486045,53.0,NORMAL
10.639362904602324,16.0,16.0,6099.0,14689.0,810.0,727.0,2640.8738014916144,7.52718570373934,231233.17140028867,80.0,NORMAL
23.75051286913031,5.0,20.0,3912.0,48289.0,177.0,744.0,3556.77096720726,11.26947771100662,53610.32116926906,80.0,NORMAL
0.5502629272111572,18.0,13.0,855.0,42759.0,1394.0,486.0,2686.760728214961,9.692613103689837,329898.0863877942,80.0,NORMAL
0.9319420236422052,2.0,1.0,119.0,146.0,85.0,85.0,3144.666832867948,3.103860709750802,15487.277436653374,53.0,NORMAL
58.2228507757507,14.0,9.0,6640.0,17989.0,1268.0,187.0,934.2341680096852,6.455508958201812,1056068.737900035,443.0,NORMAL
18.530181221767325,39.0,44.0,3018.0,2778.0,947.0,796.0,217.93325974617116,6.721128838097738,710131.8628104643,443.0,NORMAL
0.21918019981487752,2.0,3.0,33.0,221.0,98.0,70.0,1232.8713080131479,2.182490228082252,54799.76919594111,53.0,NORMAL
39.60326058717275,29.0,45.0,12427.0,13815.0,905.0,838.0,954.923195100358,4.078699422951265,666086.8715851742,443.0,NORMAL
0.8356248974158315,2387.0,0.0,144229.0,0.0,42.0,0.0,757543.7605959104,8398.462634829048,457.33658433926513,443.0,DoS
40.89447616245061,16.0,21.0,8636.0,1947.0,691.0,343.0,870.3957984852595,0.5237068092078769,1742370.6862495414,443.0,NORMAL
0.4581290314492952,1.0,0.0,72.0,0.0,54.0,0.0,2324.6926806063657,90.79990514274652,6492.590908913702,37520.0,PortScan
1.8776549764462442,4269.0,0.0,173060.0,0.0,57.0,0.0,451719.98551505787,1734.6061782969982,112.82717541287207,443.0,DoS
18.295716085399782,34.0,13.0,10255.0,8711.0,173.0,1198.0,1262.3020211006963,3.6097826432906577,454580.83397697075,443.0,NORMAL
0.6744354991336051,3462.0,0.0,23602.0,0.0,57.0,0.0,747857.179297724,5837.54684838209,205.31749440309528,443.0,DoS
4.821863261773745,6.0,5.0,264.0,350.0,84.0,55.0,351.4365698684707,4.829011289123489,135766.39913400763,22.0,BruteForce
1.1632536234886828,3.0,1.0,128.0,135.0,115.0,109.0,3437.8573972828503,17.032134803511738,343449.68789386406,53.0,NORMAL
57.364746503731766,18.0,16.0,5187.0,7584.0,545.0,358.0,893.7452760866303,2.03737228204876,103239.55985430366,443.0,NORMAL
0.5277645104532486,1.0,2.0,164.0,219.0,50.0,156.0,1768.8600852283062,11.421449480999229,271524.47335997806,53.0,NORMAL
23.72076598751359,27.0,31.0,9146.0,2832.0,1137.0,773.0,409.5405990540524,8.415678007884154,722348.3531974477,443.0,NORMAL
59.830345509304955,49.0,24.0,2689.0,17455.0,961.0,301.0,965.8553937979739,6.104626141522842,1797689.433719178,443.0,NORMAL
19.408201499709335,8.0,26.0,9551.0,28683.0,975.0,866.0,3745.4934124155525,14.27940824651579,533243.0511370103,80.0,NORMAL
0.7071793902117718,2.0,1.0,174.0,266.0,65.0,62.0,4817.494551710601,12.858804834526813,137943.28302032634,53.0,NORMAL
0.7723772920200219,3.0,3.0,164.0,267.0,101.0,80.0,3891.636824867769,5.120984883542098,237446.23009805992,53.0,NORMAL
0.9438271731348467,2314.0,0.0,70927.0,0.0,41.0,0.0,333724.4312890023,2232.5814526689437,80.79760193754632,80.0,DoS
1.3295730497398865,1.0,1.0,155.0,80.0,99.0,166.0,1275.9115600940502,10.21138805954191,482956.31856372266,53.0,NORMAL
22.988622503726525,38.0,46.0,2909.0,18349.0,439.0,908.0,228.1053457869952,1.102770828327734,487832.34066038555,443.0,NORMAL
3.125110279194157,13.0,32.0,13091.0,1371.0,1078.0,1125.0,615.6011285476071,3.0038569472624155,466379.2148553488,443.0,NORMAL
1.13139687822185,1.0,2.0,167.0,58.0,78.0,80.0,4949.497724800149,3.22543068410389,186537.19625734276,53.0,NORMAL
7.1424693136658135,13.0,10.0,12516.0,14844.0,727.0,161.0,851.4821919043586,0.9607250044924127,289559.26431653206,443.0,NORMAL
0.26081568103089486,3.0,2.0,189.0,261.0,89.0,72.0,2951.8532963052307,7.5234098782838545,139359.37370840553,53.0,NORMAL
12.482806365587445,12.0,6.0,1910.0,15580.0,713.0,893.0,289.4748401255306,9.967264027670868,1365063.2517056256,443.0,NORMAL
12.562988882729567,45.0,29.0,5939.0,2934.0,1053.0,482.0,1271.9929158900597,1.701993924997991,1027318.6738355968,443.0,NORMAL
33.422242617806,41.0,40.0,9676.0,6429.0,1157.0,1060.0,1638.200595738471,3.050826398695225,194464.7557271413,443.0,NORMAL
52.4352304289399,21.0,19.0,9724.0,16640.0,407.0,1064.0,1845.9760119099449,5.124879565405503,817043.1098050133,443.0,NORMAL
41.76532654804549,22.0,18.0,6546.0,5301.0,359.0,1008.0,936.5946539286207,3.058202938182739,793198.0163527197,443.0,NORMAL
17.070515395784113,5.0,7.0,4551.0,44810.0,283.0,330.0,3517.1737797418723,12.98988380359583,329748.11543531483,80.0,NORMAL
0.6785284161174545,3976.0,0.0,126425.0,0.0,50.0,0.0,433584.39579439256,7650.99095479873,256.26767985480524,80.0,DoS
0.024601874194037927,2.0,3.0,187.0,204.0,112.0,67.0,407.120589153461,18.27788359897198,173779.5939529703,53.0,NORMAL
1.246234268431999,8.0,4.0,128.0,111.0,77.0,81.0,443.9843948293116,4.579393015652801,280028.1945443592,22.0,BruteForce
22.51102996365486,38.0,8.0,4849.0,8883.0,170.0,1374.0,724.8352018082867,3.2776110707950057,557518.6888824631,443.0,NORMAL
49.533433078919835,21.0,19.0,14728.0,19140.0,264.0,1327.0,1493.228762148538,6.904996523682653,721857.9227846856,443.0,NORMAL
41.002953000984746,48.0,27.0,6261.0,13186.0,534.0,820.0,1790.0309817591071,6.260280402103811,250905.02930189527,443.0,NORMAL
34.75086995878875,21.0,46.0,6493.0,6855.0,1135.0,249.0,1292.088711413561,0.5824714876499323,451788.2059523329,443.0,NORMAL
0.5737726977674076,2.0,3.0,120.0,217.0,46.0,164.0,2991.1383139444943,12.480358526840877,81571.41631842071,53.0,NORMAL
52.76302184947788,17.0,35.0,7338.0,7683.0,1033.0,782.0,1467.4102324861735,2.5923459340980326,524983.6364022619,443.0,NORMAL
37.39868818416879,8.0,25.0,1493.0,16051.0,786.0,451.0,1395.2983089246604,7.2691705202226355,489419.5582413332,443.0,NORMAL
55.65657379707512,14.0,25.0,11525.0,2532.0,457.0,1382.0,1953.415785650746,0.9273208085823265,1836600.070317628,443.0,NORMAL
7.6393241680210835,29.0,23.0,8674.0,11408.0,1333.0,748.0,2940.2489787867007,11.012357609438482,253576.2132554825,80.0,NORMAL
18.942785357919586,12.0,9.0,9359.0,22160.0,659.0,199.0,1883.6105010313975,10.730397367026788,756941.7367797313,80.0,NORMAL
39.5963014869704,36.0,31.0,2780.0,10319.0,892.0,1306.0,713.3917776894887,4.827061637730098,1316416.48829731,443.0,NORMAL
0.09767739677342872,1.0,0.0,43.0,0.0,73.0,0.0,4381.9302594564315,95.05913835605315,9788.454923621683,19412.0,PortScan
1.7127029361565607,2.0,1.0,104.0,204.0,104.0,95.0,2261.1740978237913,6.2991389637146105,16941.467871446108,53.0,NORMAL
37.19127196343175,29.0,6.0,12109.0,2913.0,381.0,680.0,439.5166093439953,8.17982184807683,236765.68040721462,443.0,NORMAL
51.44678189557617,36.0,8.0,6944.0,1111.0,267.0,1396.0,1756.034586807966,1.0568802208290142,1329366.5466774656,443.0,NORMAL
1.2693303329786771,1.0,2.0,119.0,108.0,86.0,111.0,4178.754391716187,1.7553178914467715,147247.16017811367,53.0,NORMAL
38.27699809398344,20.0,49.0,6430.0,3453.0,1178.0,495.0,1419.0405697639608,2.25954932243033,1417055.3071960493,443.0,NORMAL
1.5411167478103351,3.0,1.0,158.0,286.0,75.0,115.0,3539.709824569308,9.895858834883434,378065.1504048184,53.0,NORMAL
0.8458690662599314,1.0,1.0,193.0,281.0,48.0,126.0,3726.5128899683623,16.42034751184378,345651.18202713423,53.0,NORMAL
0.38227251424913633,1.0,1.0,152.0,293.0,50.0,96.0,4841.632948222723,1.551550471889581,193258.23905157062,53.0,NORMAL
0.4718968361307543,1.0,3.0,139.0,174.0,46.0,126.0,894.4544567957975,9.395061141884819,91621.88889606057,53.0,NORMAL
1.3314029973727586,1.0,2.0,108.0,128.0,47.0,80.0,4690.58178498894,9.094624139451653,217617.05185460628,53.0,NORMAL
1.7587293748019985,1.0,3.0,40.0,245.0,103.0,157.0,1346.445402644824,15.009117799404102,18580.1358933049,53.0,NORMAL
0.9829166489214612,2.0,1.0,100.0,200.0,89.0,142.0,2870.3639943441126,7.4815223005852864,142481.55747073848,53.0,NORMAL
0.41186225566166346,1.0,0.0,74.0,0.0,65.0,0.0,3969.6445428119337,3.0327089492712496,7734.451629379448,31270.0,PortScan
0.1726123665022466,2.0,2.0,98.0,98.0,72.0,152.0,4592.662866100188,4.8666525844011534,269261.6666545581,53.0,NORMAL
0.9504141203528936,2.0,1.0,47.0,143.0,51.0,179.0,2359.4195724421793,7.924908318117961,52510.73697313855,53.0,NORMAL
0.781276240797423,1.0,3.0,52.0,235.0,109.0,155.0,2546.356141564204,1.831687531297257,283527.0076560913,53.0,NORMAL
5.8237828849834425,48.0,25.0,12532.0,16814.0,608.0,1081.0,249.73272628627407,5.079771003206596,738645.9018533654,443.0,NORMAL
37.78095153140697,38.0,42.0,3343.0,5353.0,501.0,1385.0,1791.187005956573,9.306248922521798,1968688.5846731956,443.0,NORMAL
46.49624613526131,27.0,31.0,12788.0,13942.0,1370.0,345.0,1039.8697362319524,3.9657999010664042,1571943.049229567,443.0,NORMAL
37.862247904574744,21.0,29.0,14546.0,7074.0,747.0,1169.0,968.5290911092837,1.934268974381867,1970276.3779490301,443.0,NORMAL
1.188478358216943,2.0,3.0,85.0,78.0,80.0,93.0,3019.796075123404,10.142829921643779,429690.8725706621,53.0,NORMAL
27.829651482397686,11.0,47.0,2843.0,5754.0,1066.0,117.0,691.6150401201153,2.736744842740812,1404899.0398809314,443.0,NORMAL
0.5896679603623947,1538.0,0.0,159729.0,0.0,56.0,0.0,599046.5850331025,1397.8605534812264,456.9802703605559,80.0,DoS
35.8305137370676,14.0,40.0,8248.0,19675.0,349.0,293.0,449.4328973423676,6.035827670263711,1761433.6918054135,443.0,NORMAL
45.85709956420597,11.0,21.0,11334.0,6700.0,1394.0,202.0,1832.3716393458715,9.285652052320646,850586.2960423689,443.0,NORMAL
0.235805504666572,1670.0,0.0,82539.0,0.0,50.0,0.0,664778.397467188,6620.163524838951,426.0727488048305,443.0,DoS
10.594399421348587,36.0,26.0,11207.0,8433.0,1020.0,195.0,1821.9080548506774,9.911877150260889,1946499.9738059011,443.0,NORMAL
27.458285796720865,47.0,23.0,7343.0,7249.0,660.0,1049.0,1635.4256344721102,9.65372631254902,1565281.9551696037,443.0,NORMAL
0.6839372730105803,2.0,2.0,154.0,229.0,95.0,164.0,306.758632017767,9.219692433171986,86610.50517777255,53.0,NORMAL
52.15726679622612,26.0,28.0,2986.0,7702.0,169.0,176.0,1997.4309813750194,4.128358330757271,1997197.714680226,443.0,NORMAL
17.380784487700947,20.0,27.0,7705.0,32299.0,301.0,677.0,3686.9318285166173,6.210332575759467,424549.944066933,80.0,NORMAL
38.80875256672217,36.0,35.0,8675.0,11230.0,632.0,1280.0,1775.1311136921402,5.9954737686303785,777314.201455047,443.0,NORMAL
5.628893162710313,20.0,11.0,5878.0,12289.0,314.0,1114.0,1528.2413243406986,8.22525436689616,423873.1049985944,443.0,NORMAL
18.066026168044598,24.0,18.0,8781.0,27374.0,282.0,507.0,439.9534543668002,13.141380846278844,86808.8890142483,80.0,NORMAL
36.020095187348375,46.0,30.0,12741.0,13077.0,1364.0,111.0,556.5809240802843,8.47943776289568,1010274.6499935351,443.0,NORMAL
0.12389109948077043,1.0,0.0,59.0,0.0,47.0,0.0,3755.2821418670783,37.99967649320232,8114.226367636872,46819.0,PortScan
20.802691572690012,11.0,25.0,615.0,11838.0,735.0,1051.0,1167.2450884823504,11.448264367151166,164337.94357959667,80.0,NORMAL
2.624666472298464,41.0,15.0,1948.0,15002.0,492.0,153.0,420.35293195007716,1.4811235725530532,1319586.3965821106,443.0,NORMAL
25.212592459102154,6.0,35.0,5332.0,17965.0,345.0,926.0,584.1534849243247,6.020530956135801,960938.2731168494,443.0,NORMAL
44.819684750798885,19.0,41.0,6824.0,8344.0,540.0,535.0,633.4287064180483,0.8767823972555693,180635.4790043084,443.0,NORMAL
0.3490703807929421,1.0,0.0,63.0,0.0,41.0,0.0,4196.270408233971,74.28308177072275,5585.291325903515,22984.0,PortScan
0.0959737000608263,1.0,3.0,157.0,69.0,102.0,77.0,1296.0312173865696,19.308998729516908,111923.47775295353,53.0,NORMAL
7.358939460998634,15.0,18.0,8557.0,3836.0,1115.0,496.0,3063.7149382571474,10.101514659621717,516855.0058843667,80.0,NORMAL
0.7186999850118199,25.0,12.0,2253.0,15406.0,838.0,711.0,2126.2369550493295,12.426869933958697,981471.4931477415,80.0,NORMAL
1.3836161298758156,2.0,1.0,113.0,185.0,61.0,162.0,2114.791961405755,2.701166845333935,356818.70731845894,53.0,NORMAL
11.346905438783526,32.0,38.0,14370.0,11216.0,607.0,764.0,541.1392453488497,2.9332453641400953,987893.5184946292,443.0,NORMAL
1.7210168892122144,1.0,2.0,119.0,101.0,114.0,77.0,2159.158453047959,5.774865754579679,83407.37845197623,53.0,NORMAL
5.234772567364269,37.0,28.0,7805.0,19732.0,281.0,1212.0,229.20053893039702,8.160334270151619,966886.5921697492,443.0,NORMAL
2.362379364782986,5.0,5.0,293.0,194.0,131.0,104.0,214.84607166705445,4.063846111280782,394506.7896948652,21.0,BruteForce
23.431541508365566,28.0,34.0,10877.0,11248.0,782.0,1064.0,1459.0360495216362,6.05049780909154,898834.4406311201,443.0,NORMAL
1.6976704765874098,2.0,2.0,69.0,231.0,73.0,82.0,1922.3375186383225,3.5929579418778643,458341.7166395536,53.0,NORMAL
2.457437641752395,9.0,5.0,371.0,187.0,99.0,113.0,400.17678452872474,3.018872113459768,116505.10531817627,21.0,BruteForce
1.1679379123043505,1.0,1.0,88.0,125.0,45.0,99.0,1189.630003051147,18.677832932645174,139666.38129688753,53.0,NORMAL
17.772171482723486,40.0,29.0,1565.0,4476.0,1262.0,411.0,1447.052777284744,7.03459575790046,828509.6532964234,443.0,NORMAL
9.9741527101141,49.0,28.0,3419.0,7541.0,921.0,211.0,398.609363684325,8.865923401762712,1616229.4855384594,443.0,NORMAL
57.38343839555545,35.0,13.0,7572.0,6613.0,823.0,633.0,1898.6003173341417,1.8976432781420542,1425857.7018639895,443.0,NORMAL
0.2751271174809163,2.0,1.0,137.0,297.0,88.0,135.0,806.5366871941213,17.8633032029884,80746.05464920527,53.0,NORMAL
29.615829514433123,7.0,15.0,8409.0,30541.0,998.0,543.0,1454.6995797562645,7.52681636986906,932184.1558385497,80.0,NORMAL
1.2848280772088605,3.0,3.0,164.0,133.0,98.0,169.0,494.820865531675,16.794008395105863,123306.83344360098,53.0,NORMAL
56.7117228576926,34.0,10.0,10447.0,3124.0,1108.0,414.0,1312.6412680843846,2.896917837207061,1993940.786619001,443.0,NORMAL
0.5996567308473507,4743.0,0.0,117178.0,0.0,45.0,0.0,488596.9022211281,1040.6264313508702,326.8034112468061,443.0,DoS
1.336289704436715,2862.0,0.0,159833.0,0.0,40.0,0.0,465315.0895561469,6769.020613388006,379.84739014944444,80.0,DoS
23.667921850045587,19.0,7.0,5855.0,5554.0,1145.0,711.0,3255.154322629921,3.7463890566668896,481781.5271118413,80.0,NORMAL
1.0402561659420178,2.0,2.0,38.0,228.0,46.0,94.0,3678.7003288836645,13.334597675776385,215232.07776867942,53.0,NORMAL
54.88392990699797,41.0,21.0,10304.0,8333.0,859.0,517.0,1476.2781761766878,2.720055338561436,959455.2206993253,443.0,NORMAL
18.299435530185807,36.0,25.0,11003.0,17347.0,945.0,786.0,1262.8017813580495,2.0026139588895475,1841284.0818418248,443.0,NORMAL
0.8474416562069105,1.0,2.0,149.0,232.0,40.0,72.0,3871.8135350993234,1.0638562484566567,245465.02007201625,53.0,NORMAL
0.21800330041298063,3.0,3.0,77.0,164.0,61.0,75.0,3265.2783607577558,5.269586574758081,334155.9356991103,53.0,NORMAL
19.107966849247838,8.0,3.0,2872.0,44382.0,948.0,275.0,543.8658487442415,14.111282646711015,370267.595091777,80.0,NORMAL
0.9990319068870257,1.0,1.0,179.0,68.0,84.0,117.0,3106.358354466044,7.374468045682737,496392.7061652538,53.0,NORMAL
21.684665969589222,18.0,8.0,9634.0,3212.0,654.0,432.0,1738.919558548591,3.506508050559654,1303380.0327488813,443.0,NORMAL
58.18884960152684,6.0,7.0,4816.0,11196.0,1208.0,1095.0,808.5710516931749,3.2788231027761032,998548.2220373808,443.0,NORMAL
41.981130207943835,41.0,32.0,13031.0,12637.0,660.0,278.0,1509.5539216842162,1.5893004583486232,170994.75426336107,443.0,NORMAL
9.95115230283322,19.0,12.0,3643.0,12134.0,1172.0,1272.0,3682.7214203208337,4.72896805804891,261957.74461643363,80.0,NORMAL
20.093002929822934,22.0,9.0,5060.0,8331.0,1079.0,1339.0,1901.8910889408126,0.6690514551218394,108741.03687918039,443.0,NORMAL
25.763911698641216,36.0,36.0,1296.0,7661.0,796.0,376.0,1924.358017018858,1.763046572276686,809048.5737409953,443.0,NORMAL
30.337661847650743,14.0,17.0,5431.0,12280.0,961.0,1310.0,723.8797917527367,0.9261541937611653,918268.6101123963,443.0,NORMAL
0.13828088169753633,1.0,0.0,43.0,0.0,63.0,0.0,2061.27485367602,47.848978890264895,4107.554109627444,45462.0,PortScan
0.6882661759570906,1.0,3.0,101.0,81.0,90.0,109.0,4736.3596422885,16.537977125826657,479495.54082766414,53.0,NORMAL
59.06250882315337,46.0,34.0,13961.0,6248.0,325.0,136.0,1048.8516384250247,7.593188611957153,1380389.8579981236,443.0,NORMAL
0.9438509742622289,1.0,3.0,117.0,255.0,75.0,157.0,2540.8297894122534,9.377640917263317,310280.9121744311,53.0,NORMAL
31.765295653571776,33.0,6.0,8210.0,2145.0,882.0,958.0,708.1769072435477,9.33518105878521,1057685.8479345762,443.0,NORMAL
1.3589603726947335,1.0,1.0,88.0,194.0,86.0,117.0,2959.4837263361824,7.296079326773217,226385.04886549307,53.0,NORMAL
51.83976332345337,16.0,18.0,5062.0,9490.0,1100.0,736.0,1624.8004162403004,5.23259994902978,1580516.6384073684,443.0,NORMAL
28.18594731393082,36.0,16.0,4983.0,13877.0,1163.0,126.0,1485.5787489439876,1.3736633895163788,715255.2156607226,443.0,NORMAL
17.04503384158923,20.0,21.0,2914.0,15013.0,1051.0,731.0,1133.6233535899087,5.5604384026168745,1309528.6524747708,443.0,NORMAL
3.698779994938258,11.0,34.0,14847.0,1306.0,392.0,1018.0,1066.6065499172696,5.212330689359511,1317888.8206396962,443.0,NORMAL
1.2984018202716097,3.0,1.0,84.0,105.0,98.0,170.0,2945.750309387568,10.512369763074723,340433.6988297456,53.0,NORMAL
49.86670589379588,33.0,9.0,1562.0,17882.0,823.0,949.0,1120.956617984701,8.998892556146638,1732984.9781440746,443.0,NORMAL
54.667982346758954,38.0,43.0,12210.0,14535.0,1086.0,1040.0,1466.4123253798898,6.489911359532981,674494.245541127,443.0,NORMAL
0.46506348558937166,2.0,3.0,86.0,160.0,53.0,64.0,3510.0207231211916,15.876014331956455,83876.7970430628,53.0,NORMAL
57.61502201494097,21.0,27.0,4718.0,1026.0,958.0,601.0,1190.4431435232,2.347581191939373,974136.7889765096,443.0,NORMAL
5.5863435809341055,40.0,49.0,11660.0,11252.0,624.0,604.0,1189.415897202961,5.666006804333785,829511.560478502,443.0,NORMAL
24.279988460261137,38.0,43.0,1329.0,19584.0,408.0,284.0,1917.3666178460155,6.645803630674012,428817.7034813394,443.0,NORMAL
1.9873574661579478,1.0,2.0,196.0,236.0,61.0,74.0,2678.874791206204,14.650813379305282,427707.8200519524,53.0,NORMAL
1.5077101244164086,6.0,7.0,172.0,280.0,94.0,83.0,53.476328759297076,7.309420757341666,339844.22665621387,22.0,BruteForce
22.55148517967512,6.0,11.0,4114.0,44471.0,1342.0,982.0,1067.6414435773831,2.6452073726466634,528817.7871097839,80.0,NORMAL
0.6273495965959421,3.0,2.0,149.0,54.0,79.0,69.0,3619.1768896903377,16.345612498197816,15995.161211394428,53.0,NORMAL
0.5225997017065759,1454.0,0.0,24997.0,0.0,48.0,0.0,919619.2905409691,3762.606727763118,390.1948944477284,443.0,DoS
11.692750903773948,14.0,49.0,3787.0,10814.0,716.0,583.0,991.8493192095252,2.6774590060455647,1820541.7350474403,443.0,NORMAL
1.7467085041784287,1.0,1.0,103.0,297.0,46.0,72.0,4902.591387890279,17.799595328195867,388079.76387304126,53.0,NORMAL
28.978638782790362,7.0,42.0,11730.0,7652.0,133.0,176.0,1174.3970499454756,9.842443595031066,1481495.3726559468,443.0,NORMAL
0.9110898357522373,4493.0,0.0,104579.0,0.0,52.0,0.0,199304.86462880933,2614.8349458553776,269.5601456758707,80.0,DoS
12.808864410443796,22.0,16.0,2673.0,4255.0,1195.0,910.0,1517.9817220264576,8.24479844016083,1124462.6543728102,443.0,NORMAL
0.7942880066090665,1.0,3.0,52.0,69.0,71.0,166.0,3845.9508388351346,18.953143220348263,120955.90396222998,53.0,NORMAL
37.54993041456726,14.0,49.0,5541.0,5929.0,917.0,463.0,448.9569236855829,5.595133340218007,227724.14641373584,443.0,NORMAL
26.872073292741867,24.0,27.0,5051.0,44225.0,1399.0,1040.0,4595.282401074502,14.519842572498634,431069.97961024015,80.0,NORMAL
4.55577602708409,18.0,22.0,7010.0,9384.0,1240.0,656.0,1993.4666970763278,4.117291935498338,1900369.015924112,443.0,NORMAL
28.80594287649171,46.0,39.0,13748.0,10859.0,305.0,1332.0,347.6158157642301,9.096517808994701,1415783.2675816838,443.0,NORMAL
1.0478933602819498,3.0,2.0,75.0,253.0,95.0,106.0,2414.862307710956,7.575388743721309,108097.61615875142,53.0,NORMAL
1.5583577489252003,2677.0,0.0,125102.0,0.0,40.0,0.0,158691.4071250128,8782.209887330859,378.55321058587185,22.0,DoS
0.21990901874712537,1.0,0.0,61.0,0.0,59.0,0.0,4068.9728946269383,57.38440382774511,4059.761241653519,26320.0,PortScan
41.53413672369132,21.0,34.0,14584.0,7265.0,378.0,1259.0,1334.3600105921023,2.7714062333728444,962314.576388185,443.0,NORMAL
1.0594798084020407,630.0,0.0,178117.0,0.0,46.0,0.0,131450.65088989638,5349.736523856162,353.6230798437378,22.0,DoS
23.46769184754633,4.0,10.0,1544.0,34833.0,1381.0,799.0,2151.016924337322,3.2363805900633054,184698.4314673509,80.0,NORMAL
3.785805337709453,16.0,18.0,1176.0,12530.0,185.0,939.0,3883.1970429739977,5.113698942610979,770883.9328016052,80.0,NORMAL
17.64614528445987,27.0,3.0,7528.0,18863.0,1275.0,836.0,4342.511243199263,11.965516304003398,278454.0480655142,80.0,NORMAL
14.499091764005726,8.0,47.0,14492.0,16710.0,1382.0,200.0,1415.8970208541207,2.596136474450092,1502945.1140436714,443.0,NORMAL
58.57655153969317,38.0,31.0,8127.0,12047.0,774.0,292.0,310.98813585460675,6.830576979827837,1462835.072728862,443.0,NORMAL
1.6868828302359649,2022.0,0.0,119920.0,0.0,57.0,0.0,248126.13343807307,5366.0549794734825,323.33642182709434,80.0,DoS
35.141849105771215,31.0,26.0,14880.0,18868.0,659.0,846.0,397.8619309365043,5.335543904839568,195200.3103594465,443.0,NORMAL
0.28520318068145634,1.0,0.0,58.0,0.0,72.0,0.0,4129.635456241789,88.97095120418541,8392.95660981684,2692.0,PortScan
0.47344216754665075,1.0,2.0,190.0,134.0,106.0,60.0,4996.379991721764,16.627971548497044,18629.45044784474,53.0,NORMAL
0.1572997806092293,1.0,3.0,68.0,56.0,77.0,160.0,3756.335361457122,8.726614655426879,343394.29928644287,53.0,NORMAL
31.56664720809011,49.0,5.0,7635.0,14721.0,699.0,530.0,1010.560512574728,9.504696330532127,1518970.3616832788,443.0,NORMAL
51.47217445664943,5.0,32.0,8309.0,8715.0,1212.0,1061.0,690.4472212076006,6.902036109676842,1583496.9073616057,443.0,NORMAL
0.27037976715951795,3.0,3.0,121.0,242.0,96.0,142.0,134.47381200203645,17.602637309001747,421570.3583996204,53.0,NORMAL
1.296717450742617,1.0,2.0,70.0,87.0,95.0,173.0,1023.8917147195899,6.586176012719651,105477.8813466706,53.0,NORMAL
15.00857463411357,5.0,31.0,3500.0,5425.0,1387.0,755.0,1321.1193914412945,1.2161504191156745,1769914.6619271536,443.0,NORMAL
37.20264274001005,49.0,18.0,10179.0,12648.0,393.0,1001.0,665.306151451429,9.642613108656871,1168508.286505279,443.0,NORMAL
34.893913677614805,40.0,7.0,8399.0,12218.0,688.0,891.0,247.0821810280568,6.855054235844385,333291.11642638646,443.0,NORMAL
34.62349140740768,21.0,43.0,11578.0,14715.0,1091.0,501.0,1679.761145066175,9.1048349099625,1372629.578352807,443.0,NORMAL
0.9537406084229069,3.0,3.0,154.0,204.0,94.0,110.0,4412.154435803982,14.324762405452141,199954.7344196492,53.0,NORMAL
1.775521565777091,1.0,2.0,31.0,61.0,40.0,67.0,171.09512253940943,8.88319634646727,334580.82765286026,53.0,NORMAL
20.054431903533512,46.0,49.0,7806.0,3179.0,618.0,790.0,1706.1367318430205,5.542212183265336,501204.89292922954,443.0,NORMAL
0.027728353218813864,2690.0,0.0,179017.0,0.0,40.0,0.0,671491.680297123,3716.2099255548706,71.08240464182657,22.0,DoS
14.054207602881252,4.0,15.0,2865.0,39181.0,485.0,1257.0,2339.64765462899,10.200622099953199,279856.92474939744,80.0,NORMAL
35.22524124549782,48.0,31.0,7021.0,14091.0,874.0,407.0,142.21921508788287,1.1201066546657512,1039901.7827515056,443.0,NORMAL
0.11925146009995044,1.0,0.0,79.0,0.0,70.0,0.0,642.8539591944201,98.04382375712007,2028.6434029974912,21901.0,PortScan
1.3200187480247625,2.0,1.0,167.0,211.0,108.0,154.0,1610.5450983778444,3.7301327504869963,326874.228047018,53.0,NORMAL
0.11731409848813569,4444.0,0.0,132526.0,0.0,54.0,0.0,730951.2099230865,7573.672760353425,396.59277575502387,22.0,DoS
44.50859235456765,15.0,42.0,14870.0,10675.0,842.0,1075.0,1404.6537605682593,3.7162992192723046,917312.4597775493,443.0,NORMAL
1.3132047102744564,3.0,2.0,48.0,56.0,75.0,92.0,4587.170375122562,12.695833814779132,302594.79343920166,53.0,NORMAL
1.65033685229366,1.0,2.0,55.0,186.0,94.0,102.0,4382.03184305425,6.0724184468361475,312865.0403282921,53.0,NORMAL
0.285544546178655,2.0,2.0,154.0,119.0,42.0,109.0,302.184880044516,10.652922452598029,195697.53513112979,53.0,NORMAL
56.79619067301665,49.0,28.0,13706.0,19901.0,1129.0,363.0,1498.851433758724,5.4417043180359475,1966367.0290087967,443.0,NORMAL
1.7854365365799552,3259.0,0.0,193201.0,0.0,55.0,0.0,204808.9993102933,4671.093259629267,335.5709431503248,443.0,DoS
12.724225210516172,20.0,8.0,5512.0,6594.0,213.0,186.0,553.5088747194654,1.894540714651148,1335327.3957877706,443.0,NORMAL
43.60645089189845,26.0,22.0,1979.0,18579.0,1032.0,674.0,206.6500172400374,1.9004307816020602,774034.8251465397,443.0,NORMAL
0.8942172112820398,4495.0,0.0,58429.0,0.0,51.0,0.0,858582.4857837977,1107.978827213637,126.42742355197038,22.0,DoS
16.870610861670762,45.0,17.0,12459.0,19547.0,927.0,826.0,1444.994858326073,2.1970012747054106,1243107.898064339,443.0,NORMAL
13.302120347082813,23.0,18.0,9910.0,2547.0,945.0,1173.0,864.5951390882659,5.070871418061767,988384.8282795931,443.0,NORMAL
0.5193185257764862,2.0,2.0,186.0,200.0,55.0,171.0,4537.780706932133,17.82567085093967,28439.182234419262,53.0,NORMAL
0.9242643436011369,2.0,2.0,129.0,149.0,69.0,90.0,2538.3891649857865,14.376778761334426,198041.00033233932,53.0,NORMAL
0.9136695932387803,1.0,2.0,100.0,279.0,111.0,171.0,4885.492159673434,2.7358516111841737,368643.9151784269,53.0,NORMAL
0.27318464839054446,3.0,1.0,121.0,219.0,65.0,172.0,551.658399125292,4.7781249994678126,259890.9226833554,53.0,NORMAL
0.4212120340708517,1.0,0.0,40.0,0.0,51.0,0.0,103.28137467350469,43.64075617508357,6122.285866864585,37804.0,PortScan
5.02216625374412,30.0,45.0,6828.0,1301.0,1138.0,499.0,1064.7768435321727,3.4357547198940983,1918917.2122016877,443.0,NORMAL
11.415153888324987,46.0,33.0,3102.0,4700.0,896.0,1072.0,1854.7312381788295,9.17582014494452,1810411.3545231523,443.0,NORMAL
1.390362533635413,3.0,1.0,110.0,200.0,99.0,126.0,4968.048481235,14.341652654316789,230854.663661494,53.0,NORMAL
0.6928397514927925,3.0,3.0,44.0,176.0,57.0,85.0,4317.865933261463,8.742121605825618,200732.57917208562,53.0,NORMAL
1.986963554962975,23.0,16.0,4838.0,20930.0,971.0,666.0,2879.1727479547876,2.882809357254553,638552.0595793634,80.0,NORMAL
45.613636404819516,7.0,32.0,12903.0,4811.0,734.0,1033.0,1613.8684350827064,3.6995314928952245,1027125.9855789214,443.0,NORMAL
1.958677834146985,3.0,3.0,31.0,130.0,50.0,77.0,3797.401631056572,1.898754454066913,282196.4462505884,53.0,NORMAL
52.52605203578765,7.0,11.0,9744.0,14358.0,1299.0,244.0,1265.8099512261656,6.984525885352941,1252121.009290664,443.0,NORMAL
1.8536542802991847,3.0,1.0,103.0,205.0,45.0,167.0,4547.792112040056,11.030939185536365,252895.29603340925,53.0,NORMAL
32.44450940652878,28.0,39.0,5997.0,16032.0,197.0,432.0,1190.4316714634558,2.2400737176919274,1588826.0490929277,443.0,NORMAL
30.285608584872943,20.0,36.0,13447.0,10854.0,498.0,1261.0,1061.2598835351237,9.516755452708312,366536.38633938617,443.0,NORMAL
0.8475880597266815,1.0,1.0,86.0,231.0,95.0,69.0,4041.209653886808,19.09191883078523,249373.78708929633,53.0,NORMAL
1.402144956392365,3.0,1.0,114.0,207.0,58.0,161.0,3875.122827968544,8.293155608764064,221879.74790871487,53.0,NORMAL
25.01928285841203,20.0,21.0,9718.0,1689.0,802.0,756.0,731.1405748162952,6.459128085666885,740333.8431054965,443.0,NORMAL
30.629505609543312,46.0,9.0,6137.0,5429.0,763.0,691.0,680.0021730541282,9.737122747948737,438256.106250191,443.0,NORMAL
1.5141178694995827,3.0,2.0,166.0,148.0,76.0,94.0,1539.5501488960633,1.6621952841844745,319787.29444108286,53.0,NORMAL
27.62844122013628,5.0,12.0,6487.0,15510.0,478.0,978.0,1229.7058258683298,2.698139366009565,76902.95492240583,80.0,NORMAL
0.3566486168746534,1.0,0.0,78.0,0.0,42.0,0.0,2214.651545373648,13.39423316240837,6397.486779269643,51117.0,PortScan
1.7438436785697835,19.0,23.0,5075.0,4358.0,1389.0,1124.0,1179.8745873745793,0.6730332938537904,1208802.3538440084,443.0,NORMAL
31.68401324949084,45.0,33.0,5529.0,2161.0,235.0,491.0,1100.3472019236585,9.06561968881794,432767.20438368456,443.0,NORMAL
0.3230728929574195,1.0,2.0,194.0,62.0,81.0,136.0,3153.1750633526513,1.4068952347430281,12449.242306961642,53.0,NORMAL
52.15485827122446,41.0,46.0,8192.0,16816.0,262.0,109.0,1941.3214087874032,5.4688926788412875,625331.7518012697,443.0,NORMAL
0.8181191839459745,3.0,1.0,124.0,285.0,67.0,173.0,260.5068777128747,14.569301156451507,10908.43867594528,53.0,NORMAL
59.17406276554938,21.0,32.0,10441.0,10429.0,167.0,1392.0,927.2554974020393,6.400664727662197,294841.4392568285,443.0,NORMAL
1.6508446012901856,21.0,49.0,8011.0,8596.0,822.0,137.0,207.3777863373184,1.080517245454864,1522613.318162518,443.0,NORMAL
1.2896051880038646,1.0,1.0,104.0,111.0,60.0,179.0,960.0836181963499,13.81763990334564,422587.43266179884,53.0,NORMAL
14.863430894761214,44.0,14.0,11225.0,18037.0,421.0,863.0,110.70322892462676,7.3616419408453195,341190.81001899164,443.0,NORMAL
29.876095948554315,24.0,10.0,6345.0,31341.0,712.0,1263.0,3296.502284744736,10.417439862495797,273338.59580049117,80.0,NORMAL
0.3509869834943369,2.0,3.0,132.0,156.0,110.0,66.0,3073.6773496701558,12.901155330184771,224511.55277142485,53.0,NORMAL
25.083784040857037,26.0,11.0,5831.0,32398.0,299.0,196.0,2264.9296244894977,4.149049210620435,665929.1701103232,80.0,NORMAL
0.27664187260695383,2.0,3.0,126.0,79.0,99.0,165.0,547.6360349999495,17.04754947382174,277877.67355425196,53.0,NORMAL
48.23461524743589,46.0,44.0,14813.0,4454.0,822.0,639.0,1760.598908521999,9.465027323143808,1301627.6075865517,443.0,NORMAL
3.50291559420661,9.0,26.0,7635.0,13420.0,315.0,1373.0,853.4373752498686,9.350044734947499,993227.5555262909,443.0,NORMAL
0.43045006261251234,2.0,1.0,65.0,199.0,97.0,117.0,2260.3024261780724,17.332617828640778,44703.75741898164,53.0,NORMAL
0.3702467488643015,1.0,0.0,43.0,0.0,52.0,0.0,4244.420499520623,86.6010954081978,7101.36890692882,51232.0,PortScan
1.954730276526164,2.0,3.0,91.0,268.0,59.0,155.0,3840.902495060329,6.538166189792891,34995.98412913065,53.0,NORMAL
0.7826632516845669,2.0,3.0,198.0,145.0,95.0,112.0,3948.8436619447243,6.580522067900215,343022.7993681706,53.0,NORMAL
14.205239274534762,18.0,30.0,2550.0,5035.0,1011.0,409.0,1073.909537175043,1.8984233804301356,871883.1062128724,443.0,NORMAL
14.525832318725847,24.0,36.0,10531.0,1973.0,221.0,1393.0,1298.3056577934012,8.392092269845282,511985.01361668215,443.0,NORMAL
0.14374507091617622,1.0,0.0,48.0,0.0,66.0,0.0,597.925046945249,59.91224756807784,1008.814379750574,45080.0,PortScan
1.7552629576191656,2.0,3.0,199.0,100.0,85.0,118.0,3119.1981817782766,6.3017044265446165,396293.4252295885,53.0,NORMAL
58.41161161536764,38.0,43.0,6289.0,17668.0,110.0,646.0,133.49967697464695,3.1273657179484333,1946781.1873033799,443.0,NORMAL
0.5682879079028093,4.0,3.0,168.0,221.0,99.0,61.0,354.94463233229436,6.159224167260734,156226.12977468723,22.0,BruteForce
1.43060736009562,1.0,2.0,153.0,237.0,82.0,86.0,1239.9308127296329,2.9808044487676724,379476.61547083856,53.0,NORMAL
0.325544806594259,2.0,2.0,199.0,181.0,49.0,104.0,3125.8577238712915,18.944505008728186,49224.62997396171,53.0,NORMAL
49.14086939914842,33.0,45.0,14271.0,14230.0,763.0,1255.0,224.81181574722876,5.327756391225268,192172.55304994568,443.0,NORMAL
23.646144164049595,34.0,10.0,3428.0,6188.0,609.0,1276.0,380.78985360880375,4.620418657858792,1368571.6980652802,443.0,NORMAL
1.928855193662096,3.0,1.0,139.0,212.0,77.0,148.0,1613.8948187548165,8.222586333712979,435670.6291566675,53.0,NORMAL
0.7210458441220199,2.0,2.0,185.0,195.0,81.0,93.0,3031.7769590436287,2.3108771820953025,413247.8889491649,53.0,NORMAL
0.8437162615790625,1.0,3.0,176.0,182.0,40.0,69.0,208.88332040113727,11.968966502673497,297783.7691180083,53.0,NORMAL
54.16832261896835,7.0,6.0,9899.0,13731.0,672.0,347.0,492.241115045231,5.234871655775446,402938.6820784036,443.0,NORMAL
10.851462899367412,25.0,29.0,3900.0,2274.0,685.0,1350.0,1216.8693291929774,14.732431004030161,625193.491610156,80.0,NORMAL
0.9861105102113575,4380.0,0.0,158359.0,0.0,49.0,0.0,654821.7025083096,2210.713827072025,18.60316511618803,443.0,DoS
36.84514626218486,43.0,49.0,5151.0,19677.0,1091.0,1269.0,841.5492915947342,4.109099291873148,985365.3858724876,443.0,NORMAL
34.33629757868195,11.0,28.0,3962.0,12432.0,1377.0,365.0,1408.339089283441,6.300105559413957,1788009.670156928,443.0,NORMAL
3.6932759846406404,48.0,19.0,2860.0,19056.0,240.0,825.0,816.5224219261925,0.6495358056088208,741901.7994970233,443.0,NORMAL
1.4698886816350176,2.0,1.0,65.0,261.0,65.0,168.0,2586.718647262965,19.106183929097647,223329.79716404993,53.0,NORMAL
1.5211962326759634,2.0,3.0,83.0,118.0,112.0,85.0,2008.1702073203576,12.252727492397668,19960.671071339013,53.0,NORMAL
1.5460564135558597,2.0,2.0,136.0,243.0,45.0,86.0,654.568257657319,18.45207858392991,177390.7544745542,53.0,NORMAL
1.018231990940623,3.0,1.0,62.0,255.0,58.0,87.0,3163.837009205672,8.366161146949455,56218.993561711555,53.0,NORMAL
0.7043293616421873,2.0,3.0,159.0,236.0,80.0,71.0,500.57590498441556,2.6249007630667682,194936.64663436488,53.0,NORMAL
32.42441872084636,47.0,42.0,2040.0,13221.0,690.0,520.0,1623.6979239093732,8.24387367554495,1702858.6753611392,443.0,NORMAL
9.529404537693805,15.0,17.0,7855.0,42873.0,445.0,753.0,2327.300196290749,1.5091998485397977,994988.0020530565,80.0,NORMAL
36.02598668130377,25.0,10.0,3593.0,15507.0,1057.0,845.0,273.94829792736755,0.6229004766158819,594044.408975441,443.0,NORMAL
52.86798014616772,25.0,16.0,11786.0,9567.0,441.0,475.0,1116.5555042606893,8.965479869593176,1030784.236550562,443.0,NORMAL
27.74404125013363,49.0,10.0,9720.0,19688.0,257.0,1166.0,296.0796426210885,5.569433583402867,769937.4892350307,443.0,NORMAL
0.4276130429642335,3.0,3.0,99.0,225.0,100.0,69.0,1170.632497125682,17.40370584036823,361821.5173761314,53.0,NORMAL
35.399452097211835,38.0,33.0,13820.0,9254.0,323.0,327.0,1574.6469479673574,8.447348835396282,923367.2931682147,443.0,NORMAL
0.27690134321880805,1.0,0.0,40.0,0.0,70.0,0.0,4119.781169602483,54.27733047291869,5835.8540834436235,53171.0,PortScan
5.541814679898787,5.0,38.0,4900.0,15434.0,965.0,1220.0,277.0586933473944,2.734117271683812,1817867.42291817,443.0,NORMAL
0.024197408938041478,1.0,0.0,60.0,0.0,49.0,0.0,1130.7494072885004,30.072407445109356,1881.2214280617543,13366.0,PortScan
1.9935629595024957,15.0,26.0,7956.0,30180.0,683.0,1067.0,2637.7416035535252,2.269765515519447,472908.8828143512,80.0,NORMAL
0.4148715705531631,2.0,2.0,141.0,247.0,67.0,120.0,475.0943695945221,6.532561717552619,43756.78635239977,53.0,NORMAL
1.0029487240917612,1459.0,0.0,141884.0,0.0,49.0,0.0,686507.2054169503,8899.09340584397,279.15944096680096,443.0,DoS
12.266249829955326,20.0,5.0,7918.0,40369.0,1294.0,282.0,3567.4144652495984,14.609698334503598,313346.42955565517,80.0,NORMAL
0.2391222406404314,1.0,0.0,67.0,0.0,78.0,0.0,3220.7639173663533,51.672375384499496,474.60902751932554,21691.0,PortScan
0.13144514575051564,2.0,1.0,38.0,272.0,47.0,103.0,4524.764328740861,14.135140050784345,89936.20614214455,53.0,NORMAL
36.511013788543,19.0,24.0,6492.0,3490.0,227.0,1217.0,1968.8368248684924,4.844539584001755,1800762.2493268808,443.0,NORMAL
27.3877694916251,17.0,4.0,796.0,32316.0,419.0,648.0,4947.03260886298,8.900533599785561,485984.0465787444,80.0,NORMAL
15.856144475510213,20.0,17.0,2050.0,2218.0,801.0,557.0,652.339226218326,4.889803743936519,1332497.7853180438,443.0,NORMAL
1.2972278167548703,6.0,6.0,208.0,106.0,129.0,117.0,289.14793721720065,9.807788736233398,290225.89237323985,3389.0,BruteForce
0.3958528696229239,3.0,3.0,52.0,71.0,95.0,124.0,1077.615881813739,15.92342134976991,423269.5730175961,53.0,NORMAL
21.36634030115842,18.0,35.0,1557.0,18880.0,918.0,675.0,1605.7266820031355,5.170567803083473,1277738.2993771958,443.0,NORMAL
1.2730243725907326,2.0,1.0,99.0,175.0,88.0,151.0,3114.691938137409,18.668806861700713,60305.75275374559,53.0,NORMAL
32.28782586170034,13.0,11.0,14591.0,4549.0,1252.0,739.0,1374.6296363283213,1.1197102820411249,1995260.8170296524,443.0,NORMAL
14.609518891347763,46.0,15.0,10554.0,17283.0,160.0,1095.0,629.8546130833238,0.5704929248661768,481410.1480149123,443.0,NORMAL
0.8711252891075448,3.0,1.0,32.0,90.0,78.0,69.0,275.7768348036714,13.08159613394442,235634.13887410492,53.0,NORMAL
2.3526987346120096,6.0,5.0,121.0,136.0,70.0,62.0,293.6411406773435,5.193056501409895,201727.38675615864,21.0,BruteForce
15.273969138616245,46.0,6.0,14568.0,1750.0,870.0,1369.0,188.61875675904105,1.215467072842733,1986044.0197801604,443.0,NORMAL
12.884667715245408,15.0,11.0,4112.0,41706.0,299.0,575.0,3086.096182653116,13.856900260272589,804038.9836086482,80.0,NORMAL
21.58041150419928,42.0,34.0,10330.0,5507.0,1360.0,392.0,1461.551923573595,4.645337577650298,302564.8639913005,443.0,NORMAL
24.765581692654386,27.0,7.0,8716.0,26505.0,1032.0,551.0,4017.9494191255394,11.277112564684424,566059.7037110967,80.0,NORMAL
6.1709220590664735,23.0,13.0,13834.0,10274.0,1324.0,374.0,162.5305142143846,5.1821162195969,687203.0598006647,443.0,NORMAL
6.402614021032163,26.0,8.0,9236.0,28949.0,1294.0,822.0,4854.286520654705,13.538096757767269,950426.9212399517,80.0,NORMAL
16.986703160029567,27.0,9.0,5365.0,11610.0,612.0,713.0,3903.446632294751,6.637921716144902,788128.6581999809,80.0,NORMAL
38.547680840821016,18.0,27.0,13749.0,11252.0,1189.0,590.0,1103.9580684628245,7.782865909228489,1903178.8055716106,443.0,NORMAL
1.2992815452894824,3.0,1.0,186.0,68.0,89.0,91.0,248.37618437199492,13.085617744972444,412270.0992068999,53.0,NORMAL
0.10725121782706047,1.0,1.0,155.0,198.0,50.0,91.0,484.39084289296136,11.417540052242247,169031.95697772372,53.0,NORMAL
0.4291269116007949,2.0,1.0,34.0,104.0,42.0,163.0,727.3303358488486,5.061145663605584,186450.68893715343,53.0,NORMAL
1.160956345813552,3.0,1.0,151.0,86.0,74.0,70.0,3782.833092775402,13.991410558207395,486936.24043632986,53.0,NORMAL
0.4558642999443766,2.0,3.0,122.0,257.0,99.0,60.0,398.762421388092,18.24354080763561,94737.35127958207,53.0,NORMAL
0.49218693944604985,2.0,2.0,85.0,165.0,89.0,173.0,825.0530951524737,5.4222570847864935,41308.72081367823,53.0,NORMAL
0.5052843996966332,5.0,6.0,244.0,113.0,81.0,50.0,241.18045564521532,6.397982607423238,258720.1937430639,3389.0,BruteForce
10.01980307653834,23.0,11.0,8470.0,32965.0,398.0,383.0,4447.640675779005,3.6966767772849796,859663.5726243277,80.0,NORMAL
29.829948233875278,9.0,28.0,13797.0,12553.0,125.0,345.0,786.3744196898489,7.620207301885919,1315312.597676642,443.0,NORMAL
16.953203896687008,37.0,31.0,2652.0,19951.0,557.0,1354.0,1802.3980081937354,6.292167405439668,481516.70220583555,443.0,NORMAL
1.3431288974049078,3.0,2.0,127.0,231.0,59.0,87.0,4237.73701170329,3.5187832383905047,400785.6776143858,53.0,NORMAL
12.902745761200364,7.0,3.0,7429.0,44301.0,1145.0,1221.0,245.52689645155147,6.0434894539338515,476180.4077335808,80.0,NORMAL
19.92300736667742,14.0,4.0,2515.0,37299.0,1079.0,622.0,3896.9450050366963,3.7101708015812838,337906.7157321464,80.0,NORMAL
4.081840517632156,4.0,4.0,179.0,238.0,98.0,91.0,258.7980382900749,5.909292535070759,270527.5104314239,21.0,BruteForce
28.107359335953213,47.0,30.0,2555.0,3024.0,503.0,903.0,1283.2462654463582,1.7833982876554428,1520140.7981090622,443.0,NORMAL
27.680858512498624,18.0,45.0,3847.0,16203.0,1338.0,314.0,1806.7180625358517,3.9846959001769533,1602743.4405284452,443.0,NORMAL
0.8932332913570074,1.0,2.0,63.0,94.0,66.0,159.0,3022.858763557166,12.11282273920727,329499.1806426651,53.0,NORMAL
49.77573422474776,26.0,29.0,6698.0,7283.0,382.0,1361.0,1289.1914095237723,9.976273783071372,446937.6241042263,443.0,NORMAL
45.10078534989164,44.0,35.0,11632.0,18875.0,813.0,571.0,1505.8693777937756,7.050146985106093,1220484.7683851721,443.0,NORMAL
0.06659801303243294,3.0,1.0,158.0,242.0,79.0,68.0,915.8105583873545,1.949462840413754,384443.8030607508,53.0,NORMAL
2.3256891908869264,37.0,36.0,7167.0,6190.0,260.0,1188.0,1544.7360261429567,8.474242725639165,1957841.82936257,443.0,NORMAL
31.812352343233457,6.0,19.0,10180.0,19690.0,554.0,849.0,376.525109513028,4.448213935214344,1728935.825353466,443.0,NORMAL
56.404994212260874,7.0,45.0,14747.0,5718.0,165.0,926.0,1004.3678042350393,5.961669549690053,1976641.038460776,443.0,NORMAL
54.46054912581733,11.0,27.0,9823.0,1305.0,1356.0,1372.0,1659.231542093826,3.5386038698322455,1992704.5628116808,443.0,NORMAL
1.5349133938037525,1.0,3.0,151.0,85.0,49.0,150.0,690.6912273776192,17.08099301569389,475375.2205394866,53.0,NORMAL
18.980314627781866,18.0,23.0,10643.0,4599.0,1229.0,1320.0,1775.7286128805501,5.825681671723899,121121.8864353099,443.0,NORMAL
13.178855033875589,44.0,10.0,9050.0,11857.0,1125.0,131.0,521.0574576543867,0.7592326811803731,1127129.842527323,443.0,NORMAL
3.931903811058993,28.0,14.0,6361.0,541.0,321.0,888.0,3111.7251449591604,9.227645772459104,806178.8043205764,80.0,NORMAL
9.822879527639506,10.0,19.0,7870.0,35534.0,1344.0,1222.0,2816.6631038497403,13.397313836447918,988595.5080559213,80.0,NORMAL
50.114115807224884,15.0,29.0,1713.0,1730.0,1366.0,396.0,130.46916005822698,6.0415445433158235,936220.22439587,443.0,NORMAL
52.77019089519244,12.0,5.0,14407.0,18296.0,864.0,1244.0,1127.5429345163436,6.679551120142624,107178.55188660641,443.0,NORMAL
1.3474504427910197,10.0,3.0,9007.0,25229.0,760.0,189.0,551.5629428857115,12.780070254890305,565737.565449039,80.0,NORMAL
8.092226518113998,47.0,48.0,1372.0,10224.0,537.0,662.0,727.6226097964532,6.536295796051567,1250360.2556620436,443.0,NORMAL
43.89634893530802,27.0,31.0,4996.0,14522.0,238.0,842.0,1469.6778415654358,8.033363041492002,975653.3899442471,443.0,NORMAL
1.0883720783662958,2.0,2.0,47.0,88.0,51.0,164.0,3501.9532622298348,16.78093491920349,75842.48901493027,53.0,NORMAL
4.560772955443264,17.0,10.0,14801.0,15239.0,591.0,958.0,465.78585645761615,7.343042026217317,1076678.0739992121,443.0,NORMAL
0.3130438038062716,508.0,0.0,141636.0,0.0,46.0,0.0,929208.9446366675,2649.2595525168576,470.074083787052,22.0,DoS
3.7002216173302753,6.0,7.0,141.0,354.0,108.0,111.0,137.27695478086048,2.5569185070413933,425682.48168599425,21.0,BruteForce
0.48618915745869384,983.0,0.0,117994.0,0.0,51.0,0.0,986765.2525885476,6084.052560050659,101.72699234701035,80.0,DoS
17.207525087825626,31.0,45.0,9906.0,9486.0,751.0,977.0,772.848209060621,1.0987476633996134,250417.30090318795,443.0,NORMAL
1.9414681609812707,3732.0,0.0,54817.0,0.0,45.0,0.0,694548.720815754,4239.053564840331,150.3641004005923,80.0,DoS
0.8716277444544189,3.0,3.0,126.0,280.0,81.0,99.0,3574.783684753833,6.032813909070387,387393.7355851449,53.0,NORMAL
44.98092897687547,40.0,34.0,5648.0,18769.0,318.0,287.0,1790.9327542517271,2.7481137048780626,862335.443863151,443.0,NORMAL
37.94782496384276,15.0,8.0,5646.0,7402.0,1212.0,1087.0,1499.140601095085,3.024105412334096,1490154.0365864418,443.0,NORMAL
1.1895286786873227,1.0,1.0,186.0,208.0,43.0,72.0,2681.4454016694763,12.27094076767285,467805.4805281937,53.0,NORMAL
26.42908763092231,4.0,15.0,6691.0,35718.0,896.0,685.0,532.4687982261939,7.102052048907449,85634.31077002166,80.0,NORMAL
21.40423602115626,25.0,10.0,8785.0,4853.0,212.0,1037.0,2290.8862005706405,4.903880740670459,64595.27610831733,80.0,NORMAL
4.40379574926082,7.0,5.0,148.0,288.0,132.0,98.0,275.4089553647281,8.864552413752971,456517.7903584649,3389.0,BruteForce
0.9566430422984301,1.0,2.0,34.0,121.0,64.0,149.0,4209.777912779411,6.607428386308061,166480.1025060141,53.0,NORMAL
1.3139699119785109,3.0,1.0,77.0,62.0,107.0,63.0,2107.3100225248386,6.548973358922581,185254.74999812237,53.0,NORMAL
18.364170625650257,11.0,5.0,7478.0,31203.0,1136.0,1081.0,240.18159911654794,8.878583781178286,533704.8535525278,80.0,NORMAL
18.315840569279178,27.0,22.0,13674.0,13046.0,1138.0,563.0,1671.6395426502243,8.864628235145931,1689052.0719930911,443.0,NORMAL
0.07343801233487156,728.0,0.0,111950.0,0.0,54.0,0.0,874498.2363320111,7447.765908254387,170.27986322066963,443.0,DoS
31.325379860428836,47.0,15.0,12708.0,1868.0,978.0,623.0,1936.2261391602074,4.604043593686963,1637581.1325362443,443.0,NORMAL
56.73223894896737,23.0,11.0,14426.0,12575.0,459.0,125.0,133.47136356810387,7.668673386299027,1471501.2245349556,443.0,NORMAL
0.8800577883192903,3.0,3.0,129.0,69.0,58.0,149.0,2998.3273052623176,17.857022731905218,340391.65791101515,53.0,NORMAL
19.465612190550438,23.0,8.0,3728.0,37312.0,1195.0,957.0,212.9046027164062,10.531605925676843,601546.8919239336,80.0,NORMAL
29.399304946484094,45.0,41.0,9521.0,5942.0,314.0,551.0,723.5833260214732,9.17453347573572,1708600.9012568288,443.0,NORMAL
0.25796309354270147,3.0,2.0,38.0,274.0,64.0,130.0,3956.48895990967,8.781892167406461,436235.88018032105,53.0,NORMAL
18.986766583306842,14.0,22.0,7806.0,9679.0,871.0,859.0,4641.690015128195,14.360183898273892,798905.6632173535,80.0,NORMAL
33.01603344774702,27.0,15.0,8234.0,16909.0,574.0,189.0,903.9245753406877,3.203383745758591,556851.438275351,443.0,NORMAL
22.69780170176009,27.0,43.0,5038.0,19615.0,230.0,572.0,1750.5184003078186,1.1898030996627613,218564.40852605423,443.0,NORMAL
0.04770881913617082,2.0,2.0,108.0,175.0,45.0,68.0,884.1631388985678,7.485457856804089,224569.37681638866,53.0,NORMAL
0.24234053166316125,3.0,1.0,115.0,279.0,105.0,127.0,2969.6439901887325,13.184049311234837,160625.17507668538,53.0,NORMAL
16.66938714455776,30.0,20.0,8783.0,18716.0,967.0,534.0,442.44393845507625,7.2841666173635415,1101146.7978784216,443.0,NORMAL
0.2583480040524516,2.0,3.0,154.0,197.0,53.0,179.0,4352.941535907615,15.888603976273988,330049.9527948655,53.0,NORMAL
1.3746672591025118,1.0,3.0,194.0,297.0,58.0,149.0,3125.6295843904754,10.728076692366013,118452.0981875815,53.0,NORMAL
0.6532348183650301,2.0,1.0,46.0,151.0,95.0,106.0,1144.5411515982519,13.89473380213629,485170.6803208403,53.0,NORMAL
0.5101166867379228,1.0,2.0,154.0,115.0,57.0,124.0,4941.548219543369,18.6166646015182,226714.01128071145,53.0,NORMAL
8.818955691769057,32.0,15.0,7929.0,11407.0,1118.0,537.0,217.89700000732222,9.466144735421526,464770.10836523207,443.0,NORMAL
28.763037132474093,18.0,21.0,1873.0,39255.0,270.0,106.0,1494.830983472114,5.420678610183701,882970.7013910336,80.0,NORMAL
5.2597061297713745,14.0,49.0,7651.0,14777.0,1044.0,1164.0,319.392572837987,3.2278705722972485,1977109.499592473,443.0,NORMAL
0.9744199068491275,3565.0,0.0,194284.0,0.0,40.0,0.0,512071.1270111443,5478.303384834742,316.0738876078374,443.0,DoS
4.236374397896923,7.0,7.0,233.0,321.0,78.0,64.0,154.58875999960188,2.8776868766061083,260974.09156912073,21.0,BruteForce
2.9818877451452392,24.0,11.0,5722.0,40244.0,1324.0,377.0,1091.650253259286,12.596485838693402,693859.6399973882,80.0,NORMAL
1.597826490199311,1.0,2.0,65.0,110.0,62.0,174.0,374.73161719194366,3.7612346978053655,370626.8685155146,53.0,NORMAL
19.699848679676037,25.0,39.0,8043.0,16305.0,841.0,638.0,1607.9634639680223,5.763161681522378,1600419.5742002768,443.0,NORMAL
1.402793637362344,4714.0,0.0,79775.0,0.0,49.0,0.0,808413.9520020267,3726.092644837007,359.892704147953,443.0,DoS
1.1288482902118124,2.0,1.0,150.0,94.0,42.0,165.0,1468.4443181600298,9.996551570131672,231639.16615245113,53.0,NORMAL
1.7120771825007526,2517.0,0.0,83959.0,0.0,43.0,0.0,777818.9342062027,2811.207808877427,62.45188226561069,443.0,DoS
14.437234430089365,27.0,45.0,3502.0,13317.0,356.0,455.0,1654.6508453365366,1.4848567870812492,1580492.8065096342,443.0,NORMAL
3.9703485498816575,27.0,22.0,2167.0,22979.0,267.0,993.0,4486.654443261294,11.5330811159024,370417.45132723724,80.0,NORMAL
49.53424479230703,11.0,37.0,11599.0,19909.0,684.0,1241.0,831.7673989920011,5.284936947500093,1977305.865385807,443.0,NORMAL
0.17305383231302537,2963.0,0.0,158578.0,0.0,45.0,0.0,416268.99998571584,8332.014998866289,286.4020095097973,22.0,DoS
1.7000788059894882,1.0,3.0,107.0,122.0,51.0,133.0,3022.511929592332,3.501710397319301,347614.5184148582,53.0,NORMAL
0.32325425917843364,2.0,3.0,103.0,51.0,118.0,60.0,224.21599410956435,15.423617189249224,326772.0464197511,53.0,NORMAL
56.35998428846048,29.0,30.0,12184.0,16279.0,223.0,624.0,234.83280324251743,0.7998157160826694,1632025.0522099813,443.0,NORMAL
0.25158465364135607,1.0,0.0,51.0,0.0,75.0,0.0,4397.112688136432,12.79216872644319,2455.5460007524907,59247.0,PortScan
14.567321747574084,46.0,14.0,1994.0,7786.0,430.0,338.0,1356.8058608269453,6.9659273198259966,1936634.9936960137,443.0,NORMAL
19.312263795597037,5.0,18.0,8870.0,27525.0,1349.0,369.0,4384.9463060622365,11.235700921491937,577282.9462652947,80.0,NORMAL
4.788327287432911,37.0,23.0,4407.0,15896.0,147.0,1064.0,401.7916212258297,6.974796578979255,223270.51437848312,443.0,NORMAL
52.85975511665377,15.0,46.0,5431.0,4992.0,1335.0,833.0,458.9642553525195,2.243090441420219,1686221.6320198283,443.0,NORMAL
14.016105209961465,24.0,6.0,13026.0,12019.0,324.0,1190.0,188.8765853612153,7.565208538841905,734257.1802499422,443.0,NORMAL
0.14918644051990881,1.0,0.0,56.0,0.0,52.0,0.0,260.24325633379624,77.4785772591729,6087.955556372067,28739.0,PortScan
48.6791023943006,14.0,17.0,13934.0,15849.0,1085.0,172.0,1822.6707477688615,2.32492762941285,1956249.0091784864,443.0,NORMAL
8.333361464796631,11.0,12.0,5076.0,41676.0,313.0,525.0,3542.952613795006,12.122481468949758,413144.64145517594,80.0,NORMAL
1.7149384773462397,4574.0,0.0,153341.0,0.0,56.0,0.0,586560.396874211,4323.5658379074575,79.62854076358808,80.0,DoS
0.07870973663359092,1.0,0.0,65.0,0.0,71.0,0.0,2524.667571671115,6.3090167187878725,6149.305400025682,25982.0,PortScan
49.529697332466974,10.0,29.0,12373.0,5826.0,951.0,731.0,1666.7997891793152,7.859429299547813,1289974.4315727993,443.0,NORMAL
4.842299897314639,6.0,6.0,431.0,122.0,52.0,62.0,240.3091590915959,3.693955476242037,430515.0123169923,21.0,BruteForce
28.309379383138086,18.0,6.0,5353.0,38054.0,621.0,1152.0,374.11060693915545,11.244070039849559,334734.13092211576,80.0,NORMAL
18.399292593686187,20.0,3.0,5477.0,8794.0,1191.0,123.0,3097.711056046847,13.499245745596566,920311.7717558743,80.0,NORMAL
1.0931010696586432,1.0,1.0,174.0,175.0,54.0,113.0,3132.4899712902875,4.3177011501405325,183691.40271479354,53.0,NORMAL
1.0773987586970983,3.0,3.0,56.0,219.0,73.0,103.0,1278.218893759231,2.276595396978479,487740.4330349028,53.0,NORMAL
1.085791425050767,1.0,3.0,66.0,97.0,103.0,108.0,1720.9523742839137,10.605704099249143,428709.3566736459,53.0,NORMAL
30.685039256225174,11.0,24.0,6790.0,14919.0,755.0,873.0,563.1620368571821,5.278780067568656,1812743.0031135685,443.0,NORMAL
1.4618464827455795,2.0,3.0,125.0,122.0,50.0,158.0,3744.4003740580233,3.4604209649923,472958.46436213766,53.0,NORMAL
0.5323482068096559,4962.0,0.0,87358.0,0.0,43.0,0.0,500770.9897115582,4225.909201012746,267.1525373584909,22.0,DoS
1.268773394790926,1.0,2.0,99.0,282.0,63.0,62.0,2494.268804125272,9.366182564808774,106676.43155025116,53.0,NORMAL
35.983456155660484,10.0,7.0,1646.0,3899.0,154.0,294.0,904.0283951008342,9.258010124478105,445928.4633282467,443.0,NORMAL
17.293641621880717,6.0,27.0,8621.0,20388.0,963.0,815.0,3857.6781090153345,3.5474754136384155,396455.4674701517,80.0,NORMAL
37.75053807332102,48.0,39.0,6901.0,10721.0,826.0,699.0,282.3538237226146,5.323444158116263,1879359.4637135062,443.0,NORMAL
0.6018215685838698,1.0,3.0,70.0,297.0,110.0,174.0,2074.824137497496,19.16066866571611,297039.97742126987,53.0,NORMAL
24.292823462826952,18.0,28.0,7738.0,44133.0,888.0,1194.0,4380.802241260528,12.309461248007686,337384.7193749042,80.0,NORMAL
0.48659869667700695,1.0,2.0,185.0,104.0,100.0,137.0,1785.8981279621364,12.979956822294003,199102.2879122255,53.0,NORMAL
17.001012859434606,6.0,11.0,4933.0,46675.0,1354.0,940.0,3663.0222560918637,4.380847551885688,222374.83738699218,80.0,NORMAL
9.802747973452284,15.0,13.0,686.0,42053.0,718.0,876.0,452.46658216105277,14.902524094714188,197846.59316075986,80.0,NORMAL
0.4469833233263423,1.0,0.0,71.0,0.0,76.0,0.0,1637.0259287881224,53.2387127812688,8332.426717132985,46035.0,PortScan
38.23717893383851,5.0,42.0,5118.0,12885.0,983.0,686.0,1815.5460491428023,3.6179586014285126,1150396.0166517003,443.0,NORMAL
0.3585806666600655,1.0,1.0,102.0,192.0,61.0,79.0,3078.4997077493567,19.402578027788767,246513.65509798186,53.0,NORMAL
1.0063691880595194,1.0,1.0,128.0,58.0,81.0,163.0,4227.960131274915,5.747213977846697,407248.4384646173,53.0,NORMAL
18.745109680579624,7.0,25.0,6966.0,30811.0,972.0,771.0,3588.6092093452426,7.064220100729383,928402.6928049999,80.0,NORMAL
3.5373916300607324,6.0,4.0,190.0,346.0,114.0,74.0,394.1075654530321,5.766318997231223,126082.65540942102,3389.0,BruteForce
2.0436632796755276,7.0,5.0,250.0,185.0,85.0,107.0,203.8239321159716,5.356068956763108,91310.07147538535,3389.0,BruteForce
42.05804797195935,13.0,7.0,1675.0,8704.0,211.0,1088.0,960.2262385302681,3.4521877779337986,189122.17972418596,443.0,NORMAL
26.643825662283046,14.0,28.0,2281.0,43716.0,790.0,285.0,4280.735775648243,12.272605824424584,674461.9101531301,80.0,NORMAL
57.45118911357288,13.0,40.0,4845.0,2908.0,1295.0,644.0,1662.6063307016361,4.495211691640492,645407.5516263959,443.0,NORMAL
1.954952186738186,1.0,3.0,117.0,200.0,105.0,69.0,264.5319486658521,18.407651967514585,479601.41411253245,53.0,NORMAL
0.21091798436999026,1.0,1.0,90.0,217.0,83.0,126.0,3050.09984863568,13.712591047118801,376414.0008555342,53.0,NORMAL
20.647112870433677,33.0,19.0,14858.0,13274.0,562.0,1193.0,600.7915275826293,3.244757402250545,1824262.0636042533,443.0,NORMAL
22.49192180183645,22.0,25.0,7684.0,9968.0,1332.0,696.0,793.8103757882545,9.791932133499275,672877.6169551137,443.0,NORMAL
0.06025257636456433,1798.0,0.0,188168.0,0.0,52.0,0.0,935029.9063392279,8025.367496491546,267.00915615777336,80.0,DoS
31.248622149974008,5.0,40.0,9498.0,9983.0,961.0,866.0,1980.853970599384,1.1594611066063076,304106.5270804449,443.0,NORMAL
9.576319519656247,13.0,26.0,816.0,28348.0,1068.0,835.0,2908.525217667933,14.771917684272802,114091.41192853136,80.0,NORMAL
3.235405655537688,6.0,5.0,386.0,296.0,95.0,54.0,496.36926347140025,9.89519709008438,279643.40324695513,3389.0,BruteForce
0.284667460347332,1.0,0.0,52.0,0.0,77.0,0.0,538.6218277726206,93.26831545970006,2122.3638513159085,51153.0,PortScan
54.014697123097676,6.0,25.0,4872.0,13936.0,1250.0,902.0,1265.2441482829465,3.177990820693658,1840844.2832951087,443.0,NORMAL
1.342853933614354,2.0,3.0,174.0,60.0,76.0,119.0,2304.7673177080287,10.062162437394646,222646.95031696235,53.0,NORMAL
0.23229518324361328,3.0,3.0,196.0,187.0,116.0,67.0,2700.491768939555,7.6102647962576455,368695.03884698387,53.0,NORMAL
22.381240047881352,9.0,11.0,14248.0,11494.0,474.0,241.0,107.97460557807389,0.931396482795185,1507432.2224547334,443.0,NORMAL
16.620866944662552,19.0,18.0,4544.0,48374.0,770.0,625.0,885.6298421317797,4.323541426252272,214217.53023158945,80.0,NORMAL
53.75185301706893,7.0,45.0,3268.0,15598.0,140.0,211.0,1243.8941327437665,5.962071412752135,1369012.874196233,443.0,NORMAL
14.311304579960892,28.0,22.0,7212.0,34194.0,755.0,819.0,4412.466357719024,9.79281982640049,955662.1731433548,80.0,NORMAL
32.86070296166612,36.0,38.0,8383.0,1151.0,1157.0,107.0,849.0597768863411,7.4857805572349205,169474.978027306,443.0,NORMAL
19.280112401610456,29.0,12.0,7204.0,15845.0,1082.0,1158.0,4972.953190149023,11.458073998700781,875504.7613914049,80.0,NORMAL
1.4047004108402381,3.0,3.0,144.0,262.0,40.0,144.0,1681.261006819847,11.250945008999265,162505.892813353,53.0,NORMAL
0.172627263556017,1.0,0.0,61.0,0.0,76.0,0.0,4443.534331279081,77.26809197194338,8825.41120510317,12616.0,PortScan
1.8290324806717595,1.0,2.0,131.0,113.0,111.0,144.0,4378.283560813596,9.066897815666477,82076.08518446257,53.0,NORMAL
25.876559769239723,15.0,29.0,4523.0,48808.0,1276.0,855.0,2779.40694727423,2.19641329749204,938012.0629679608,80.0,NORMAL
1.9136038728433458,3.0,3.0,93.0,121.0,88.0,165.0,254.65074997729283,5.296301804384966,331373.5629162974,53.0,NORMAL
19.14991206848427,5.0,3.0,6045.0,33428.0,891.0,1063.0,2751.0797707119946,13.689771090853801,716551.3110150695,80.0,NORMAL
3.9849225431436803,13.0,25.0,9048.0,48160.0,563.0,716.0,3102.1903038101286,5.904452699049138,304793.0908962314,80.0,NORMAL
29.64979227990447,17.0,33.0,9378.0,8789.0,618.0,1185.0,792.0329741778011,4.6892661902408825,1549374.8461491596,443.0,NORMAL
51.05709736634096,6.0,35.0,8368.0,5522.0,372.0,124.0,707.3719953457206,6.337927456911074,714864.6387277668,443.0,NORMAL
22.42185548751947,48.0,20.0,13604.0,14597.0,985.0,958.0,1141.830797206612,1.3503991480514121,106870.13736597862,443.0,NORMAL
10.047732783848732,22.0,5.0,2329.0,17878.0,1057.0,971.0,1190.3392705290353,2.2643512622591913,765611.5570018224,443.0,NORMAL
10.001046149051627,3.0,18.0,4964.0,47448.0,679.0,511.0,1029.2522669489485,8.350349683959728,636808.0979198855,80.0,NORMAL
1.0069505252314765,3.0,3.0,31.0,258.0,118.0,129.0,119.23249127209112,6.651792771399496,62489.50148807544,53.0,NORMAL
35.94866938700837,36.0,43.0,6957.0,19213.0,1394.0,363.0,219.7292423163399,7.076221809131497,1420748.9931349948,443.0,NORMAL
2.4721562301999134,10.0,6.0,6074.0,27113.0,991.0,1159.0,2672.3369578554643,4.712874039983271,93308.91094057517,80.0,NORMAL
22.353279459434034,24.0,9.0,6691.0,15847.0,1321.0,1177.0,1274.2965358372073,6.777897336006997,1712464.092395641,443.0,NORMAL
1.4488422267699694,1.0,2.0,159.0,198.0,110.0,141.0,2149.513660208537,16.12940178024366,394546.1165420264,53.0,NORMAL
1.4208123394249723,2.0,1.0,36.0,168.0,101.0,99.0,4668.745522772575,5.256753223213336,301362.7480146143,53.0,NORMAL
0.9850250725100179,2116.0,0.0,121821.0,0.0,43.0,0.0,603866.6711768069,9230.593046669348,57.869136477947706,22.0,DoS
0.5523732257696325,1745.0,0.0,111049.0,0.0,43.0,0.0,590629.0490181223,2330.2400860988555,110.37965242820427,443.0,DoS
29.234678929669478,8.0,19.0,5114.0,23201.0,1089.0,321.0,1183.9110790001596,6.402956527204729,404509.64262497384,80.0,NORMAL
26.691343544836794,12.0,9.0,3747.0,27428.0,443.0,1064.0,532.6908854441172,2.3968760431581835,894835.827804114,80.0,NORMAL
19.83360014979504,11.0,3.0,9865.0,2084.0,1216.0,1122.0,3354.7743031372615,4.9570552937332835,238981.67226474723,80.0,NORMAL
1.484893819838461,3.0,1.0,73.0,178.0,97.0,127.0,130.38301014919057,3.518096518665351,209410.9087763164,53.0,NORMAL
0.4672949458054141,1.0,2.0,43.0,84.0,69.0,148.0,633.4563206842365,1.8488289460236023,426741.3632929001,53.0,NORMAL
27.547837503628145,9.0,4.0,2880.0,45906.0,395.0,610.0,1018.0200836254411,11.710654528912816,227157.51927851583,80.0,NORMAL
3.2671545887771747,8.0,36.0,9060.0,14566.0,1068.0,838.0,281.2102350062523,1.931217642276021,523991.1769793075,443.0,NORMAL
0.9536368282445566,1.0,3.0,132.0,128.0,66.0,113.0,955.2086544114426,14.804472360573339,410738.06158332224,53.0,NORMAL
36.7961877365885,17.0,45.0,3768.0,19413.0,1067.0,843.0,1622.7177261964255,7.855851118911433,850863.3641938544,443.0,NORMAL
28.851949761489955,21.0,33.0,14098.0,1641.0,359.0,527.0,769.7209824363175,6.599542894005362,616137.5071434684,443.0,NORMAL
2.531889895482754,7.0,3.0,389.0,137.0,118.0,118.0,58.75617113932452,9.06052534788454,372268.8517309718,22.0,BruteForce
0.46876489276351774,1.0,2.0,186.0,198.0,71.0,103.0,206.74478416504948,16.70196633383687,67590.24365743581,53.0,NORMAL
0.09607566535536609,1.0,0.0,51.0,0.0,47.0,0.0,2933.0261246446216,86.12394875302506,9433.924362085281,15103.0,PortScan
51.1041812191565,11.0,49.0,6968.0,19242.0,462.0,435.0,1898.9005757778023,9.349987703676478,1646713.3814518498,443.0,NORMAL
2.9589834186906274,26.0,34.0,14301.0,11753.0,1196.0,1352.0,1980.4739518539584,7.08993184629326,236870.1575351882,443.0,NORMAL
30.064467545579305,47.0,5.0,8028.0,18853.0,1095.0,822.0,729.8353191842774,2.573363908859928,1881791.4179230684,443.0,NORMAL
54.64990372264814,33.0,19.0,3096.0,14337.0,511.0,1258.0,1105.5855278064253,3.2230501020584765,1763540.9576843185,443.0,NORMAL
39.44834269717722,21.0,22.0,11783.0,13545.0,374.0,296.0,1583.7389790935995,3.4855659330987643,662255.2410190031,443.0,NORMAL
27.64776614134559,4.0,3.0,4668.0,31382.0,768.0,944.0,4935.830039488845,13.331224658245283,603735.0022825408,80.0,NORMAL
0.22882552061029166,1.0,0.0,44.0,0.0,45.0,0.0,1788.3752278377046,63.82745785641587,7327.798695467783,50772.0,PortScan
48.20418715325041,33.0,16.0,8091.0,16172.0,433.0,1120.0,1570.5631329071298,1.7331528073258542,1399828.51434117,443.0,NORMAL
1.9625481068460613,2.0,3.0,42.0,77.0,84.0,134.0,3216.2302194380795,12.315136036507907,309810.42010858987,53.0,NORMAL
1.1863202278727882,2080.0,0.0,30690.0,0.0,55.0,0.0,451600.8168064645,1952.5133298090386,379.90804343467863,80.0,DoS
1.031255173842974,1.0,3.0,59.0,139.0,44.0,116.0,2741.1533407136976,18.695864102969043,225995.90718903652,53.0,NORMAL
29.271048221365323,19.0,21.0,4172.0,24401.0,943.0,376.0,2747.788325322609,4.84693812421552,373830.281773192,80.0,NORMAL
14.782857311944687,32.0,16.0,11858.0,17159.0,707.0,399.0,654.6282662016529,9.227499690461327,1359944.6026639557,443.0,NORMAL
8.333536185647139,12.0,5.0,4202.0,16460.0,1367.0,745.0,159.10630995609066,4.541766607242261,1408509.3867692181,443.0,NORMAL
35.0547933173385,43.0,27.0,5077.0,18884.0,117.0,586.0,1512.2994379450154,8.677995229426019,365153.74867077236,443.0,NORMAL
24.530544072917127,31.0,12.0,2434.0,18904.0,1150.0,111.0,1735.5102907343235,0.8618807601005212,1810262.1074567067,443.0,NORMAL
11.229042122390535,47.0,32.0,2671.0,16911.0,1206.0,578.0,1744.9708324765434,7.516424867031491,279843.3227479144,443.0,NORMAL
18.927458019457355,14.0,13.0,7002.0,13380.0,1078.0,554.0,1100.3665775054653,2.8947573961174493,964726.6918936183,80.0,NORMAL
1.9691181514452434,2.0,1.0,194.0,225.0,110.0,164.0,2010.8082559748448,2.795734554553782,38276.281145477304,53.0,NORMAL
53.88381329274607,37.0,46.0,2709.0,2565.0,1128.0,443.0,1484.5475721031698,8.358445600823984,1047259.5165353743,443.0,NORMAL
0.4705293207278659,1.0,0.0,51.0,0.0,72.0,0.0,1629.9575131324223,18.40136745359964,9651.34496593591,8799.0,PortScan
31.766118684566845,38.0,12.0,10415.0,12859.0,368.0,1005.0,1778.089883559578,9.234250991482446,1767219.6785033138,443.0,NORMAL
1.6749081717076966,2.0,2.0,95.0,101.0,42.0,175.0,2405.049169562425,4.391494586249499,259312.36907118835,53.0,NORMAL
7.216530412800532,24.0,17.0,7201.0,2593.0,1176.0,958.0,1323.644111607541,2.4033189565617263,223997.30041905216,443.0,NORMAL
1.1297016848469255,599.0,0.0,149136.0,0.0,43.0,0.0,921074.0720597323,8367.455143980344,219.74590118303163,443.0,DoS
49.189988523832525,44.0,49.0,3160.0,8687.0,881.0,477.0,172.10592389567483,4.154370935575622,1625086.023811383,443.0,NORMAL
1.362402100657135,1776.0,0.0,175346.0,0.0,49.0,0.0,483359.6365272464,2483.048491797159,398.5121768328757,443.0,DoS
30.35485127662003,43.0,21.0,8904.0,10388.0,1244.0,104.0,1517.2421821972569,3.487867518539825,113818.66480932398,443.0,NORMAL
30.681953096010346,34.0,15.0,14176.0,9095.0,139.0,290.0,1644.6106689296914,9.310882162312554,1770671.988519782,443.0,NORMAL
9.406768457490378,15.0,29.0,2063.0,37668.0,336.0,756.0,2491.853656221528,5.831821501626405,906800.8913337175,80.0,NORMAL
44.23529114120878,46.0,11.0,13104.0,4087.0,705.0,1190.0,1593.6478026781454,0.7678079972170946,1135224.9885266735,443.0,NORMAL
39.48520726692444,45.0,34.0,9846.0,16254.0,854.0,914.0,832.5694722096081,7.646450301501347,901384.8209023159,443.0,NORMAL
24.274100435632082,40.0,40.0,12721.0,8188.0,1239.0,1375.0,821.2902861841516,1.127432604407066,811428.6989631273,443.0,NORMAL
8.924267086216702,27.0,12.0,9973.0,48018.0,760.0,256.0,4969.879788978901,4.7275493278882,381945.969087537,80.0,NORMAL
1.61897803478685,1.0,2.0,49.0,290.0,68.0,141.0,2951.5516976573463,8.86303983415051,152430.50229188625,53.0,NORMAL
29.495163453035957,48.0,41.0,3649.0,18229.0,347.0,721.0,1420.3607232361944,7.716017125143189,276009.1005068314,443.0,NORMAL
59.983342723881705,17.0,38.0,3239.0,3016.0,1139.0,298.0,1644.9872818762701,3.930360500455281,1550932.4044338528,443.0,NORMAL
23.338078286054863,10.0,6.0,6664.0,24219.0,696.0,842.0,1020.4642379197502,11.542170744433637,674713.9812093031,80.0,NORMAL
0.07632430200274935,1.0,1.0,61.0,188.0,58.0,170.0,3787.673044679592,3.221782826762577,202529.8500465109,53.0,NORMAL
1.6901913103985837,2.0,3.0,187.0,229.0,45.0,168.0,4403.908496469919,19.110839496308994,69584.90350529375,53.0,NORMAL
4.0484545778197045,40.0,17.0,7862.0,6543.0,334.0,320.0,1931.2370422798992,9.810880781663114,524468.7868088302,443.0,NORMAL
50.64540563200084,41.0,15.0,11564.0,16245.0,474.0,179.0,346.9143177461499,2.2056667725445855,1308612.9086855827,443.0,NORMAL
49.05990849365154,8.0,17.0,5522.0,1961.0,482.0,1261.0,1137.573518063146,3.2874036451842525,1137920.2599213924,443.0,NORMAL
25.71791962106105,31.0,39.0,13672.0,11386.0,1017.0,1234.0,511.0079411360468,3.8374822478076296,624536.6334951402,443.0,NORMAL
27.98364877385477,3.0,28.0,3779.0,19980.0,848.0,453.0,1228.4396593627973,2.6764951567520296,931202.6510107465,80.0,NORMAL
54.27080471632725,49.0,24.0,10923.0,11758.0,1392.0,716.0,1539.3198949147356,2.527033119871191,1961639.3303897746,443.0,NORMAL
0.827269461634786,2.0,1.0,167.0,162.0,48.0,160.0,4978.132211529564,4.222688695089191,330986.47217058245,53.0,NORMAL
1.3383232480517318,3.0,3.0,84.0,77.0,59.0,98.0,3920.072441306236,16.31017119424059,429769.1699994686,53.0,NORMAL
26.3880477990683,16.0,33.0,7337.0,6310.0,1205.0,1087.0,615.3208887298246,5.586765496650627,1109598.9412605437,443.0,NORMAL
47.80241967585701,5.0,15.0,7668.0,17442.0,692.0,660.0,1578.1736255689639,2.305893852036774,863976.2238808939,443.0,NORMAL
3.7797201673839584,4.0,6.0,110.0,338.0,73.0,113.0,411.97508913144657,3.4972879729607955,345666.77164956206,3389.0,BruteForce
1.996785911216136,2.0,1.0,153.0,284.0,114.0,66.0,1330.3127213332373,18.416766273606417,34683.343997731456,53.0,NORMAL
1.7671134871334262,13.0,36.0,6782.0,4667.0,181.0,241.0,1546.3018788144004,7.8053480016758625,803117.9194529536,443.0,NORMAL
21.70398574057264,12.0,48.0,2523.0,14036.0,574.0,594.0,1103.854917529453,3.270061048365855,1699725.2943442091,443.0,NORMAL
0.7957072257946969,1.0,1.0,73.0,223.0,87.0,157.0,4426.835552433884,18.67425095344044,114773.94515605214,53.0,NORMAL
0.39319723624405606,541.0,0.0,36966.0,0.0,44.0,0.0,556236.6045661422,9436.863089700359,293.76755759931666,443.0,DoS
19.7974651423983,4.0,28.0,4544.0,20639.0,1061.0,1329.0,4718.002833745558,13.212754643096616,623807.3050106895,80.0,NORMAL
1.2045351782877118,2248.0,0.0,122423.0,0.0,48.0,0.0,767150.1789984823,6182.380205869625,123.6812660623483,443.0,DoS
26.507753261513514,19.0,27.0,2912.0,16225.0,754.0,1269.0,392.52588879840977,6.994017916584743,539150.5351886455,443.0,NORMAL
20.26781393127469,16.0,6.0,4831.0,31331.0,985.0,1312.0,4672.671092494669,3.1557337571516086,683571.2019116941,80.0,NORMAL
19.790811450099085,17.0,25.0,3923.0,32443.0,724.0,1187.0,4702.072644209257,14.78233648794363,791197.9625419049,80.0,NORMAL
1.6912479304745514,3.0,3.0,127.0,124.0,78.0,135.0,1270.948389414115,18.17403369231593,93922.76562432638,53.0,NORMAL
20.316910512930395,18.0,12.0,6682.0,17475.0,1178.0,1293.0,384.87484307208103,9.160844998960368,467323.86583765084,80.0,NORMAL
1.9654093300051514,2.0,2.0,50.0,72.0,46.0,96.0,1448.1556103481669,7.8160465863045125,327021.48315503687,53.0,NORMAL
14.008686335140347,25.0,39.0,4030.0,13145.0,194.0,1015.0,1992.18392394346,4.379673270168156,1043903.3910164221,443.0,NORMAL
13.087995174892042,42.0,10.0,5250.0,13693.0,507.0,1167.0,1698.3068764710008,7.46611911042278,1954913.1201581315,443.0,NORMAL
0.9454082744776596,2983.0,0.0,94211.0,0.0,44.0,0.0,291479.1932072238,6931.48300472349,238.6117671929356,80.0,DoS
7.263330174787324,15.0,12.0,589.0,31764.0,1201.0,523.0,1984.5708889476002,7.383450516845591,745451.9767444404,80.0,NORMAL
28.3433942672041,5.0,18.0,1910.0,42026.0,792.0,1379.0,2249.080524509223,11.38576596943646,523381.2968776651,80.0,NORMAL
4.932470393080708,34.0,47.0,7333.0,16958.0,652.0,332.0,1255.9750516850113,8.07591265853992,1234157.757886343,443.0,NORMAL
12.413016543537568,8.0,22.0,6748.0,24209.0,1248.0,475.0,2840.4429502333737,4.81826924604232,206048.33055502948,80.0,NORMAL
1.3523896257427035,2.0,3.0,70.0,81.0,54.0,88.0,2157.103530903328,3.010052651039191,402940.1535517925,53.0,NORMAL
4.326154302404699,33.0,20.0,1544.0,14284.0,393.0,1337.0,919.6708369725922,9.948372897981479,675788.8218053145,443.0,NORMAL
0.75488517498452,3.0,3.0,86.0,287.0,96.0,118.0,1933.8592582846097,9.632587630014628,183689.5594601884,53.0,NORMAL
54.1246653726365,13.0,37.0,7709.0,13207.0,515.0,116.0,1392.3783346194175,3.268936728924702,1460425.9177724028,443.0,NORMAL
1.5329727165550135,1.0,2.0,95.0,191.0,96.0,75.0,4842.860343325986,3.27535416220873,133035.64696137467,53.0,NORMAL
6.132218834773198,27.0,25.0,2374.0,13329.0,666.0,689.0,536.980265253746,1.7197636321213903,573773.7972381563,443.0,NORMAL
0.15041033097819415,2.0,1.0,155.0,76.0,68.0,79.0,4122.056847759282,10.18755004261884,65846.89354713447,53.0,NORMAL
0.15726910564200994,1.0,2.0,175.0,228.0,117.0,142.0,1012.0744237746715,10.166824534115232,269904.42388944665,53.0,NORMAL
1.7072967113269222,3.0,1.0,177.0,164.0,68.0,65.0,3512.477354256023,5.958882492756332,427690.86301741947,53.0,NORMAL
43.83938868963703,21.0,24.0,10686.0,18229.0,1105.0,1263.0,1663.046633149732,2.65859659394915,325227.7802537317,443.0,NORMAL
0.3690795773054781,2.0,1.0,94.0,271.0,75.0,87.0,2822.8944460258995,11.321956517191722,472780.2888569192,53.0,NORMAL
34.48491004743193,6.0,39.0,12141.0,12063.0,904.0,572.0,1155.7060386894427,9.51671296870586,1933500.398005766,443.0,NORMAL
46.56244138850279,39.0,18.0,12534.0,3337.0,572.0,857.0,1802.2755429546141,3.0794074884641778,565751.1131855759,443.0,NORMAL
4.8759966783075805,37.0,33.0,5756.0,10376.0,473.0,1193.0,1702.0488906489672,4.095161836460271,916136.3525653455,443.0,NORMAL
1.4883886036371177,3.0,1.0,157.0,110.0,70.0,83.0,2599.6467670294414,17.950178220200932,416589.57429780555,53.0,NORMAL
11.982017967447527,22.0,49.0,6347.0,15008.0,1015.0,313.0,1063.905151291333,8.858639304005218,237509.3517332586,443.0,NORMAL
27.69393145182891,39.0,41.0,2473.0,10290.0,527.0,696.0,1368.1132114132797,4.815543560424914,1284404.4444197046,443.0,NORMAL
26.06075134506918,10.0,7.0,4436.0,12964.0,780.0,504.0,3228.886541775848,9.964099863867506,170236.76405386953,80.0,NORMAL
41.68207831086211,16.0,10.0,14305.0,15690.0,1347.0,985.0,987.533876116965,7.930853308146702,916034.1895259032,443.0,NORMAL
1.4604095485355764,3.0,3.0,52.0,109.0,94.0,155.0,3224.0849155288333,11.598453722486354,191722.54035638418,53.0,NORMAL
39.0828654585229,11.0,17.0,14113.0,18866.0,1123.0,1181.0,1514.527940903606,4.820882838167172,1358589.917554201,443.0,NORMAL
45.88631786839695,34.0,43.0,4644.0,1443.0,479.0,845.0,1237.5743480077879,4.710944742913678,1266629.288299712,443.0,NORMAL
49.508613322168976,17.0,8.0,11253.0,12761.0,394.0,246.0,128.70414661663833,4.131821642129142,508409.65529814945,443.0,NORMAL
0.8270928491626512,3.0,2.0,64.0,166.0,51.0,145.0,1313.5580770797858,4.052874747734169,189078.01902593774,53.0,NORMAL
19.277483693336855,25.0,41.0,9055.0,17709.0,752.0,488.0,1223.034348330641,4.426095185099256,523700.3439731079,443.0,NORMAL
25.515128167552238,4.0,8.0,5850.0,26504.0,128.0,860.0,4642.658394866995,11.931876428224143,105734.49723517205,80.0,NORMAL
1.7985308597001497,1.0,2.0,52.0,107.0,95.0,110.0,1487.031440117903,3.625945280870558,308048.617667509,53.0,NORMAL
1.4241446502376047,2.0,3.0,141.0,106.0,81.0,121.0,4324.817633511194,8.534056753793447,82767.02322074102,53.0,NORMAL
0.3439205416546852,3.0,3.0,88.0,245.0,112.0,94.0,4761.391904638125,11.942716626680047,214384.81150269153,53.0,NORMAL
32.97215589532313,7.0,9.0,5023.0,7875.0,147.0,432.0,113.88992844438746,7.702315384338233,883616.0310242414,443.0,NORMAL
0.4214032582267319,2.0,3.0,127.0,52.0,116.0,61.0,1950.453442522959,9.474223220248325,162452.80953496727,53.0,NORMAL
0.24954928841826124,1.0,0.0,44.0,0.0,76.0,0.0,3351.948576178747,2.8837291593474284,7016.970334983606,4585.0,PortScan
47.55012443532681,13.0,46.0,8391.0,1347.0,1013.0,507.0,1938.0333765610171,8.53438971266516,1162228.6824575511,443.0,NORMAL
0.8971767099610715,2644.0,0.0,74214.0,0.0,59.0,0.0,704739.0170465593,5777.266374498561,485.4817906810156,80.0,DoS
13.670059236198043,22.0,4.0,8423.0,733.0,186.0,624.0,1430.0961406008803,5.575322665199975,404642.29127854755,80.0,NORMAL
2.127849571356078,21.0,24.0,4275.0,5362.0,791.0,509.0,209.0381017534724,0.7773129846974467,1812807.404793031,443.0,NORMAL
43.25288977916842,26.0,23.0,1634.0,14445.0,663.0,423.0,667.1388142960005,9.018516900305773,902869.0635367614,443.0,NORMAL
41.608179911033986,17.0,23.0,12730.0,1782.0,1186.0,1329.0,1809.7112114134927,9.848565937661407,1258766.5418854014,443.0,NORMAL
26.69658540527102,19.0,28.0,3966.0,17627.0,1182.0,748.0,3954.094406838858,7.267758546943788,499243.2561935402,80.0,NORMAL
57.05365605599749,44.0,14.0,14350.0,18473.0,1089.0,1264.0,1700.6970443273801,9.037235645667232,1785432.5495398964,443.0,NORMAL
0.5977847432513492,4094.0,0.0,170739.0,0.0,41.0,0.0,379393.6613978468,9637.863771322383,44.13857773847988,80.0,DoS
0.25269490769530245,1.0,0.0,62.0,0.0,64.0,0.0,4439.924921522035,89.61301875546273,4104.803015771971,23861.0,PortScan
1.0205411064544438,1140.0,0.0,25515.0,0.0,43.0,0.0,908336.8380278114,3434.0489971043644,232.15980024447356,443.0,DoS
18.130451896396607,11.0,22.0,2472.0,33212.0,521.0,1238.0,2970.4300032426927,11.500680805271367,636460.3048599825,80.0,NORMAL
1.0399691117786005,2.0,2.0,149.0,234.0,69.0,112.0,253.00332858235336,7.2037141875719355,128134.17327330382,53.0,NORMAL
3.902385939997,25.0,12.0,1653.0,21785.0,947.0,621.0,1996.697197681934,4.282215457944631,220558.63764875068,80.0,NORMAL
12.21635133723993,18.0,26.0,9759.0,16132.0,668.0,300.0,679.491484775103,3.823588176788731,314479.25513451046,443.0,NORMAL
0.4495338342643529,4430.0,0.0,37730.0,0.0,42.0,0.0,869124.1557529472,5685.800898297616,312.1605232065607,22.0,DoS
6.540044876730309,15.0,17.0,612.0,6002.0,136.0,1248.0,2898.1683409408693,8.61106216311973,850986.8838232772,80.0,NORMAL
19.737620920405885,27.0,5.0,10476.0,2701.0,1138.0,1235.0,164.2611192664785,7.594123883895802,423094.79651315266,443.0,NORMAL
32.39469563065362,18.0,31.0,9026.0,19590.0,356.0,405.0,1513.3874738253762,6.426694145364629,462865.85802638554,443.0,NORMAL
58.48929365230382,11.0,15.0,11732.0,13447.0,729.0,214.0,1693.1547981149104,9.728264536400234,1349812.9035489236,443.0,NORMAL
34.59326430975468,5.0,16.0,1352.0,16065.0,206.0,634.0,1760.8082926644863,7.169610451259222,1372700.7665349622,443.0,NORMAL
0.2480205030043387,1.0,0.0,75.0,0.0,53.0,0.0,4239.328368467913,38.794529577248724,6964.503997171567,44990.0,PortScan
15.30575971444905,19.0,29.0,12319.0,18131.0,543.0,1266.0,1423.7558406707537,5.724895330085061,214782.78421953897,443.0,NORMAL
56.36208695244123,34.0,5.0,12718.0,18358.0,137.0,712.0,260.6119690577875,9.675332032195508,781008.9105222827,443.0,NORMAL
17.90593387556878,17.0,39.0,8972.0,12802.0,211.0,381.0,1816.2978683757528,8.189718416847029,280505.24746356823,443.0,NORMAL
32.47420442660297,38.0,15.0,3532.0,5889.0,1092.0,575.0,1928.3017482668267,7.41401914258252,982536.0722937996,443.0,NORMAL
31.1155168512497,23.0,48.0,5971.0,16657.0,1253.0,1023.0,1966.292874954335,1.0586430719388953,106171.06369686687,443.0,NORMAL
48.856302426074784,7.0,31.0,5889.0,5885.0,142.0,669.0,1674.8388890183483,3.5933378177108932,1533752.0947090718,443.0,NORMAL
27.643502511111997,15.0,19.0,7426.0,15076.0,391.0,1359.0,1176.8853847704104,4.513019182089934,145199.45640458923,80.0,NORMAL
3.72202210743217,14.0,3.0,6290.0,34408.0,1226.0,269.0,2083.1722493547536,7.825680912830783,74821.1863368428,80.0,NORMAL
1.7959479483342582,3.0,1.0,135.0,298.0,72.0,175.0,2585.1260711858645,10.77557445916336,295210.9012024964,53.0,NORMAL
40.3859065727406,25.0,48.0,13109.0,14880.0,949.0,947.0,698.3865807943741,7.66491772591083,226239.1004540106,443.0,NORMAL
0.16828947026336136,1.0,0.0,48.0,0.0,55.0,0.0,384.9328728462594,69.48838810293545,2990.7480167294916,3874.0,PortScan
21.922707300805815,44.0,22.0,3978.0,10552.0,521.0,799.0,1550.4938470192765,7.237989890905251,1657810.8169704706,443.0,NORMAL
47.30892164957658,18.0,30.0,3924.0,16163.0,120.0,673.0,757.644226136017,6.151881013225044,410557.1070637612,443.0,NORMAL
49.737990184899175,17.0,14.0,14628.0,4285.0,1081.0,493.0,1475.2744954635957,1.8402497544340568,1501225.4637156844,443.0,NORMAL
1.8769359293450416,1486.0,0.0,185413.0,0.0,51.0,0.0,671992.1633911922,8168.331365442724,104.06862101607378,22.0,DoS
57.98350750803998,28.0,29.0,8614.0,16866.0,1104.0,1100.0,1905.6166240378193,2.3149986213651235,1344316.7113417662,443.0,NORMAL
25.05852520694715,16.0,25.0,768.0,44075.0,214.0,1355.0,4532.181704300311,2.638390597577111,979285.127428051,80.0,NORMAL
1.8106556825822575,2.0,1.0,42.0,258.0,82.0,88.0,1444.9358544137742,12.66326531899282,242630.9904641655,53.0,NORMAL
9.059453315419184,30.0,48.0,1582.0,18513.0,1279.0,1020.0,488.8417063280213,0.5619049990728151,215432.0862172381,443.0,NORMAL
0.8120343457396721,1.0,2.0,39.0,108.0,96.0,103.0,4025.7714827733594,16.42567361257224,189162.5371448008,53.0,NORMAL
44.04676452194578,24.0,30.0,6845.0,1825.0,1010.0,232.0,589.8155581118392,5.6173646170116145,1885314.4639441983,443.0,NORMAL
7.716465215119483,10.0,19.0,11567.0,9382.0,197.0,426.0,824.7327664831137,5.2227426331000215,1230245.1166864433,443.0,NORMAL
1.5109518971488631,2.0,3.0,127.0,227.0,45.0,177.0,842.2589726489076,13.319982811781486,18455.687717916346,53.0,NORMAL
0.5338297000799005,3.0,3.0,31.0,142.0,72.0,155.0,606.7945861925725,9.73211796115055,16266.55818352348,53.0,NORMAL
46.52598774773785,46.0,35.0,14871.0,16791.0,898.0,1125.0,1093.2928927976927,6.485694923679017,1115476.8400094353,443.0,NORMAL
49.90601297488996,26.0,31.0,13879.0,13409.0,800.0,1147.0,1610.4067723668866,1.7723111850737214,1636348.0791302861,443.0,NORMAL
8.101474742561155,27.0,5.0,9619.0,9988.0,514.0,159.0,3701.5607078337916,10.314629014103588,602772.0112683853,80.0,NORMAL
19.62743069461902,24.0,3.0,2425.0,2718.0,374.0,980.0,4186.6296224761,11.895676383876001,122119.28308331003,80.0,NORMAL
28.798906037036062,9.0,34.0,12636.0,2301.0,1118.0,1071.0,1194.2298880930532,3.093071242584476,858293.6848045499,443.0,NORMAL
0.8960873560813073,1.0,1.0,192.0,165.0,51.0,74.0,2880.1450415902063,12.00813736895401,295822.8868933152,53.0,NORMAL
45.73752855981233,34.0,7.0,11027.0,19148.0,504.0,416.0,1801.2867103273375,6.80695343893711,552365.6458846879,443.0,NORMAL
16.349309666761016,27.0,37.0,4822.0,7012.0,547.0,654.0,123.11985622586299,5.797883094674384,1704499.2082763102,443.0,NORMAL
13.351610076865908,23.0,19.0,7176.0,7618.0,144.0,256.0,409.22330478652316,7.842026970229351,508273.8469762993,443.0,NORMAL
0.9003014961690077,6.0,7.0,266.0,205.0,78.0,59.0,164.65910594968125,2.616445768398723,106292.48594487412,3389.0,BruteForce
24.142398660884208,36.0,33.0,8953.0,9078.0,870.0,1336.0,398.41187978836354,1.5123473955399913,1352653.7982976069,443.0,NORMAL
20.957782853675404,11.0,14.0,9084.0,4976.0,990.0,1129.0,439.5682454912053,1.6771262906709934,834251.9114632553,443.0,NORMAL
58.51279656666021,34.0,18.0,1761.0,11440.0,590.0,1198.0,1182.0344931880186,4.079293531941911,1341456.7084209796,443.0,NORMAL
7.610363133312605,12.0,26.0,515.0,34737.0,211.0,620.0,4938.976522799829,13.168210799055474,119653.15671447107,80.0,NORMAL
0.1727610431313915,1.0,0.0,67.0,0.0,43.0,0.0,4612.488997776038,35.45460451160706,7454.6915713592225,30114.0,PortScan
24.362257887084837,27.0,7.0,1076.0,16889.0,1246.0,1115.0,1505.6104860499315,3.59242082549702,634886.2756861928,443.0,NORMAL
0.7426189626259966,1.0,2.0,72.0,56.0,57.0,169.0,883.8763046634924,7.960392405827334,226445.68631181185,53.0,NORMAL
2.6434598526531623,7.0,7.0,415.0,364.0,70.0,77.0,132.5118564067419,3.420620333140432,208314.8239307223,3389.0,BruteForce
1.0580446761642806,1.0,1.0,194.0,77.0,49.0,68.0,1586.8658844086374,5.247210335115399,49410.26883250783,53.0,NORMAL
36.76892332730767,12.0,16.0,2649.0,18127.0,525.0,855.0,1918.5024504264616,2.616202078697513,1275042.5966739862,443.0,NORMAL
54.07489982319954,14.0,19.0,7112.0,18443.0,745.0,460.0,969.6566978466418,7.117042539240112,1269668.7078386983,443.0,NORMAL
1.5122023380864782,1.0,3.0,85.0,168.0,107.0,120.0,4431.998516046043,18.99412525046373,155096.6267502467,53.0,NORMAL
1.4485711998861852,2.0,1.0,89.0,226.0,82.0,94.0,3468.521263391051,2.41374442831377,344984.79093821807,53.0,NORMAL
46.197821815582856,24.0,46.0,13712.0,19761.0,723.0,1051.0,975.410212796226,2.386022558661434,1642885.9532479623,443.0,NORMAL
21.603364902146993,29.0,40.0,6969.0,14896.0,912.0,1168.0,1525.2941652103511,8.00967738435914,438520.3704433927,443.0,NORMAL
42.150816238487735,40.0,28.0,13414.0,16946.0,984.0,196.0,1099.6712434093781,7.640246249069857,778138.3127958789,443.0,NORMAL
19.487527137523443,28.0,9.0,13706.0,5587.0,1299.0,918.0,592.092539269302,6.032150411223085,1032790.4537956205,443.0,NORMAL
1.6298215396138696,3.0,2.0,94.0,271.0,56.0,83.0,2763.104993169887,15.600734837046978,461118.46512555925,53.0,NORMAL
35.001013249841975,23.0,20.0,3634.0,5668.0,393.0,467.0,1427.9148865988716,2.1911514986044995,1697417.6939049487,443.0,NORMAL
1.2508951582728636,1.0,3.0,84.0,139.0,110.0,155.0,1263.1255143905746,11.316843683353722,220321.9216511473,53.0,NORMAL
38.52966673816299,39.0,35.0,10180.0,7106.0,747.0,945.0,306.0428737273976,3.750074249473532,696640.3761084419,443.0,NORMAL
0.6838722572239728,2060.0,0.0,83989.0,0.0,58.0,0.0,635497.9869316744,6074.197017211067,162.98032419697307,22.0,DoS
0.6039414431234988,3.0,3.0,145.0,289.0,75.0,106.0,1095.398216508297,18.424938337018897,146375.16360177952,53.0,NORMAL
10.717674852505457,29.0,30.0,2501.0,12385.0,853.0,923.0,1219.942119148073,5.522230405680135,1656236.5807618666,443.0,NORMAL
1.342380194677646,21.0,22.0,3843.0,12211.0,1294.0,951.0,302.08638228938867,6.977833424756815,926195.7919196376,80.0,NORMAL
8.065965777335823,32.0,25.0,10190.0,15449.0,1380.0,791.0,1346.7074322452668,4.6997886632988175,1550227.9813612564,443.0,NORMAL
0.9724943062448961,1396.0,0.0,116674.0,0.0,40.0,0.0,860629.3790161699,4137.992520431291,225.10222400149996,443.0,DoS
26.72747147682348,29.0,4.0,7763.0,45551.0,294.0,745.0,1329.4726869168423,8.654429911916356,482805.95444225037,80.0,NORMAL
3.8429747312044773,22.0,21.0,11155.0,3612.0,870.0,495.0,101.16210679561539,1.7847360672006751,1033345.6807805817,443.0,NORMAL
1.830903293378867,3.0,2.0,40.0,208.0,119.0,156.0,1055.2363385874219,18.562554154558924,335641.19079036446,53.0,NORMAL
48.63896915467969,34.0,34.0,13243.0,18004.0,477.0,545.0,1978.196867919251,2.797432452067422,1219053.3260468883,443.0,NORMAL
26.818584319268123,20.0,43.0,13028.0,7856.0,845.0,936.0,188.38514305563046,6.605020848115618,982827.4021674987,443.0,NORMAL
0.9965477310341062,2.0,2.0,51.0,202.0,55.0,141.0,2324.2155926348164,15.547023483083201,360400.55749297503,53.0,NORMAL
26.050456023011996,8.0,9.0,4042.0,9026.0,1120.0,855.0,388.3457117242617,10.75994765769199,894675.3303044594,80.0,NORMAL
53.52522512805032,49.0,27.0,8631.0,17772.0,1077.0,999.0,1083.1845519420801,0.7359268710601359,804334.1431679288,443.0,NORMAL
19.883236206041392,7.0,4.0,1231.0,40164.0,468.0,459.0,3921.810959645332,4.953411225733403,205320.5413376276,80.0,NORMAL
1.642240183505641,1.0,3.0,165.0,58.0,51.0,105.0,4285.69777644516,4.655453008270406,169103.7033759915,53.0,NORMAL
56.63167253083863,13.0,27.0,2578.0,18776.0,642.0,729.0,551.3751024286212,4.3508403294424545,1331410.1168028468,443.0,NORMAL
0.4809213278594684,2566.0,0.0,79323.0,0.0,41.0,0.0,919938.2361397065,6211.309102114961,222.68880092219513,80.0,DoS
0.4874694188844342,1.0,0.0,44.0,0.0,55.0,0.0,179.77396766183637,41.59288370356752,5237.266560335383,20914.0,PortScan
0.16250937155761175,2.0,3.0,51.0,186.0,52.0,70.0,2908.24952795928,2.8724513751695238,43048.073606857695,53.0,NORMAL
30.536831816154653,33.0,16.0,12090.0,15772.0,1307.0,1017.0,671.1911224234323,6.772591436240627,349689.630768398,443.0,NORMAL
49.89551303996383,45.0,41.0,14866.0,16719.0,1307.0,1391.0,1950.4874566668852,7.8060839971211236,117582.4484122306,443.0,NORMAL
1.8201528135302412,1.0,1.0,198.0,219.0,100.0,89.0,3098.972107329882,11.170100390943364,114385.75746749298,53.0,NORMAL
1.0207589969786688,1652.0,0.0,160197.0,0.0,44.0,0.0,314263.06811773765,1609.8308487131899,261.3254938116478,443.0,DoS
1.3193694047777715,2.0,2.0,127.0,241.0,102.0,69.0,4047.618828815215,17.631786528841094,369736.3786243503,53.0,NORMAL
1.3450180755497532,3.0,3.0,68.0,128.0,115.0,83.0,3314.3095692397046,16.465726146869123,82130.93288206046,53.0,NORMAL
0.7022360690687792,3.0,2.0,198.0,133.0,113.0,115.0,1842.2894209551473,13.667433659960817,66085.80960310373,53.0,NORMAL
52.06492042774484,24.0,30.0,7184.0,13906.0,1102.0,545.0,653.8132779002872,3.748865150235857,402690.3974975284,443.0,NORMAL
0.1888422366717865,2.0,1.0,52.0,145.0,112.0,136.0,2738.8073686611638,5.457726656175907,438982.63972315995,53.0,NORMAL
18.78129457568438,32.0,20.0,5354.0,7260.0,1242.0,1115.0,372.41377502965514,2.0697599569988085,1059863.3346302616,443.0,NORMAL
27.631834435450852,9.0,16.0,8130.0,7862.0,901.0,705.0,1605.923166373434,7.985014973924868,1189324.1359612106,443.0,NORMAL
41.493304604479746,14.0,46.0,13933.0,16831.0,632.0,492.0,1562.7302107898977,2.991962499436771,338717.85650823324,443.0,NORMAL
7.37563264642388,25.0,16.0,1574.0,46964.0,802.0,1195.0,2322.637540369346,4.350671077199957,82178.03413390103,80.0,NORMAL
1.3037249248075162,2.0,1.0,99.0,293.0,61.0,127.0,3864.6115472659135,11.787289313436206,274671.08061721106,53.0,NORMAL
26.811020399400014,40.0,15.0,5784.0,16936.0,348.0,160.0,953.2671186202964,1.739392433487398,1858657.9518781812,443.0,NORMAL
50.6014786526608,9.0,14.0,8283.0,17484.0,1318.0,448.0,1145.6393457476888,2.1390511565275325,239956.03683241288,443.0,NORMAL
0.6377344875029767,3.0,1.0,176.0,92.0,60.0,65.0,3666.8587952003527,11.043369831172354,191924.81879819927,53.0,NORMAL
42.007078502654636,29.0,16.0,2151.0,12561.0,1269.0,135.0,1664.098890143208,5.79982500075408,1066498.3226066856,443.0,NORMAL
11.015716400164903,8.0,14.0,6672.0,3186.0,306.0,1238.0,374.07749682152394,2.7038464521400414,240659.4460712358,443.0,NORMAL
13.645989690029536,22.0,17.0,9252.0,27184.0,1017.0,1069.0,1727.0233591840781,3.299309878927278,624835.5088057473,80.0,NORMAL
1.5632719983526056,1.0,1.0,120.0,267.0,69.0,60.0,698.0041201257079,7.756399284460591,173877.49917683413,53.0,NORMAL
0.2007407711998105,3.0,1.0,32.0,50.0,99.0,79.0,4779.666245812939,10.168867119858739,243130.3557772885,53.0,NORMAL
53.525563249564065,5.0,24.0,11546.0,3389.0,1068.0,952.0,1070.8939046752507,4.9403997524459164,386140.5195124262,443.0,NORMAL
0.7305528426783734,839.0,0.0,31350.0,0.0,45.0,0.0,543616.1456415658,7620.943511229267,478.2291475288444,80.0,DoS
20.097074947850377,16.0,46.0,7034.0,7822.0,168.0,588.0,702.4686958208387,4.161529691823121,1550545.3015945223,443.0,NORMAL
0.5159528038692559,3340.0,0.0,51296.0,0.0,43.0,0.0,382893.3474308029,4454.188093430303,365.72035110967187,80.0,DoS
11.443618572328063,29.0,42.0,3597.0,9266.0,367.0,276.0,592.0661371207368,8.214993119208852,1615152.9481449893,443.0,NORMAL
52.72239494786383,19.0,33.0,8864.0,3765.0,228.0,1389.0,287.1786395902143,9.439825886000676,1103251.96638742,443.0,NORMAL
1.390026943951183,3.0,3.0,196.0,271.0,69.0,69.0,870.0857948902393,9.971379770302661,219094.72305466834,53.0,NORMAL
5.861020550840793,17.0,14.0,7508.0,6832.0,732.0,413.0,2458.824460587153,14.997325628234536,216867.20151478413,80.0,NORMAL
1.6244130708371862,1.0,2.0,139.0,149.0,45.0,145.0,3787.0554889218174,12.346862362789906,117473.48463733714,53.0,NORMAL
24.585545929776153,4.0,14.0,609.0,9762.0,1265.0,642.0,3027.86871968757,6.989834167926767,289274.65111071436,80.0,NORMAL
25.7474316434815,25.0,40.0,12964.0,5403.0,938.0,685.0,901.7418231566091,5.991381060473602,1382252.2512169534,443.0,NORMAL
8.257194412300993,9.0,14.0,11858.0,18952.0,771.0,318.0,1709.29733953881,9.829858016480737,1998625.3992978504,443.0,NORMAL
5.0023864872051425,47.0,9.0,2883.0,7829.0,784.0,807.0,878.961479184477,1.7583395132353452,1861815.744613305,443.0,NORMAL
31.16920153279533,9.0,13.0,10193.0,16853.0,401.0,1386.0,1094.1142379378553,6.183402839911993,488633.51933537656,443.0,NORMAL
0.4687721964201175,2.0,2.0,124.0,155.0,89.0,161.0,4197.680140600464,13.466197047137314,454188.7089584294,53.0,NORMAL
13.429069151334328,22.0,34.0,10411.0,13914.0,1101.0,1019.0,337.15357117950106,3.168176333450617,1576137.168583562,443.0,NORMAL
1.393744503051587,3.0,2.0,134.0,72.0,104.0,130.0,2778.7941264637902,1.1201197013103523,383518.02544315025,53.0,NORMAL
17.807501215753447,16.0,9.0,11426.0,19717.0,1076.0,694.0,416.1969320700452,4.74499191742032,1476933.4445396506,443.0,NORMAL
0.4667704395025995,1.0,2.0,64.0,115.0,72.0,85.0,4537.734322352271,13.453419379456673,127186.14547597365,53.0,NORMAL
0.4559504747954373,1.0,0.0,44.0,0.0,48.0,0.0,3603.396428988799,16.141299475711136,8869.53112362091,51846.0,PortScan
4.322491965728904,7.0,6.0,125.0,159.0,94.0,105.0,120.13636156001446,2.032310015641836,102709.03608224847,21.0,BruteForce
0.1883690294387581,3.0,1.0,31.0,252.0,112.0,116.0,64.68645001818776,16.82413005516387,425524.5603335465,53.0,NORMAL
1.3041789268362225,1.0,1.0,119.0,212.0,103.0,133.0,4738.053177024036,6.915423065817574,192678.8462413094,53.0,NORMAL
0.4946797003379827,1.0,0.0,60.0,0.0,45.0,0.0,4951.558375627313,52.66751215149688,6008.650132126078,51165.0,PortScan
41.13346630344619,18.0,28.0,2806.0,14107.0,1166.0,772.0,1453.5491737106772,6.142817155467875,1419896.5931270786,443.0,NORMAL
1.6487538908503483,23.0,47.0,6947.0,10493.0,1261.0,1221.0,821.3426301504791,2.686722149276948,574011.7998003599,443.0,NORMAL
2.392467697274427,17.0,20.0,6819.0,38178.0,1315.0,273.0,3458.899584089604,9.550048647451254,295718.3455156112,80.0,NORMAL
6.537579804578016,30.0,39.0,11884.0,5507.0,1237.0,1218.0,453.98314453112044,0.6667508168039651,1441353.972737316,443.0,NORMAL
0.027531878136227025,1.0,0.0,59.0,0.0,48.0,0.0,1997.226313301764,63.43699280520798,6640.0387892432045,44869.0,PortScan
1.6548198855840293,1.0,3.0,191.0,111.0,106.0,62.0,4584.218616681069,14.004782293569123,124468.66788237476,53.0,NORMAL
0.5856414749437047,1.0,3.0,110.0,174.0,84.0,173.0,1190.3589126137226,17.71916479669965,123927.96503708258,53.0,NORMAL
41.041527443681325,33.0,17.0,3611.0,15109.0,821.0,117.0,1471.1512440198992,8.287260416156588,1998955.9936847307,443.0,NORMAL
5.398487977106479,38.0,38.0,1045.0,4066.0,685.0,196.0,962.2919743882628,7.272605008465957,546291.3153464582,443.0,NORMAL
3.669962211030733,11.0,17.0,1750.0,23754.0,535.0,1232.0,4910.263701061586,13.625035205596259,240350.62007110837,80.0,NORMAL
1.7099782698152803,3.0,1.0,86.0,218.0,88.0,146.0,3198.4720589902136,14.636070322635291,280369.58792111394,53.0,NORMAL
6.0538367261894015,26.0,36.0,6392.0,10428.0,510.0,701.0,346.7963699676353,7.314188233355013,1584634.482475031,443.0,NORMAL
1.5495439092450733,2.0,1.0,174.0,182.0,107.0,112.0,4875.357688800248,17.454029074917205,31864.32669645671,53.0,NORMAL
1.2030245605495697,2.0,1.0,53.0,277.0,73.0,164.0,4729.23452702026,14.577956494540457,53438.91184212009,53.0,NORMAL
1.6076697229066799,2.0,2.0,48.0,290.0,89.0,100.0,1714.339172311963,13.261685202874986,272654.00561897195,53.0,NORMAL
21.133621829943223,40.0,38.0,13380.0,2617.0,496.0,1140.0,1597.5897110360995,7.724336173918729,1661774.0226028701,443.0,NORMAL
15.183535860716907,48.0,30.0,1761.0,16562.0,780.0,635.0,1643.5007254601835,4.369765645616779,1384124.0014915753,443.0,NORMAL
54.58768727203257,33.0,24.0,3732.0,6273.0,967.0,917.0,1330.3991325330321,3.15592455102041,1334662.4396349387,443.0,NORMAL
10.538614737980751,21.0,43.0,3068.0,14548.0,1111.0,675.0,1397.1702376970757,2.0120218783611503,1241164.6561299847,443.0,NORMAL
7.222948297441205,49.0,35.0,7375.0,11745.0,269.0,1398.0,261.817616750057,2.4120042214784783,1629231.9393848602,443.0,NORMAL
0.8932106494778573,3239.0,0.0,78968.0,0.0,40.0,0.0,183052.58283271012,7952.921402608809,25.990996300752172,22.0,DoS
26.641161690663996,43.0,9.0,2278.0,11793.0,605.0,696.0,1502.055481209815,6.724920892971445,468365.1588463567,443.0,NORMAL
0.6179226232466959,2.0,2.0,144.0,268.0,72.0,62.0,2261.0081220130373,14.738210937510546,56942.74313427963,53.0,NORMAL
47.38613348340242,17.0,19.0,14071.0,2436.0,1091.0,675.0,405.1150543739391,0.8353714178836618,1754184.7704814952,443.0,NORMAL
10.004437277397686,13.0,16.0,8339.0,47218.0,511.0,231.0,3241.7380361373603,7.8924172263549215,521107.72568546963,80.0,NORMAL
58.66116657149872,45.0,10.0,12085.0,8464.0,725.0,402.0,1944.5164836180768,5.334090629873874,328548.3275088519,443.0,NORMAL
4.876809726272789,12.0,29.0,14880.0,5050.0,1325.0,433.0,382.38584789281947,4.032864793591617,858197.3154751929,443.0,NORMAL
19.62201328203765,22.0,22.0,1288.0,19318.0,205.0,1004.0,1544.089691325857,6.485424846092856,1055170.4870139756,443.0,NORMAL
25.40491782019948,40.0,12.0,3377.0,7255.0,1042.0,831.0,1212.3930551434896,5.116890698376106,1349650.2713951508,443.0,NORMAL
0.9531675940767634,4477.0,0.0,113606.0,0.0,42.0,0.0,304112.4926004015,9104.245847533122,296.6103245259728,443.0,DoS
2.8698875352875666,8.0,25.0,4919.0,25484.0,868.0,154.0,3510.9701649451004,4.378627116138649,492264.58978132583,80.0,NORMAL
57.71024326561094,5.0,43.0,12696.0,2242.0,439.0,815.0,205.5397436265274,4.932829416620194,1458961.6185301582,443.0,NORMAL
29.84194823515829,16.0,38.0,2660.0,7408.0,1063.0,1018.0,1559.7243008190928,8.304779154350928,835405.2839439644,443.0,NORMAL
4.944247571557886,9.0,5.0,400.0,131.0,92.0,86.0,332.2356261407724,6.952305322469121,413531.8987743369,21.0,BruteForce
50.611423186129436,35.0,16.0,7283.0,5866.0,491.0,790.0,571.0042482266638,0.561269708164658,666419.5514487965,443.0,NORMAL
1.3920076965391601,1.0,3.0,76.0,177.0,73.0,154.0,934.3255771831173,2.734732425527914,422729.246921282,53.0,NORMAL
1.8237004934450027,3.0,2.0,64.0,242.0,83.0,152.0,2109.4963307367925,8.071060896551725,61911.76986511386,53.0,NORMAL
37.85515056240156,37.0,38.0,2515.0,16233.0,942.0,1354.0,416.2209456586684,6.970540237120465,1226264.3675117423,443.0,NORMAL
1.1587643020497245,2.0,3.0,191.0,229.0,118.0,106.0,2389.2665430955344,7.841811791005178,477766.8281586163,53.0,NORMAL
40.14870494898592,25.0,9.0,13008.0,12587.0,1133.0,802.0,908.5151656702792,8.771312537378181,1395052.5213197875,443.0,NORMAL
42.782153230071614,13.0,23.0,1477.0,7471.0,1256.0,465.0,451.8342838056123,8.280009555957719,282042.0013479143,443.0,NORMAL
11.287619311294495,20.0,43.0,1071.0,16813.0,1398.0,997.0,1771.557182028174,5.7135269675139035,951839.0487705431,443.0,NORMAL
5.831990275192894,23.0,28.0,6489.0,27214.0,807.0,1111.0,1896.0884732065863,12.45930399079551,511327.55792785337,80.0,NORMAL
17.33578124068502,29.0,48.0,13555.0,11713.0,216.0,641.0,1322.9186084695798,6.237005351375336,1332989.6783094322,443.0,NORMAL
31.876448240489736,38.0,35.0,4065.0,10438.0,556.0,533.0,812.4006627534615,5.803743091155461,1477764.864932083,443.0,NORMAL
54.21447160819985,46.0,42.0,8663.0,7834.0,468.0,1390.0,865.8435311304333,8.567049166364395,1102463.4295809264,443.0,NORMAL
4.940192983878167,4.0,6.0,299.0,343.0,147.0,110.0,136.37110360600826,4.896782213712299,398137.3547316814,21.0,BruteForce
1.413117228882077,2.0,3.0,110.0,178.0,67.0,79.0,1236.105920279587,13.245667091364036,380253.44240408606,53.0,NORMAL
3.1834504482140646,25.0,45.0,1745.0,13319.0,1180.0,811.0,1936.678066740057,7.725072886092104,1176919.703228951,443.0,NORMAL
0.806336904580028,1311.0,0.0,108423.0,0.0,57.0,0.0,248447.24253535317,1394.9974230159646,162.3527737130756,443.0,DoS
4.049221548947854,34.0,31.0,2754.0,19329.0,641.0,239.0,1078.0752018008618,6.093836485858786,858623.2296295966,443.0,NORMAL
52.83241811677953,37.0,22.0,7255.0,14305.0,265.0,1133.0,1443.2942308977945,6.652153617323646,376842.5623202671,443.0,NORMAL
6.5449344506112705,26.0,22.0,14882.0,9733.0,199.0,519.0,193.63238275071535,8.071429927801185,1366266.8741921834,443.0,NORMAL
16.13527368421062,27.0,17.0,6914.0,1948.0,1188.0,896.0,299.8577412700462,3.2573865918136145,501862.5171569886,443.0,NORMAL
1.2032859958555018,1.0,3.0,150.0,112.0,49.0,122.0,183.98916251219848,9.266710888351714,392659.25828110037,53.0,NORMAL
1.176421452152312,1.0,1.0,150.0,276.0,67.0,90.0,531.7938378341446,18.919881335009148,411250.00005698885,53.0,NORMAL
1.6368808352096584,24.0,7.0,537.0,12697.0,751.0,1364.0,4191.851488391224,9.620695922045552,668368.1439249674,80.0,NORMAL
2.235752700823856,22.0,12.0,13162.0,7227.0,454.0,1306.0,1296.1622063907782,9.756406696350941,345201.4343678716,443.0,NORMAL
51.74722143416307,49.0,23.0,10464.0,2128.0,889.0,737.0,242.20136079566967,0.6569659329720026,1910366.9621786585,443.0,NORMAL
0.917571756441164,1.0,2.0,68.0,67.0,51.0,109.0,574.7184740598286,14.668882716013774,247985.31967607085,53.0,NORMAL
0.3680292512552894,3.0,2.0,163.0,167.0,117.0,118.0,4594.19177581991,11.893536828834165,50593.02025887273,53.0,NORMAL
24.23139073819437,23.0,13.0,7067.0,44943.0,857.0,1363.0,2580.6376702480898,3.936272283943887,867040.6674621552,80.0,NORMAL
42.43326719586819,19.0,45.0,13686.0,2110.0,849.0,180.0,369.51466164656,9.503872298940976,1286659.2547729732,443.0,NORMAL
4.856603296298729,26.0,24.0,11496.0,3780.0,1200.0,721.0,1558.4514369706403,6.064723404523467,936350.5131721778,443.0,NORMAL
5.412907346945044,26.0,25.0,5697.0,18878.0,175.0,960.0,2099.9094008794973,14.94423079319007,849561.6515997062,80.0,NORMAL
47.1276079373512,41.0,32.0,4164.0,15758.0,1322.0,493.0,1454.7746229914003,2.8377467470460593,1169709.0515633244,443.0,NORMAL
0.1579144326595448,3.0,1.0,170.0,293.0,81.0,154.0,3136.481683558351,10.714209926458254,23013.14960783897,53.0,NORMAL
0.20799613769694192,1.0,0.0,78.0,0.0,63.0,0.0,192.79168052646912,31.060682429107253,6402.607960700642,55532.0,PortScan
1.3051024326283995,2.0,2.0,43.0,54.0,97.0,175.0,2533.004353871952,5.235222821358757,168001.55552130128,53.0,NORMAL
0.5609532537776639,1.0,3.0,74.0,195.0,80.0,90.0,2357.0704655981235,8.84662276395748,142124.2670394598,53.0,NORMAL
1.672146910992305,3.0,3.0,83.0,242.0,119.0,102.0,4435.594323920277,1.267502751564454,323612.27362545434,53.0,NORMAL
7.365594192604963,14.0,8.0,4614.0,3711.0,304.0,797.0,671.17906372572,4.824261091326641,201052.148787584,443.0,NORMAL
13.70269651919384,25.0,28.0,7793.0,5420.0,460.0,538.0,406.74937191520576,9.477336565845563,340986.95734275505,80.0,NORMAL
14.70054901366222,42.0,20.0,5238.0,14384.0,1308.0,722.0,1840.7555813403865,4.422163070862192,1253886.611550423,443.0,NORMAL
1.6532990310923872,3462.0,0.0,169669.0,0.0,52.0,0.0,363439.90207934135,3390.562357311124,61.54241197415838,443.0,DoS
38.13451964998049,30.0,35.0,2756.0,5820.0,1376.0,117.0,123.15634692231077,3.506770329147762,1341570.7285902526,443.0,NORMAL
0.4736798464754158,3.0,1.0,187.0,253.0,82.0,72.0,1038.6116091934807,11.54023302862576,378681.85805553984,53.0,NORMAL
0.2727226054020364,1.0,0.0,75.0,0.0,68.0,0.0,2496.7964225955943,84.30381875353646,1568.270422938004,45251.0,PortScan
0.3514341380886406,2.0,1.0,178.0,296.0,117.0,177.0,4412.131979945609,1.9239769143767855,300165.7447777821,53.0,NORMAL
52.971374792736775,28.0,41.0,9655.0,15730.0,103.0,1266.0,1851.5881226123688,1.1507781494702434,1853664.1521948806,443.0,NORMAL
42.57616500146216,32.0,16.0,4818.0,16372.0,791.0,446.0,642.7514722074773,6.354818335481061,1257777.1104631855,443.0,NORMAL
30.821851956716547,47.0,20.0,9179.0,12981.0,871.0,445.0,1538.9493832778476,2.9759518767022186,1931388.8494099278,443.0,NORMAL
0.6620827501852122,1.0,1.0,174.0,115.0,87.0,165.0,1791.2711799790573,7.651440291837668,276741.2924380172,53.0,NORMAL
30.809889974423573,19.0,8.0,6024.0,5971.0,826.0,1076.0,1136.4010422025756,7.0730719837943985,422027.7223481077,443.0,NORMAL
27.3762770845791,32.0,26.0,10780.0,6605.0,144.0,622.0,184.2312765243347,4.247535689330127,977983.9659662619,443.0,NORMAL
36.24737302804819,10.0,6.0,12831.0,14580.0,430.0,1373.0,715.8933656281289,2.5818771982095132,1813126.304184668,443.0,NORMAL
10.78306621032594,18.0,24.0,6325.0,33870.0,255.0,745.0,438.6998386111278,14.99331397608214,793718.151738678,80.0,NORMAL
16.258629258394286,6.0,19.0,3292.0,13096.0,237.0,453.0,1973.5871756123781,1.396078918191836,572936.0593878054,443.0,NORMAL
1.2156750265486578,2.0,1.0,127.0,53.0,97.0,133.0,3115.536800549879,8.447426651080887,366056.5533828485,53.0,NORMAL
1.0040754415106399,1.0,1.0,90.0,192.0,90.0,139.0,3802.7263343877967,6.092460518579746,62110.84616841775,53.0,NORMAL
12.00745441902704,24.0,20.0,12434.0,3837.0,929.0,898.0,953.7385129273248,6.8011660501492734,1080410.0551302033,443.0,NORMAL
39.32834104378566,26.0,5.0,9655.0,7579.0,607.0,961.0,1931.005615317637,4.724340972967805,1052737.4195689503,443.0,NORMAL
50.54833485250141,43.0,5.0,4628.0,8215.0,298.0,1178.0,1919.4483051207249,4.436307030100453,1006986.9012253211,443.0,NORMAL
1.6736610237903444,45.0,5.0,9976.0,10305.0,1137.0,1149.0,517.9564532426372,1.6660389913603368,1441071.1010360091,443.0,NORMAL
1.3775579319504183,3.0,2.0,138.0,146.0,50.0,161.0,1946.3593048782184,2.232456407326246,480660.10045376915,53.0,NORMAL
57.80581106736753,48.0,13.0,12659.0,2787.0,1322.0,630.0,1725.3883053206005,5.666247315005327,1875180.0104092995,443.0,NORMAL
10.850232236084725,22.0,43.0,13467.0,15577.0,423.0,137.0,1119.106845075839,9.211990124383606,814632.6187523198,443.0,NORMAL
0.07644723594966159,2.0,3.0,42.0,157.0,103.0,149.0,1960.1537363614473,7.915660658056918,276969.5140738921,53.0,NORMAL
1.2982202483268497,2.0,1.0,168.0,74.0,115.0,95.0,3937.6863163350267,17.213737592862167,425675.4657388346,53.0,NORMAL
0.978828664455912,3.0,3.0,51.0,163.0,55.0,166.0,2680.8819293793435,16.2709474333883,95457.86182651468,53.0,NORMAL
1.1356386511170409,1.0,3.0,138.0,195.0,94.0,87.0,56.13491004355848,6.244826328627158,240630.54256654138,53.0,NORMAL
49.476576964917825,24.0,37.0,6691.0,11551.0,1112.0,232.0,854.0177936495415,4.766549188219898,1839357.600368687,443.0,NORMAL
43.61290153519091,30.0,8.0,4885.0,2408.0,786.0,1257.0,911.2361489629176,5.2434939067718265,1743184.2476953215,443.0,NORMAL
57.70699363904799,47.0,20.0,13239.0,14324.0,522.0,202.0,1702.9122244070095,5.197105907875389,1963001.6197648563,443.0,NORMAL
0.0639951174874516,2.0,3.0,154.0,264.0,51.0,167.0,1202.9333565248498,17.525369675782102,351543.1747849284,53.0,NORMAL
1.791677357592015,1.0,1.0,70.0,101.0,44.0,166.0,3743.6369976983524,10.1980861694963,157135.60776812126,53.0,NORMAL
1.5681016689732594,2.0,2.0,93.0,231.0,41.0,106.0,773.183043043191,3.3575329385602637,207466.61361575153,53.0,NORMAL
23.021855706131063,44.0,22.0,9584.0,19702.0,150.0,605.0,513.7489752431338,9.683627359546053,1571513.821063298,443.0,NORMAL
56.506286709683366,14.0,7.0,9534.0,3379.0,1086.0,802.0,491.71320479929346,2.9026886477287714,1896851.5934689513,443.0,NORMAL
2.7210160550706037,38.0,10.0,14445.0,18486.0,336.0,476.0,1624.0212496095103,2.4180704572994225,1466059.6196361096,443.0,NORMAL
1.2924133610381257,3.0,2.0,129.0,77.0,54.0,126.0,2137.1998077668613,18.64638846987649,265313.64876364905,53.0,NORMAL
4.7464748002892705,13.0,18.0,2638.0,44252.0,144.0,736.0,2022.2438035900352,10.005172463639646,96534.64661920106,80.0,NORMAL
0.9448522695789956,3.0,3.0,198.0,68.0,114.0,104.0,1163.490326414319,10.303591551276478,439095.12184175476,53.0,NORMAL
48.82264651612814,41.0,42.0,9007.0,14443.0,688.0,886.0,1427.759104364136,1.113744156820049,651967.884278559,443.0,NORMAL
0.4332994569540748,1.0,1.0,81.0,128.0,55.0,124.0,437.76429517399373,7.656407428294521,225493.5908604451,53.0,NORMAL
1.0437505075500582,1.0,1.0,41.0,162.0,78.0,109.0,978.3858016679873,8.761277787018367,115708.03728391704,53.0,NORMAL
1.2139613823692492,2.0,3.0,153.0,217.0,76.0,132.0,207.50549057330775,12.704338045745882,126104.23141202048,53.0,NORMAL
0.32622588914166134,3.0,1.0,173.0,260.0,76.0,97.0,2010.9303133219746,18.231590478740895,13089.423696398524,53.0,NORMAL
2.6414771122912644,5.0,6.0,375.0,171.0,97.0,52.0,499.59818224771885,4.319670485727994,496707.36872824014,21.0,BruteForce
1.9225778232668078,1366.0,0.0,113329.0,0.0,43.0,0.0,887181.3103582796,8556.485351432864,416.3418069546486,22.0,DoS
1.517435548901398,2.0,2.0,83.0,110.0,46.0,154.0,4955.338000412124,3.494247829901686,169899.7718464885,53.0,NORMAL
54.34536297513116,36.0,37.0,10024.0,17997.0,1197.0,1184.0,776.0777194685556,1.091115606099006,1941567.2750010716,443.0,NORMAL
23.902025646184793,36.0,46.0,5684.0,6127.0,285.0,380.0,1361.2391999755373,2.435363388339897,1801326.6914366013,443.0,NORMAL
15.870308798144892,10.0,16.0,5460.0,16460.0,1084.0,966.0,4573.107689869198,10.537223135718671,121027.0260929763,80.0,NORMAL
23.985659613164067,22.0,8.0,9746.0,26733.0,1075.0,642.0,4820.9845501227655,5.94409994757423,132716.77130954596,80.0,NORMAL
48.2002054240572,15.0,5.0,1504.0,4911.0,1205.0,248.0,126.15291733725996,6.343671251690362,189734.41536438832,443.0,NORMAL
47.52723546224731,26.0,38.0,8770.0,18783.0,856.0,1273.0,1736.7510506682613,6.5010529786523445,526196.4276809917,443.0,NORMAL
1.2226337859332657,2.0,3.0,121.0,189.0,77.0,81.0,2351.160951838718,6.966708452103814,302053.1704793085,53.0,NORMAL
0.057607623315454805,1.0,0.0,62.0,0.0,66.0,0.0,4717.087462476475,50.80140918669825,3425.2659790640587,12757.0,PortScan
13.03129725615324,21.0,19.0,7447.0,27039.0,437.0,353.0,4885.630828127629,12.075986171900444,166859.36660811887,80.0,NORMAL
0.5287761808246965,1.0,3.0,192.0,100.0,68.0,161.0,1032.035209862168,11.086940865843466,495926.99145150144,53.0,NORMAL
43.018574059504616,26.0,10.0,12757.0,1521.0,1030.0,1012.0,273.6914433175836,7.674101626805614,841909.0369996027,443.0,NORMAL
3.2166943335355356,44.0,45.0,12543.0,19102.0,203.0,706.0,1480.2947711428421,1.9068344613815222,1892898.2476038109,443.0,NORMAL
0.9026525046832171,3.0,2.0,191.0,193.0,52.0,101.0,974.70390996309,14.911482205177398,185214.62566083687,53.0,NORMAL
0.16239605342155145,2.0,2.0,93.0,211.0,84.0,71.0,1371.594071095321,14.93772825430109,487524.7236033677,53.0,NORMAL
3.9246557196668794,7.0,12.0,9970.0,23409.0,148.0,1290.0,4196.03973727981,2.032694379261037,165858.03542420617,80.0,NORMAL
27.286956685771564,7.0,7.0,13621.0,8310.0,1396.0,1317.0,822.2013975600275,8.124163905277289,1292319.3308962143,443.0,NORMAL
27.72172262093599,6.0,25.0,7222.0,3164.0,694.0,1249.0,919.3159752006128,12.658557638230777,568429.1269493519,80.0,NORMAL
24.844278977410944,17.0,48.0,8441.0,11934.0,974.0,302.0,640.398615417204,5.039888449003904,689510.3754917766,443.0,NORMAL
51.486069536414824,10.0,28.0,8018.0,5514.0,407.0,1387.0,698.1215696546698,1.3609321488420418,179561.92804910796,443.0,NORMAL
50.66789782873805,17.0,15.0,7338.0,7055.0,598.0,678.0,525.998643196802,4.660867204838677,1084631.0976022677,443.0,NORMAL
1.328251116005309,1.0,2.0,75.0,226.0,60.0,149.0,2061.7737765503825,6.182547524990552,467645.92021980224,53.0,NORMAL
11.906412876006096,30.0,14.0,13104.0,4766.0,1371.0,484.0,1759.0026460273702,8.751959022055551,504963.10318218207,443.0,NORMAL
11.424893827943157,15.0,3.0,5120.0,20953.0,1378.0,163.0,826.9405906477286,7.353037413052127,582586.9117768862,80.0,NORMAL
15.052784081756865,21.0,41.0,5233.0,12155.0,140.0,413.0,1854.1291691238418,6.407328819904859,278878.8293381247,443.0,NORMAL
0.28009114854271416,4949.0,0.0,191630.0,0.0,40.0,0.0,348591.31898880634,7865.945563992817,378.97604501950093,22.0,DoS
1.1635441660431038,2.0,1.0,100.0,142.0,84.0,101.0,3997.348777433088,9.083959127190703,326948.4739497409,53.0,NORMAL
1.3778984217013135,664.0,0.0,125805.0,0.0,54.0,0.0,523418.28565439984,9529.335139805262,389.22150551233426,443.0,DoS
23.211338645804926,5.0,22.0,11583.0,18241.0,1110.0,148.0,132.5319630146076,2.7897824571912944,157268.5036728033,443.0,NORMAL
0.6255319314715821,3234.0,0.0,146561.0,0.0,58.0,0.0,805621.404550138,2141.271838507308,76.34494718981027,443.0,DoS
58.33514288053668,10.0,19.0,8714.0,6487.0,961.0,490.0,1649.6813649767348,3.533353043104193,1650218.714124768,443.0,NORMAL
23.450544882323776,19.0,31.0,10347.0,5857.0,749.0,668.0,1147.6685023212112,3.7978356724003715,402221.2971745484,443.0,NORMAL
0.8339936614879042,3.0,2.0,141.0,137.0,86.0,143.0,3126.193126299728,4.568614408898869,93957.53664613755,53.0,NORMAL
0.6625599072291851,1.0,1.0,143.0,134.0,72.0,136.0,921.4350256823043,7.6035058424461335,27181.278491416426,53.0,NORMAL
0.4198049791215673,3.0,3.0,106.0,219.0,61.0,68.0,1942.6885486746107,5.9309431365655545,235108.44715115806,53.0,NORMAL
35.41875714073242,12.0,17.0,14823.0,15179.0,315.0,649.0,186.58779106625857,8.691779030765009,1605809.0119222938,443.0,NORMAL
1.8844822982861213,1.0,3.0,141.0,200.0,52.0,174.0,3414.378231999275,6.123758531150986,444878.5231578831,53.0,NORMAL
2.83691089018617,47.0,22.0,1007.0,8392.0,603.0,1143.0,1589.525495415934,3.9385636806581745,1391781.4336993743,443.0,NORMAL
53.9105161844547,9.0,6.0,8205.0,19433.0,1097.0,968.0,1611.3568205374163,9.526599237249389,1044991.4484117636,443.0,NORMAL
46.85166803971877,7.0,47.0,12720.0,11096.0,1189.0,225.0,1218.043272516994,5.995253680600616,597460.9746035181,443.0,NORMAL
1.7903847840824803,2.0,1.0,92.0,113.0,102.0,94.0,532.3040573526625,13.011662843572646,335799.18973052385,53.0,NORMAL
0.6192455886428805,3.0,3.0,89.0,81.0,61.0,137.0,2671.8868875691555,16.271606882650694,193108.56315181433,53.0,NORMAL
1.39691781542101,2.0,3.0,74.0,201.0,54.0,146.0,911.1379805046204,18.927551008377215,484626.0379775188,53.0,NORMAL
2.495693861511993,13.0,26.0,10950.0,4909.0,875.0,1041.0,781.2120984027034,8.418578387537943,521053.78781055135,443.0,NORMAL
0.798698000934885,1.0,1.0,168.0,126.0,49.0,122.0,4188.344246602108,6.300524122056969,309336.6880693336,53.0,NORMAL
0.05644397883298774,1.0,3.0,188.0,93.0,107.0,72.0,4086.337217079502,13.221389050558367,182284.38448748025,53.0,NORMAL
1.934565525445015,3.0,2.0,143.0,265.0,61.0,167.0,3463.512553179986,2.4587957500428725,492234.85500550125,53.0,NORMAL
33.945850734412495,25.0,7.0,14964.0,4587.0,559.0,756.0,789.3580578955298,4.552405544759592,1311651.7053847557,443.0,NORMAL
10.569892611949737,3.0,27.0,1382.0,30019.0,1313.0,228.0,1924.9629244697237,10.715078016531907,724784.7854282531,80.0,NORMAL
43.61374897948389,19.0,38.0,9007.0,16779.0,618.0,484.0,359.2571247138712,4.527520319104426,1877202.0488689851,443.0,NORMAL
27.412732099214683,16.0,16.0,12596.0,16100.0,513.0,623.0,305.48423622519897,7.328977607953834,1273123.6889167079,443.0,NORMAL
1.6235116940001182,3.0,3.0,81.0,249.0,50.0,168.0,501.0310031126765,3.7707164997203515,72589.30814420746,53.0,NORMAL
35.2301697844126,6.0,43.0,6327.0,2583.0,810.0,1289.0,118.20710665499568,8.835760594684272,251693.9695657604,443.0,NORMAL
1.9029352538228144,1.0,2.0,128.0,110.0,73.0,65.0,3307.8729752907775,18.464702320041187,26546.288485447643,53.0,NORMAL
0.9955489815551322,7.0,4.0,363.0,337.0,144.0,93.0,94.28543738600462,5.079192765515696,350132.4291586299,21.0,BruteForce
27.314340604519387,14.0,46.0,14866.0,17598.0,482.0,476.0,481.22299761867185,8.112797867636267,1941611.5642622,443.0,NORMAL
48.60324961676858,12.0,36.0,2631.0,1056.0,760.0,765.0,1497.5605767090424,3.055985023264614,1442265.8021015031,443.0,NORMAL
16.19882599968959,38.0,47.0,11725.0,6169.0,158.0,1154.0,1126.2041339514028,8.483863227855284,928098.0969388228,443.0,NORMAL
48.66291057453426,41.0,32.0,5692.0,2351.0,857.0,646.0,408.7103914161165,5.807203613335091,1080369.7637977898,443.0,NORMAL
47.880118443311225,10.0,17.0,11184.0,2544.0,1281.0,381.0,1434.0157453262025,6.291392696089369,1809055.244249938,443.0,NORMAL
0.054708988653369206,1.0,0.0,72.0,0.0,45.0,0.0,2845.13223189201,91.64529158117723,776.6283907073421,4376.0,PortScan
0.7020683837944433,1241.0,0.0,136051.0,0.0,47.0,0.0,690565.0850662426,3418.5293679284337,76.51233958033055,80.0,DoS
27.761377260367865,27.0,28.0,9971.0,14406.0,1111.0,1319.0,2216.4568822281008,4.553534126554215,421728.2351757554,80.0,NORMAL
26.06166470503238,15.0,19.0,7956.0,29763.0,475.0,648.0,2580.3387628654186,8.57806941082804,206275.3428406134,80.0,NORMAL
26.536144130358686,9.0,32.0,3654.0,9360.0,643.0,963.0,1051.340621938382,4.03046237516482,1298734.5602850642,443.0,NORMAL
21.974087616040087,20.0,6.0,3577.0,3822.0,337.0,623.0,1555.1453751837355,5.355490911885703,1905426.7506275214,443.0,NORMAL
53.7396624000065,13.0,22.0,14901.0,9212.0,1128.0,355.0,671.0965053026421,4.390807962709173,1812503.56381081,443.0,NORMAL
1.6463019822012852,3.0,1.0,68.0,207.0,48.0,165.0,2638.2772436612013,11.486784897686526,407095.230760322,53.0,NORMAL
0.6861520255323688,3504.0,0.0,144681.0,0.0,43.0,0.0,724306.3689053023,4708.793877769389,61.50505841599254,443.0,DoS
41.678433179098676,16.0,20.0,7686.0,1362.0,1353.0,459.0,1304.7673094668244,9.516954006806486,961918.3397430461,443.0,NORMAL
0.2423475753045133,1900.0,0.0,176564.0,0.0,41.0,0.0,376645.4734924141,2445.9385404575005,114.85687093989573,443.0,DoS
0.08298583453941426,1.0,0.0,69.0,0.0,51.0,0.0,4553.372927697326,31.563652407226687,8636.34005809162,11487.0,PortScan
1.9411015733589847,3.0,1.0,60.0,156.0,88.0,78.0,1287.8834896457986,17.305568460495817,394950.4332657554,53.0,NORMAL
22.708504326822982,13.0,38.0,6696.0,6101.0,1049.0,474.0,139.25751802752,0.6070597387992838,880414.4888872446,443.0,NORMAL
1.1970335018962266,4984.0,0.0,106679.0,0.0,57.0,0.0,345121.51412649883,6642.029274694407,341.6902378301923,443.0,DoS
1.563131399908333,1.0,3.0,37.0,168.0,51.0,168.0,4154.669592664651,10.006490859825686,290258.67164650303,53.0,NORMAL
12.55167695256849,26.0,6.0,5562.0,10797.0,803.0,466.0,1195.900446144749,6.38193973995611,1994130.689665768,443.0,NORMAL
49.67791520062366,47.0,6.0,14592.0,7768.0,1354.0,556.0,1295.3149726128177,6.520987889619273,1012648.994822231,443.0,NORMAL
50.38378637345665,24.0,6.0,9630.0,14871.0,1018.0,219.0,962.7446741934493,3.719008040038698,936918.9375453885,443.0,NORMAL
1.8533768970283597,1.0,1.0,91.0,129.0,104.0,115.0,4404.050700202846,15.16143896699744,485559.50436022313,53.0,NORMAL
0.24964222009973044,2.0,2.0,134.0,84.0,101.0,110.0,3542.668833726933,5.385971651697643,424594.90498367295,53.0,NORMAL
3.085111332061315,9.0,4.0,454.0,246.0,134.0,51.0,369.57592255496166,8.814436977151587,66826.9676280017,3389.0,BruteForce
53.935729719246275,21.0,18.0,11220.0,7028.0,403.0,265.0,934.319971137015,6.267050928804059,1353139.2906760152,443.0,NORMAL
7.5568715725128905,6.0,24.0,4897.0,12936.0,272.0,1370.0,506.46771558865674,4.121578432599858,734133.6643069253,80.0,NORMAL
1.4736139675991429,2.0,3.0,111.0,83.0,78.0,159.0,3211.1895035856473,7.591608354434188,137890.278849155,53.0,NORMAL
39.06519463415754,15.0,32.0,11603.0,10377.0,120.0,1391.0,321.279222894101,7.333078158157547,679144.9557674275,443.0,NORMAL
3.083369941474105,27.0,28.0,13685.0,14006.0,467.0,829.0,380.6747039545501,3.3985653269448877,1908047.7309452416,443.0,NORMAL
21.657390290837075,26.0,46.0,11944.0,3122.0,1369.0,450.0,255.02409773516123,6.28783994856989,891970.3574572188,443.0,NORMAL
0.4360340624911575,2.0,2.0,180.0,219.0,111.0,70.0,3626.1253028426145,16.432638245931123,251490.15892874432,53.0,NORMAL
0.5686764863558897,2.0,3.0,95.0,242.0,57.0,165.0,1629.0575780583254,14.988521138755853,376685.20312074927,53.0,NORMAL
13.21256212786718,21.0,16.0,6790.0,12332.0,969.0,445.0,503.04713465416086,8.745807838177601,459345.73996884265,443.0,NORMAL
0.781524724695762,4492.0,0.0,101993.0,0.0,57.0,0.0,963047.1344923151,8257.407304339224,495.59333934349013,80.0,DoS
1.5409087906279837,4.0,5.0,392.0,136.0,135.0,61.0,350.7505251299973,4.276066286477331,230286.19710774775,3389.0,BruteForce
15.222385490535833,28.0,27.0,6140.0,23204.0,745.0,913.0,4235.458546843671,9.434348542971554,680006.9786048499,80.0,NORMAL
1.8299506774113004,1.0,1.0,140.0,258.0,52.0,81.0,1137.7779383608922,4.712323827681994,187477.57902618454,53.0,NORMAL
10.484833866850185,40.0,45.0,10104.0,11247.0,1104.0,738.0,1875.3137913167996,3.2521121956883325,1005863.9891522094,443.0,NORMAL
0.3721712864946775,2.0,1.0,95.0,86.0,108.0,61.0,1297.4936173177857,8.766579847581177,390551.30772333825,53.0,NORMAL
0.590756671686326,2.0,2.0,161.0,244.0,61.0,99.0,1100.0174118135528,2.9965094655754734,47873.588871901586,53.0,NORMAL
14.341394543730644,24.0,14.0,1597.0,17246.0,846.0,1153.0,1120.4410102163195,9.262781260608836,419233.7027643497,443.0,NORMAL
3.5544347767207567,21.0,9.0,5549.0,27896.0,547.0,627.0,1598.809596225864,1.8812640786303785,408729.3440893953,80.0,NORMAL
1.8425155629730474,1.0,1.0,55.0,175.0,57.0,162.0,4345.431374870802,4.895600083836605,14867.678471471012,53.0,NORMAL
31.425086234093367,47.0,29.0,6370.0,6062.0,649.0,197.0,1545.0111839984293,8.323955634837418,914098.8864975057,443.0,NORMAL
57.038194884223515,28.0,19.0,14348.0,4664.0,1034.0,797.0,1515.4338770756972,8.660864510689846,1656209.1657717647,443.0,NORMAL
19.926023833332415,37.0,9.0,14960.0,2469.0,574.0,500.0,1456.515304159898,4.631891053452385,308119.54945700546,443.0,NORMAL
0.4819923649674242,1.0,0.0,75.0,0.0,44.0,0.0,2515.4084679010716,97.39074245371961,8962.367056150764,49977.0,PortScan
28.114446568194047,16.0,20.0,9168.0,39433.0,1100.0,1256.0,4714.5994218498945,1.6555935219531959,474062.4651909516,80.0,NORMAL
1.673683100307486,1.0,1.0,199.0,253.0,104.0,78.0,1367.2152111176254,15.881268601471296,489329.10831297975,53.0,NORMAL
6.131588252050394,16.0,15.0,1381.0,11152.0,1365.0,918.0,4907.01147884346,1.5176759406640978,377888.9176186107,80.0,NORMAL
31.005670778717462,10.0,28.0,12678.0,2919.0,284.0,457.0,1397.12715907409,7.245988898631897,674125.400280047,443.0,NORMAL
0.9573248674184411,3.0,3.0,38.0,121.0,113.0,129.0,2846.34288716688,4.253366482403589,477428.76187549194,53.0,NORMAL
1.6188960038403575,2.0,3.0,89.0,152.0,103.0,130.0,1809.2827854787622,7.647079092458955,357400.02345701394,53.0,NORMAL
2.1913754265640564,23.0,29.0,6808.0,22508.0,771.0,428.0,2696.328262405756,7.412186210076383,93282.15866528836,80.0,NORMAL
0.686840141565041,1811.0,0.0,141164.0,0.0,52.0,0.0,953288.4040166606,8121.654194040306,84.82020101902766,443.0,DoS
1.7532814562588395,2.0,3.0,100.0,197.0,102.0,109.0,2326.919758515248,14.876030917583906,481529.9619004517,53.0,NORMAL
1.715125703989703,5.0,46.0,8073.0,18093.0,279.0,165.0,555.5815038036901,8.765214008297132,1527216.3705116855,443.0,NORMAL
1.6176503400325206,2053.0,0.0,41060.0,0.0,48.0,0.0,770039.9031091549,2359.7674269182407,44.59663912330435,22.0,DoS
0.07050177314651186,2.0,2.0,79.0,242.0,101.0,158.0,1185.010192540388,16.162661405158996,415409.02322871826,53.0,NORMAL
9.854831237241854,16.0,15.0,9980.0,48218.0,1256.0,703.0,2967.0117699537036,4.310343808592249,585728.0983956158,80.0,NORMAL
24.421909507382722,30.0,16.0,7680.0,8479.0,1183.0,178.0,1135.9815478977437,0.8167651296601048,1928882.2160175014,443.0,NORMAL
9.548797453382162,31.0,49.0,3709.0,10457.0,881.0,599.0,1069.7132725948381,2.198374731729628,1455398.351771734,443.0,NORMAL
1.004842844548289,2.0,2.0,98.0,294.0,48.0,78.0,4838.89789755052,8.95203288858805,149845.3440773257,53.0,NORMAL
9.778962194901823,41.0,23.0,1107.0,8983.0,181.0,272.0,525.8511413541496,9.987212226784338,1003367.0577078457,443.0,NORMAL
30.309244672690994,21.0,13.0,6202.0,12050.0,1090.0,664.0,611.5946012948574,5.8020301915569785,531765.1729873165,443.0,NORMAL
8.506773249499185,13.0,6.0,5952.0,27830.0,241.0,520.0,849.8847457928911,2.4455473293576784,364376.3887362869,80.0,NORMAL
48.68587739054411,18.0,20.0,7975.0,17813.0,376.0,788.0,1495.188366556349,7.152702104658325,116082.40107288813,443.0,NORMAL
0.7527172390110791,2.0,1.0,57.0,164.0,77.0,139.0,188.58882696210284,14.655711198498452,329846.10078748874,53.0,NORMAL
1.4291764279470522,3.0,2.0,195.0,253.0,63.0,170.0,1247.633871111173,7.596150564483901,262826.5721727826,53.0,NORMAL
1.6546225934067917,1.0,3.0,158.0,224.0,80.0,141.0,1736.557893219676,13.230266502701838,300244.875249036,53.0,NORMAL
27.342193780314613,16.0,10.0,3162.0,10245.0,1378.0,244.0,3972.6382289363237,9.51817230069766,371332.96433361096,80.0,NORMAL
16.467554878308388,6.0,23.0,1998.0,31637.0,754.0,105.0,4908.005408901745,3.934983294006118,237827.494181175,80.0,NORMAL
0.9309475127343223,2872.0,0.0,25436.0,0.0,48.0,0.0,894908.4035331811,7180.224664400854,378.11903149225185,22.0,DoS
54.735439536990995,45.0,16.0,10267.0,4307.0,1164.0,665.0,736.2649576111141,9.144440007227503,657323.8330923694,443.0,NORMAL
1.919193288763202,1.0,2.0,140.0,154.0,107.0,125.0,441.7548598684456,19.713146287325685,304041.2148330433,53.0,NORMAL
1.4961860791715111,2.0,1.0,161.0,233.0,66.0,62.0,1232.36720525623,18.229984499414808,333876.7371432175,53.0,NORMAL
37.28576511429313,34.0,35.0,14798.0,11619.0,1000.0,285.0,124.93203856710366,7.151230843331552,286436.38507897436,443.0,NORMAL
0.9617603373592267,4873.0,0.0,141740.0,0.0,42.0,0.0,889591.6413322731,9249.355454896591,150.26443578285566,22.0,DoS
1.726792081671301,1.0,2.0,34.0,129.0,56.0,164.0,2522.3882330532088,18.380988402665952,86131.53883670541,53.0,NORMAL
1.8139355502616799,1.0,3.0,170.0,229.0,40.0,118.0,688.6560243311358,5.954454815592216,190443.29977774312,53.0,NORMAL
0.7568655281650256,1.0,1.0,156.0,50.0,41.0,144.0,4931.029958782533,5.951616045353899,273627.25723641773,53.0,NORMAL
16.97910282446238,14.0,14.0,11516.0,16919.0,145.0,922.0,1046.868593489875,7.050056140421675,1466776.080325994,443.0,NORMAL
39.46571431065343,22.0,25.0,13975.0,14027.0,764.0,377.0,203.78091932917263,4.491216750458372,949598.2178663414,443.0,NORMAL
1.0122068468665761,1.0,3.0,45.0,188.0,84.0,75.0,2033.099986525657,12.120659870869181,482307.33612672257,53.0,NORMAL
0.3009510836999768,1.0,0.0,73.0,0.0,57.0,0.0,1862.2748547505796,53.987121208874825,3991.5325795951176,3511.0,PortScan
0.6329828075606154,1.0,2.0,139.0,182.0,62.0,104.0,77.63847685604556,6.4451272037787755,399831.7034188963,53.0,NORMAL
21.847781453537117,17.0,43.0,10168.0,8173.0,1138.0,921.0,1223.6740845079364,8.353052903824553,1583958.338234446,443.0,NORMAL
1.5426260453811493,42.0,20.0,12343.0,5722.0,1257.0,1223.0,149.9410674414534,9.29826196834572,1753214.778106844,443.0,NORMAL
9.23942403062246,21.0,26.0,8102.0,2225.0,316.0,1001.0,1650.6385899425125,1.799441767244934,746269.8394207385,443.0,NORMAL
5.491720709927711,22.0,44.0,11880.0,10404.0,424.0,847.0,1579.2966551732072,4.150190111373815,961141.113689862,443.0,NORMAL
35.566022518757634,25.0,35.0,10113.0,5544.0,1042.0,846.0,1989.9112469325978,4.698670875458133,977273.5445167129,443.0,NORMAL
51.84535163979752,41.0,48.0,5182.0,19830.0,589.0,1167.0,824.8334571602319,1.891472220744011,649678.2024977012,443.0,NORMAL
1.971299094633546,3.0,1.0,78.0,289.0,114.0,156.0,1588.2528206364939,19.411770343868824,325620.72087061004,53.0,NORMAL
58.575272688289544,47.0,5.0,10044.0,14156.0,941.0,213.0,1332.0054703659996,2.820757798103063,964284.2532383796,443.0,NORMAL
39.102837946657154,8.0,42.0,2283.0,8990.0,290.0,527.0,643.5667785894411,3.4106374913441915,817837.290821624,443.0,NORMAL
1.900291010237062,1.0,3.0,58.0,271.0,83.0,119.0,1050.12831773971,3.163647872751177,316780.2783060861,53.0,NORMAL
26.774191454295593,26.0,6.0,4279.0,3263.0,795.0,511.0,554.1682919846317,9.66966276530406,880951.5125516918,443.0,NORMAL
58.889492368975375,18.0,20.0,9798.0,11113.0,567.0,207.0,1290.09452975489,4.069157357009795,1368367.993393726,443.0,NORMAL
0.09755807081103801,2.0,1.0,88.0,99.0,67.0,83.0,1226.6676198629018,9.895128901135244,448423.2253787084,53.0,NORMAL
25.39939698999574,20.0,44.0,10591.0,4414.0,1129.0,930.0,871.9221210632144,5.3542806984427855,600162.9469191686,443.0,NORMAL
57.703148730697855,43.0,46.0,11715.0,6854.0,1016.0,313.0,1547.269693080857,3.5000308051903137,1504176.7362470652,443.0,NORMAL
30.291207988962686,47.0,29.0,10066.0,8802.0,1235.0,920.0,1581.5460050303318,3.9070502448084663,389641.48037501675,443.0,NORMAL
1.9474233128612821,2.0,3.0,71.0,273.0,93.0,129.0,3360.044850899882,16.877272817399536,288042.8909978894,53.0,NORMAL
1.2139989484338534,1.0,2.0,91.0,79.0,113.0,134.0,3203.991992366431,19.946332671568577,252135.07956306692,53.0,NORMAL
15.463545215204089,10.0,8.0,9823.0,7237.0,573.0,118.0,787.2849616566795,2.1805891499211487,239641.14328014688,80.0,NORMAL
52.770848798096125,15.0,38.0,9661.0,10352.0,1042.0,1374.0,665.5625612656971,9.20436363118503,280289.43295457715,443.0,NORMAL
11.70486251404199,37.0,27.0,11057.0,7457.0,1107.0,307.0,630.7770141574438,6.160431520556863,941233.1429261747,443.0,NORMAL
41.8218166638689,32.0,9.0,5092.0,18155.0,1174.0,999.0,1984.5616348963908,6.299517357859948,1886791.9060017995,443.0,NORMAL
25.85363514435025,30.0,34.0,12966.0,14698.0,939.0,1146.0,806.6061820923883,3.6340591214161124,1276317.9210764996,443.0,NORMAL
1.1749304999629222,3.0,3.0,116.0,258.0,100.0,110.0,929.1655613116088,5.889269243485278,471889.0902253768,53.0,NORMAL
32.943048833507525,18.0,39.0,11064.0,18375.0,190.0,744.0,1186.3008912046123,4.764848731618357,386389.0601242817,443.0,NORMAL
14.465886446128247,17.0,5.0,2801.0,6581.0,807.0,838.0,1806.712334304304,2.621151705857818,1509225.0151213885,443.0,NORMAL
1.786405371487605,3.0,2.0,149.0,240.0,88.0,151.0,905.8981259733328,9.836224244346592,21105.592515742814,53.0,NORMAL
25.653858339289613,4.0,12.0,7274.0,5834.0,104.0,1390.0,4066.3412110020104,13.630832524335423,502889.2869325961,80.0,NORMAL
3.3664422933364664,25.0,24.0,1594.0,16090.0,1368.0,899.0,1223.2510955205391,3.1124157330042297,523793.0398118452,443.0,NORMAL
0.6440228183795206,2.0,3.0,119.0,222.0,85.0,121.0,532.3296326110524,10.763372525150976,233680.93032321916,53.0,NORMAL
0.3883782177676673,1.0,0.0,72.0,0.0,71.0,0.0,1426.114520757748,45.69820251447214,7572.451271246084,45729.0,PortScan
24.01419877499337,6.0,14.0,7625.0,36545.0,499.0,1071.0,3487.551387012322,14.68725432946803,395485.6435019078,80.0,NORMAL
49.207252186007516,41.0,33.0,7010.0,15988.0,222.0,1237.0,1940.800573486944,9.04605955638991,578889.033376934,443.0,NORMAL
21.12291471196525,42.0,13.0,2848.0,14795.0,1051.0,872.0,1139.1762196516006,6.982858538575518,1770610.389564289,443.0,NORMAL
0.12911628223766047,1.0,0.0,57.0,0.0,71.0,0.0,2437.892922340694,98.93980151982055,1404.7356961589053,56966.0,PortScan
0.23094163694126107,1.0,2.0,30.0,183.0,74.0,131.0,4209.443077454302,7.04331717724176,154141.49851894486,53.0,NORMAL
0.18097455808983148,4431.0,0.0,79150.0,0.0,45.0,0.0,665051.347506269,8796.550623707903,423.72182299748187,22.0,DoS
42.4160457582045,16.0,9.0,3338.0,8956.0,1387.0,1353.0,190.4635190122274,4.0229238036429,100968.97913029278,443.0,NORMAL
35.44259405033259,12.0,49.0,12552.0,13721.0,832.0,985.0,183.30933555083007,6.345294131341133,783997.7379355686,443.0,NORMAL
1.5115246530313036,1.0,3.0,139.0,201.0,87.0,86.0,2425.168150837492,10.198767358420644,187346.12908944057,53.0,NORMAL
17.27028652683006,25.0,22.0,14240.0,17555.0,1179.0,666.0,262.38544363378026,5.903603314395701,1722262.5116378304,443.0,NORMAL
35.859162373571635,36.0,27.0,7610.0,8896.0,1210.0,1294.0,1018.3046209492813,2.2679553384227944,231641.31274402907,443.0,NORMAL
0.08106033231926199,2.0,3.0,75.0,144.0,112.0,75.0,354.0500104083643,2.481208538667453,76241.2292062288,53.0,NORMAL
0.18935550733302772,1.0,0.0,53.0,0.0,52.0,0.0,4789.020849221408,4.678241970940693,4445.991098963912,21316.0,PortScan
35.82360934527614,28.0,11.0,2741.0,1106.0,810.0,542.0,1593.7200007538054,6.157718163855606,1298883.1930059206,443.0,NORMAL
53.64584739023948,14.0,28.0,11856.0,11796.0,563.0,358.0,726.4202847395983,0.6825000641983909,614751.0614891005,443.0,NORMAL
0.34881333333193915,1.0,0.0,49.0,0.0,56.0,0.0,4148.277229274439,53.59873083979387,7832.019611074809,12314.0,PortScan
26.968997130636478,27.0,12.0,1671.0,14585.0,194.0,315.0,267.7367473113412,7.222716639622141,1728087.1129901782,443.0,NORMAL
0.4893941544431271,1.0,0.0,77.0,0.0,46.0,0.0,2709.278097509943,91.02344950277156,4669.303056009525,20626.0,PortScan
55.13166474478742,20.0,48.0,5621.0,5861.0,1290.0,876.0,1526.6677753775307,5.3620517086613155,1120901.7209427906,443.0,NORMAL
2.2230577736717434,19.0,19.0,6196.0,39042.0,1206.0,316.0,4736.24780631655,7.9388201767677895,523535.0160202706,80.0,NORMAL
15.720378332675429,5.0,11.0,4907.0,43305.0,1131.0,165.0,3861.62032535725,5.8038666850086384,502547.11416415655,80.0,NORMAL
48.7523081732323,39.0,16.0,13878.0,15677.0,583.0,847.0,1148.191171130015,3.906804996671122,1954173.033141882,443.0,NORMAL
0.7596900514536495,1605.0,0.0,111468.0,0.0,42.0,0.0,660412.3198941291,1986.6017742052782,233.3711751138921,22.0,DoS
5.198338825232536,46.0,29.0,3477.0,18545.0,929.0,864.0,1289.4844938848614,7.401782864366144,710944.445224153,443.0,NORMAL
9.229642657967593,14.0,16.0,7434.0,31081.0,1337.0,199.0,2341.434840021582,13.73470822063425,98905.81540838315,80.0,NORMAL
0.6299627023415666,4.0,7.0,299.0,269.0,75.0,113.0,492.44397924192253,6.410884574227589,220508.4490888268,3389.0,BruteForce
11.00800614270863,14.0,11.0,6238.0,19019.0,676.0,887.0,4453.583852824146,11.451153061845789,722552.3431990708,80.0,NORMAL
10.51205594798626,30.0,30.0,14769.0,4881.0,700.0,128.0,1670.7039769757575,9.3173795985086,433241.63644986384,443.0,NORMAL
5.3363080924707464,26.0,18.0,2110.0,3631.0,301.0,457.0,414.4874976493283,7.645925801528878,855375.4166994364,443.0,NORMAL
38.14390411661246,17.0,20.0,8670.0,2725.0,946.0,789.0,1545.8497726101411,2.494310559155183,1659063.4888775847,443.0,NORMAL
39.79916064572026,47.0,7.0,13410.0,5781.0,947.0,705.0,738.6083278191472,5.207620622114911,1515915.106672696,443.0,NORMAL
0.3869260490891952,1.0,0.0,50.0,0.0,68.0,0.0,853.9043897996206,5.376836679612961,1695.5391869365776,26366.0,PortScan
0.9378512853322154,3.0,2.0,195.0,242.0,50.0,60.0,2533.457225866669,11.232530762471995,113238.7599545814,53.0,NORMAL
0.20871707069933101,1.0,3.0,82.0,197.0,57.0,167.0,578.1044237969537,13.927682968038523,237423.8368174353,53.0,NORMAL
4.749942666875395,24.0,5.0,5183.0,13204.0,1389.0,1285.0,1484.2739021032146,2.255267390002891,1178238.9790140195,443.0,NORMAL
25.115316094787687,22.0,7.0,1832.0,3631.0,1342.0,967.0,1506.9848928966535,6.181435313436722,1033248.0808162459,443.0,NORMAL
0.902042534278188,4819.0,0.0,46088.0,0.0,58.0,0.0,686714.4647045841,6207.687263179104,411.0341255456891,80.0,DoS
0.010479359134463514,3.0,3.0,126.0,248.0,56.0,94.0,3220.043224949874,17.77440328129446,23975.38663006501,53.0,NORMAL
39.30340782484775,15.0,49.0,1415.0,18533.0,1231.0,945.0,372.4953632489224,7.615576515360543,958576.7379367709,443.0,NORMAL
1.372818486957581,678.0,0.0,39196.0,0.0,59.0,0.0,316247.82444854476,2066.3797019314397,142.52851357214456,80.0,DoS
51.27870851879387,35.0,42.0,12179.0,6079.0,1103.0,162.0,1948.1489497666341,9.833454034973592,1263750.717929836,443.0,NORMAL
0.2996344302437586,1.0,0.0,78.0,0.0,59.0,0.0,3969.423179237373,27.81921363971775,5924.388293347163,62161.0,PortScan
40.70503072127151,9.0,34.0,9954.0,18552.0,248.0,624.0,975.6744257166267,8.717496319757505,1612928.918765874,443.0,NORMAL
1.3465238493040275,4759.0,0.0,36437.0,0.0,42.0,0.0,215621.74472096557,3209.19765694676,298.65052805415246,443.0,DoS
4.754813647911899,29.0,37.0,13934.0,10102.0,220.0,725.0,1430.7317529722575,6.443599651242839,213358.22432814928,443.0,NORMAL
0.3588331114670004,1.0,0.0,53.0,0.0,64.0,0.0,4947.53193539159,95.07776899353291,1289.423506391351,36309.0,PortScan
0.2716003317316414,2535.0,0.0,193980.0,0.0,55.0,0.0,529751.086539339,8432.808343305436,427.83253399414815,443.0,DoS
16.94461383571621,11.0,44.0,6425.0,2099.0,522.0,491.0,1336.5928817901226,5.802355920186225,935929.9840646147,443.0,NORMAL
4.016987505083943,33.0,49.0,6703.0,13438.0,935.0,837.0,333.204707134187,1.059515091563294,943852.4164402508,443.0,NORMAL
28.640713082173278,6.0,18.0,2492.0,1674.0,460.0,1004.0,464.6776720402139,9.600270713234284,679988.6344742227,80.0,NORMAL
28.09664663321962,19.0,28.0,4196.0,5112.0,1072.0,548.0,1982.321575208443,2.3805229389650266,538621.750577304,443.0,NORMAL
19.680239809542652,15.0,15.0,7963.0,32711.0,428.0,286.0,1463.5697383739655,2.782173040461741,632616.2302219803,80.0,NORMAL
28.98498153698132,29.0,27.0,8121.0,15831.0,720.0,644.0,655.7812701276873,12.315152790629977,551471.8104497308,80.0,NORMAL
1.1885671599805765,3393.0,0.0,142428.0,0.0,54.0,0.0,686544.7938237698,2187.2597267944193,99.18277430437526,22.0,DoS
6.128296997157998,41.0,33.0,10353.0,2295.0,789.0,1233.0,114.32807616039749,9.007836438105336,1613159.9786642273,443.0,NORMAL
16.023798631062068,24.0,27.0,1153.0,4192.0,621.0,176.0,1465.5375040537488,3.2480810903825414,1699683.398220723,443.0,NORMAL
0.30128152631800476,1.0,0.0,79.0,0.0,55.0,0.0,3822.085362597502,66.84720766960517,4814.4445156166,4737.0,PortScan
0.4777559409197365,1.0,0.0,48.0,0.0,52.0,0.0,2989.9108731860315,83.85255339388328,4789.933822622042,19030.0,PortScan
11.505320405972238,28.0,6.0,5799.0,16184.0,974.0,1205.0,2764.0994125262814,9.125933888590724,840564.5081241991,80.0,NORMAL
0.830559095195402,28.0,7.0,6295.0,38648.0,140.0,148.0,277.7830844850142,6.668211527299477,545243.9792870884,80.0,NORMAL
26.224261178249638,5.0,3.0,7928.0,26558.0,1169.0,1017.0,1802.2286897392921,2.459921160026263,562158.5871155935,80.0,NORMAL
59.211177254571965,47.0,41.0,10436.0,15400.0,334.0,979.0,410.31257845718625,6.074694740035645,213867.8229258944,443.0,NORMAL
5.860481691334719,33.0,29.0,13546.0,15604.0,1062.0,764.0,304.86498031869934,5.079790389427888,673762.431212479,443.0,NORMAL
21.81616400967628,5.0,12.0,3486.0,12165.0,817.0,706.0,1038.3097131873806,10.132862024345696,468331.89585718693,80.0,NORMAL
47.85764254534797,12.0,20.0,4660.0,18234.0,237.0,661.0,680.9417639958277,9.802719141386861,303178.5206419134,443.0,NORMAL
1.4262447316261606,3.0,1.0,199.0,227.0,102.0,146.0,4268.279077735111,10.354215853509524,426244.43828750536,53.0,NORMAL
1.7172599014362089,1.0,1.0,164.0,241.0,101.0,117.0,3349.0071726754645,4.342277953952966,330165.2186603572,53.0,NORMAL
50.322827110220146,32.0,36.0,12545.0,4420.0,434.0,457.0,718.7667913283788,1.8885708612124539,926028.2798559794,443.0,NORMAL
0.7149620839694557,1.0,1.0,169.0,191.0,83.0,76.0,1901.9766340034844,12.932174399398667,52818.64975726591,53.0,NORMAL
57.1568953399711,15.0,37.0,7474.0,7110.0,593.0,1299.0,764.0015423205216,4.961664771650426,1989301.0550969085,443.0,NORMAL
0.15937400451701456,3.0,2.0,189.0,98.0,118.0,102.0,4780.528335596461,3.7671324849619547,355637.69695024414,53.0,NORMAL
1.8949014290263273,2139.0,0.0,125190.0,0.0,54.0,0.0,499642.91097787535,7999.7492479824405,30.818634893211087,22.0,DoS
1.7038760006517668,1.0,2.0,142.0,271.0,82.0,109.0,1536.003540000065,11.516561433628466,195680.6057550419,53.0,NORMAL
26.82491199764774,29.0,5.0,3455.0,42249.0,759.0,345.0,1318.5926352620495,12.524486120849113,78326.51204590355,80.0,NORMAL
0.23781417270298294,1.0,0.0,47.0,0.0,56.0,0.0,1241.624804634395,95.81545263668495,9196.277025171334,18946.0,PortScan
11.25981970394975,21.0,6.0,7747.0,4748.0,1045.0,372.0,1116.005459285671,2.3202318964260567,1944693.3922104253,443.0,NORMAL
6.14578902339751,27.0,24.0,9531.0,48610.0,269.0,313.0,849.6550451722607,3.7378590223810115,367955.60029227036,80.0,NORMAL
1.6682146315841058,1.0,1.0,165.0,210.0,93.0,130.0,1542.8921573193647,11.86046260948524,330995.42061091214,53.0,NORMAL
4.580400061736035,4.0,7.0,267.0,150.0,131.0,90.0,197.90622541388998,6.2038138264017215,345173.87734379707,22.0,BruteForce
1.5084323372126316,1.0,1.0,57.0,202.0,92.0,101.0,3712.178920466619,1.3591138192969316,399795.0939007332,53.0,NORMAL
55.83318335852756,12.0,12.0,3775.0,13262.0,1190.0,727.0,1494.608083633,2.796280454867521,1337138.9154094164,443.0,NORMAL
11.165733777598671,22.0,22.0,3573.0,35338.0,139.0,1136.0,972.8414691760522,14.114047751666773,193952.1025426741,80.0,NORMAL
57.518113142349456,44.0,48.0,2137.0,18430.0,624.0,594.0,1855.514328667367,0.8215215229135271,415762.7472694724,443.0,NORMAL
8.829100266986103,18.0,6.0,693.0,41499.0,358.0,334.0,3541.9742136443215,11.034258235968188,111704.0994648333,80.0,NORMAL
0.36698680165334135,3.0,2.0,68.0,200.0,55.0,115.0,2102.6607918248237,13.283595136917446,302892.6383463769,53.0,NORMAL
58.018625766118035,23.0,32.0,11267.0,3637.0,1223.0,1376.0,373.9041147379022,6.111518390631394,947643.2178964542,443.0,NORMAL
0.5252279682494027,3982.0,0.0,63657.0,0.0,55.0,0.0,585116.3998124086,3605.624162659063,184.46982371274413,443.0,DoS
33.70688909817264,37.0,40.0,10971.0,12540.0,467.0,1162.0,376.7270124503457,1.2180583778517495,1077764.3033517469,443.0,NORMAL
0.5511621975978734,1.0,1.0,152.0,215.0,53.0,168.0,3743.919081662652,15.300151629594058,353022.28254395945,53.0,NORMAL
24.165605994210747,21.0,12.0,6279.0,21626.0,381.0,103.0,2599.972374982009,6.529932601257904,581252.6630393737,80.0,NORMAL
17.477289218810217,44.0,46.0,10160.0,7209.0,1235.0,209.0,977.763568766179,8.385694432952985,1339996.3085429252,443.0,NORMAL
1.783211066132567,3.0,1.0,89.0,298.0,112.0,85.0,1305.8425099970668,8.74624019843612,79930.09751677199,53.0,NORMAL
1.1245858168761977,6.0,6.0,211.0,221.0,145.0,65.0,389.2154112738293,5.34536035676743,467869.1134011314,3389.0,BruteForce
0.6887996001637287,3952.0,0.0,81113.0,0.0,57.0,0.0,142592.5512708838,1998.5452669621093,33.77736273864619,80.0,DoS
0.6439881697153382,3.0,3.0,34.0,77.0,97.0,72.0,1073.8163262724693,7.941738217287685,185292.92926628972,53.0,NORMAL
12.618616562752274,21.0,46.0,9933.0,11317.0,529.0,797.0,568.9423157926688,9.56526920152379,1876181.891116627,443.0,NORMAL
1.5017153162988843,1.0,3.0,147.0,51.0,109.0,61.0,3767.582133385974,2.657210262257823,341375.6250577133,53.0,NORMAL
3.425527115083153,5.0,5.0,485.0,128.0,89.0,114.0,129.66844612523857,3.7277511716565037,309353.9316102693,22.0,BruteForce
5.774237700023878,15.0,42.0,9991.0,5917.0,146.0,900.0,1982.4480955248214,4.290432708367348,1654930.657082958,443.0,NORMAL
23.1021442629618,30.0,35.0,12036.0,19047.0,641.0,754.0,1781.4878654505492,9.270774145417784,584121.5665064207,443.0,NORMAL
1.796323602172009,4192.0,0.0,60641.0,0.0,49.0,0.0,238840.6278073568,2602.2933449225575,321.50293768092337,22.0,DoS
0.8430438220899622,1.0,3.0,44.0,74.0,62.0,143.0,1459.517847601127,9.647778578744141,438592.66291010595,53.0,NORMAL
5.23289052131265,15.0,6.0,6942.0,28172.0,589.0,1148.0,1113.2138303668007,7.9773922664139665,255546.01944110816,80.0,NORMAL
12.855087630884332,10.0,42.0,1318.0,14772.0,511.0,1230.0,117.2789425745966,1.9236217455602964,555249.1635471368,443.0,NORMAL
1.143760051984843,3.0,2.0,93.0,55.0,97.0,167.0,472.6520351232829,18.35826854936064,189069.3321769353,53.0,NORMAL
0.33331656686233735,2.0,1.0,127.0,122.0,69.0,177.0,1899.7186783365971,4.676371001952492,329797.8993699173,53.0,NORMAL
0.16809690379480102,2.0,3.0,73.0,117.0,41.0,164.0,4601.4867786512295,13.983314551642412,447891.12643032556,53.0,NORMAL
16.973935715469672,20.0,15.0,11780.0,19565.0,626.0,1028.0,1077.5541132284748,7.938581129412521,520851.48391745595,443.0,NORMAL
1.1609161586118786,2.0,1.0,33.0,226.0,105.0,169.0,3602.772020360087,18.357615189614627,424269.48978326586,53.0,NORMAL
1.4668035731679885,1.0,2.0,119.0,292.0,50.0,152.0,4463.890824001938,8.800771960584482,321362.37269189506,53.0,NORMAL
0.7215521186122136,1.0,2.0,107.0,119.0,95.0,110.0,4396.935417537718,1.5475491276764064,14363.87461030357,53.0,NORMAL
52.49247653440155,40.0,9.0,4932.0,13318.0,1245.0,914.0,1031.3854229906938,2.9459206590532943,656661.4689584221,443.0,NORMAL
26.6043752051798,12.0,19.0,2792.0,36386.0,339.0,572.0,4129.177763075957,14.033788271122575,514092.14363058534,80.0,NORMAL
30.807199641021654,47.0,30.0,13442.0,18223.0,209.0,1063.0,528.1886081086152,1.7701754800418645,1292519.422736329,443.0,NORMAL
4.457755970671039,5.0,25.0,4492.0,10300.0,740.0,441.0,303.54274118454595,4.74890510308771,617780.6022410557,80.0,NORMAL
1.7661613235641016,2.0,3.0,137.0,183.0,78.0,95.0,282.44855144643043,13.132871949465759,23978.96937559154,53.0,NORMAL
20.185815999578075,45.0,36.0,1712.0,18088.0,1356.0,1192.0,1372.903443905852,9.284124769532934,144943.30888679423,443.0,NORMAL
1.5460076306910167,3.0,3.0,92.0,121.0,85.0,113.0,1688.065423776292,13.54357447344585,446965.4092538196,53.0,NORMAL
30.99327226806052,43.0,25.0,12019.0,18077.0,246.0,1278.0,202.4416992005632,7.207022890888316,1477609.2505173585,443.0,NORMAL
54.56602883299754,16.0,22.0,1883.0,8418.0,1235.0,728.0,623.9178951115691,2.4957120895057416,982499.1977233778,443.0,NORMAL
15.705680810810353,20.0,26.0,8237.0,34096.0,1043.0,631.0,2030.054802637419,3.4419350924644783,286968.21088614454,80.0,NORMAL
18.585080309727147,46.0,13.0,2536.0,5383.0,619.0,927.0,1774.2231681009312,8.926383699783898,338384.2392293145,443.0,NORMAL
0.8169548539724772,1791.0,0.0,51912.0,0.0,53.0,0.0,100565.37360337104,4114.2184368702765,342.8835975977736,22.0,DoS
20.562317244964433,32.0,33.0,8867.0,4249.0,900.0,1138.0,346.15210174494166,9.469433637711765,304520.6014835813,443.0,NORMAL
1.8719733593351553,787.0,0.0,111522.0,0.0,49.0,0.0,856585.2922670128,8374.70319515895,73.51969994907066,443.0,DoS
28.358205891458947,25.0,11.0,9127.0,18261.0,1248.0,1251.0,1144.9952224259798,6.9460335316509525,1504884.489856127,443.0,NORMAL
0.2028876163774556,3.0,2.0,192.0,282.0,84.0,152.0,2799.920756613223,18.534113313815936,343491.47386409395,53.0,NORMAL
17.446832472458627,10.0,30.0,1602.0,15819.0,905.0,485.0,622.0155616360436,6.690129761566885,296992.5517049555,443.0,NORMAL
0.9399853006038079,2.0,1.0,146.0,139.0,43.0,61.0,2735.414320372091,13.900884381346284,277193.1277781111,53.0,NORMAL
0.11144375930266517,1.0,3.0,102.0,264.0,97.0,108.0,2055.6372611062297,19.64599152140576,230681.9119838794,53.0,NORMAL
1.520651306496588,1.0,2.0,85.0,243.0,109.0,100.0,3052.8723818670037,10.014529186687009,248837.612252972,53.0,NORMAL
42.00393128146601,38.0,21.0,5087.0,1022.0,1265.0,163.0,844.0435737509554,7.165911711355281,1041374.2530274845,443.0,NORMAL
0.7286427255345049,15.0,27.0,4082.0,19986.0,1387.0,811.0,972.1860452274001,4.6888984258090005,676491.899860029,80.0,NORMAL
4.84215677393648,4.0,7.0,364.0,112.0,100.0,104.0,417.93188061200317,3.957555769287909,133832.83848971815,22.0,BruteForce
52.677101927506364,27.0,5.0,4535.0,5281.0,1181.0,142.0,787.3773154335947,4.4606161696230275,1611697.2171648848,443.0,NORMAL
28.06381363776107,16.0,6.0,1978.0,38060.0,134.0,1068.0,4018.8630289557773,14.828320969898272,376214.53406317474,80.0,NORMAL
21.85025462539222,26.0,11.0,5218.0,10780.0,847.0,1377.0,4427.61583572756,3.652503619785935,807898.7295397166,80.0,NORMAL
48.56587550779062,45.0,30.0,7312.0,16977.0,557.0,1248.0,1947.2206048373105,6.254832447912551,760838.3342132418,443.0,NORMAL
1.5368990684786175,4113.0,0.0,169753.0,0.0,41.0,0.0,266126.2003243707,5391.146625154931,29.517087252246657,22.0,DoS
1.8616783275341042,2.0,1.0,121.0,81.0,116.0,66.0,1338.281213582625,10.933043232235075,154986.12912461747,53.0,NORMAL
0.22410100475375003,3.0,1.0,132.0,118.0,99.0,117.0,2778.1736531568035,15.763266248174574,170795.7635434484,53.0,NORMAL
15.426450065496743,16.0,19.0,5728.0,35526.0,1129.0,160.0,4905.207545855819,12.684755221030937,935621.3255523936,80.0,NORMAL
1.636345033917621,1.0,3.0,81.0,182.0,71.0,127.0,2959.447616378017,11.032656631854968,45580.581370517975,53.0,NORMAL
0.8166505477041258,1.0,2.0,139.0,70.0,109.0,112.0,654.2515977428617,6.555586958853639,152072.02926332768,53.0,NORMAL
4.368124509269576,6.0,48.0,13150.0,10466.0,635.0,1157.0,340.5801312124687,4.331443935932659,1868914.838333334,443.0,NORMAL
7.532515006252625,15.0,40.0,7852.0,3407.0,1070.0,844.0,404.6823006474104,5.670323899344338,928911.6320809196,443.0,NORMAL
15.57174914524799,38.0,37.0,13771.0,14207.0,156.0,488.0,1559.3708199163664,7.017721660490614,549867.2966674165,443.0,NORMAL
12.599596311562125,29.0,14.0,4902.0,33743.0,568.0,512.0,2331.58059422069,14.796940063509956,930473.1913961137,80.0,NORMAL
56.82081226588433,32.0,43.0,7973.0,12530.0,678.0,553.0,286.5968891928409,8.743235003937333,1479716.197428404,443.0,NORMAL
32.504080880318064,25.0,8.0,4349.0,7820.0,1119.0,650.0,1079.4878402373156,4.099374909318576,307144.00536703697,443.0,NORMAL
27.53465070458186,17.0,20.0,4231.0,9031.0,1286.0,1169.0,989.5494024546574,6.509070803642177,645497.53670741,443.0,NORMAL
0.8760422123540379,1.0,2.0,44.0,57.0,90.0,82.0,3742.2871440392805,10.54418079362387,429448.6518079095,53.0,NORMAL
0.5759447205065477,1.0,3.0,177.0,279.0,82.0,122.0,3854.550930280162,9.361457894980683,299030.576380102,53.0,NORMAL
2.564167321955687,7.0,5.0,9663.0,9884.0,498.0,925.0,701.421689536422,1.1254585505608736,1994689.7735511723,443.0,NORMAL
20.772012401289373,39.0,6.0,5008.0,14721.0,1256.0,1199.0,1248.9486083860447,0.7402683854015146,1114617.7028836596,443.0,NORMAL
25.867041062484905,20.0,4.0,6029.0,37850.0,1206.0,1359.0,2713.4595330990564,8.796660416658492,83054.6844901118,80.0,NORMAL
1.8686896342473778,1.0,2.0,97.0,256.0,89.0,130.0,2936.2345841055403,19.083259800629413,23425.888050601672,53.0,NORMAL
1.3236994285410146,1353.0,0.0,150528.0,0.0,46.0,0.0,159400.65577799067,1474.6058518517389,424.75529115820007,80.0,DoS
23.343879221873962,11.0,26.0,1140.0,17173.0,114.0,1221.0,2616.48695882248,7.642775615366331,532151.9642689133,80.0,NORMAL
0.5528450766548547,1.0,3.0,95.0,60.0,116.0,143.0,565.561590157687,15.76370265685421,195357.53943727456,53.0,NORMAL
3.3632822623741427,5.0,7.0,430.0,226.0,66.0,72.0,485.3293418236896,3.543646352519013,367826.7303145323,22.0,BruteForce
6.851507875645739,42.0,15.0,6592.0,9981.0,1044.0,834.0,1023.9425874675584,9.561422732812105,411442.6855928113,443.0,NORMAL
16.236418909638545,8.0,40.0,13242.0,6089.0,1041.0,853.0,177.3296109822345,1.3136787421963967,1400717.9555408591,443.0,NORMAL
25.2502434406672,44.0,24.0,12880.0,2683.0,392.0,222.0,1595.4320551754702,7.705243650071969,1170849.3528529068,443.0,NORMAL
1.6077263004007711,3.0,1.0,62.0,207.0,107.0,125.0,1670.8341055849173,1.0666358844031953,144355.28705046282,53.0,NORMAL
30.651398511343103,43.0,46.0,10537.0,9722.0,1308.0,785.0,960.745625842292,4.262682612208556,1912533.943318021,443.0,NORMAL
31.939025890327223,27.0,46.0,9625.0,4343.0,198.0,418.0,1112.782246988308,1.5019234850894847,1484230.937457694,443.0,NORMAL
1.125471790222982,3.0,3.0,36.0,198.0,80.0,103.0,4854.812669672487,13.155021950189115,282157.6391768325,53.0,NORMAL
4.893796734343896,8.0,6.0,169.0,236.0,125.0,54.0,290.3289006238891,9.512861611033419,172303.90189802498,3389.0,BruteForce
49.522920046428425,26.0,5.0,6132.0,7500.0,359.0,737.0,1455.2352725262488,2.464275664620156,133088.31748832943,443.0,NORMAL
27.33875146769335,47.0,20.0,12364.0,13412.0,325.0,474.0,1641.106177251367,0.9460633727078142,603582.704551551,443.0,NORMAL
1.2070917627906008,3.0,3.0,128.0,121.0,105.0,178.0,3194.8761076549495,6.935953537212667,213709.72536043968,53.0,NORMAL
1.2949198027272513,2986.0,0.0,154517.0,0.0,54.0,0.0,390300.0103079564,3136.2561634516055,324.81451059689806,443.0,DoS
1.4890421330303778,2.0,2.0,70.0,80.0,102.0,68.0,3448.9117979318175,8.69800968360068,301620.6839890436,53.0,NORMAL
6.397723406467538,18.0,29.0,5656.0,14222.0,1149.0,1171.0,397.7382608123014,9.70315770320663,1900998.2631008825,443.0,NORMAL
7.305738462589886,24.0,46.0,5677.0,10821.0,823.0,1000.0,551.2057205106858,9.356779470795088,747599.5246483294,443.0,NORMAL
0.12482393428717825,2.0,3.0,169.0,226.0,45.0,70.0,3821.2529155166626,3.0240627079642883,17223.396596612893,53.0,NORMAL
4.844418512873752,9.0,13.0,3440.0,27920.0,954.0,469.0,1641.1383482608894,6.210542416986143,605691.0146118276,80.0,NORMAL
1.494008412931425,3423.0,0.0,164769.0,0.0,50.0,0.0,825835.8902203322,6493.862940721137,192.07780440958794,443.0,DoS
1.4157113927712703,3.0,2.0,174.0,202.0,105.0,178.0,2131.914301869217,18.172266807215138,211870.79101277963,53.0,NORMAL
0.29256588012078694,1303.0,0.0,56447.0,0.0,44.0,0.0,580585.679566168,7617.3329180223045,257.3775075023101,22.0,DoS
4.295798656569032,12.0,4.0,8367.0,2945.0,649.0,1266.0,4239.56338678186,3.3950415437923915,292310.41739728686,80.0,NORMAL
1.070724734676777,1.0,2.0,106.0,125.0,63.0,101.0,1080.9875316508449,15.143677592677127,50963.38094966374,53.0,NORMAL
2.818923427049076,24.0,11.0,6233.0,24582.0,1230.0,444.0,827.5851278801978,10.41740189986151,977540.8654223642,80.0,NORMAL
1.200284331208748,1.0,2.0,38.0,74.0,44.0,133.0,3647.718647538345,5.12428548562851,160136.89633150047,53.0,NORMAL
49.82361640427188,11.0,41.0,4046.0,10869.0,1289.0,665.0,1821.6614163777451,9.762409420052622,364982.8437381663,443.0,NORMAL
0.760235463737832,4770.0,0.0,112844.0,0.0,45.0,0.0,442813.46425300086,9029.88183312818,436.968871833019,443.0,DoS
1.4755701010255042,3.0,3.0,182.0,289.0,80.0,170.0,239.54090781534885,10.543664115792637,82004.46311021021,53.0,NORMAL
1.180475599312129,1877.0,0.0,91850.0,0.0,45.0,0.0,437708.39356238296,4929.8219143222095,283.2827297575335,443.0,DoS
1.4360884104429377,2812.0,0.0,160704.0,0.0,58.0,0.0,700353.5916895551,4045.7006526486502,282.0050619137423,22.0,DoS
1.0486243870310945,6.0,7.0,207.0,372.0,101.0,83.0,353.43953061857144,6.114368726532683,493509.5092613179,21.0,BruteForce
0.19534961299930442,1.0,1.0,143.0,149.0,85.0,177.0,496.3604267311269,7.529868432004635,34450.33235414677,53.0,NORMAL
11.355187432944744,29.0,4.0,1581.0,2552.0,500.0,726.0,3096.590977781735,11.174662451595417,562763.8832140637,80.0,NORMAL
1.051477407176303,1104.0,0.0,189226.0,0.0,58.0,0.0,275638.7188740014,4336.023314867608,366.67705549893805,80.0,DoS
0.2972579173499448,1.0,0.0,66.0,0.0,58.0,0.0,924.3651246492774,71.92932746984307,7986.814941465881,25887.0,PortScan
0.2928328034625944,1.0,3.0,112.0,169.0,47.0,109.0,4314.598394501049,5.308066659941689,279097.0691432401,53.0,NORMAL
1.8169431386537878,1.0,3.0,197.0,97.0,49.0,119.0,3308.179068112342,11.288944250304436,391407.5709887529,53.0,NORMAL
22.946366277273462,14.0,6.0,4591.0,35490.0,643.0,957.0,1796.5423774470055,7.765183810166711,385099.9480632492,80.0,NORMAL
3.8165467766431767,4.0,6.0,341.0,283.0,57.0,99.0,180.79713369194832,8.18971817563665,444461.6170214066,22.0,BruteForce
0.24866776310864053,1.0,0.0,49.0,0.0,77.0,0.0,403.3504474034234,41.979018105242275,7571.385157936525,21658.0,PortScan
10.780697869633268,13.0,40.0,8993.0,5554.0,1261.0,431.0,125.00926572060543,0.5415211254671162,1883020.4492842117,443.0,NORMAL
41.599947659105986,33.0,13.0,1036.0,18903.0,211.0,425.0,261.9067651133647,0.6480820553659573,573068.205839877,443.0,NORMAL
1.7327581349948211,1.0,2.0,55.0,281.0,119.0,142.0,3101.3606799478443,18.755004674686,301218.81502024597,53.0,NORMAL
1.4551891523408427,1.0,1.0,112.0,55.0,101.0,133.0,1094.098887518737,10.985634208303324,290273.07862393925,53.0,NORMAL
44.688091785257626,19.0,32.0,8963.0,16414.0,1241.0,627.0,758.9340587040173,7.084755664339211,1669555.932297044,443.0,NORMAL
5.108611943699587,4.0,4.0,5445.0,36359.0,569.0,112.0,1474.951302059451,14.882270243504665,818405.2099668265,80.0,NORMAL
0.4891012854874362,1.0,3.0,139.0,251.0,61.0,64.0,600.9779650079712,3.298025328817391,357962.83753290767,53.0,NORMAL
8.57526307779339,9.0,37.0,9720.0,3792.0,443.0,655.0,192.93246802912535,0.8639186089187842,562373.5878447364,443.0,NORMAL
6.961702849628155,18.0,18.0,11859.0,4221.0,1314.0,490.0,885.6820233193379,8.539204837186238,1416866.7416621887,443.0,NORMAL
4.361550235023584,25.0,23.0,8381.0,47531.0,348.0,735.0,4807.809688182501,7.182780865695532,684137.408315427,80.0,NORMAL
1.2253754368564034,47.0,22.0,1537.0,18408.0,1201.0,389.0,207.99421605165728,9.352077717426987,172581.51047944147,443.0,NORMAL
0.2583693925545239,1.0,0.0,77.0,0.0,64.0,0.0,2001.150290605938,98.92740135913428,4020.55599364347,23919.0,PortScan
27.883748414357065,34.0,38.0,6969.0,17211.0,106.0,1246.0,250.3823798044825,6.888126818642259,1889050.1401213896,443.0,NORMAL
0.17561850750560346,1.0,0.0,56.0,0.0,71.0,0.0,3423.49182780478,31.509526588340076,7787.854124238272,404.0,PortScan
14.594583064923643,28.0,45.0,8145.0,11467.0,854.0,278.0,1992.527214870114,1.3078083082684036,560515.2733335865,443.0,NORMAL
41.84431730655329,20.0,17.0,13213.0,15974.0,414.0,1047.0,1417.509023989233,3.176649494246536,1190551.9498897893,443.0,NORMAL
1.6150990767555509,1281.0,0.0,123542.0,0.0,59.0,0.0,372839.22064335993,5779.91153839747,93.05548763881127,22.0,DoS
57.406781473104054,48.0,24.0,1508.0,16410.0,1395.0,553.0,1900.8295348886895,4.202569744456262,1187596.2215344436,443.0,NORMAL
1.311404928164425,3.0,2.0,71.0,279.0,87.0,132.0,1171.2271852240167,9.589021108942438,157098.27324734017,53.0,NORMAL
59.57619350094515,7.0,38.0,11106.0,17962.0,1287.0,186.0,1414.0960321377179,7.350118519377429,314723.98815925897,443.0,NORMAL
5.266672040218378,30.0,21.0,8475.0,5507.0,549.0,1300.0,276.88239723173245,2.2148176385217733,1225076.6399788414,443.0,NORMAL
8.204484926591581,28.0,9.0,2359.0,17676.0,204.0,844.0,1191.936087447027,3.2757194944711614,1813180.2679312718,443.0,NORMAL
0.06085302645226516,1.0,3.0,148.0,212.0,69.0,67.0,285.2031242939413,17.27774786174942,468994.2635812716,53.0,NORMAL
47.3253817221878,23.0,38.0,13856.0,12580.0,1339.0,680.0,786.3231969451439,1.052453765903576,1212128.029591118,443.0,NORMAL
27.78609565057078,28.0,21.0,2058.0,8618.0,1045.0,225.0,148.47574284306233,3.281123339276561,1412437.6467464434,443.0,NORMAL
32.6814909507114,49.0,33.0,10984.0,16127.0,1025.0,115.0,710.2405920381816,5.333803760664452,1654380.300587172,443.0,NORMAL
0.4966735063532658,3.0,3.0,119.0,259.0,44.0,175.0,1853.1296437442202,2.3310575518854524,496024.66034921247,53.0,NORMAL
49.33214270618062,44.0,23.0,2245.0,10408.0,729.0,1269.0,1100.1858597502687,2.3649240990063762,337560.0696563828,443.0,NORMAL
1.1230845098280975,24.0,23.0,1052.0,17889.0,1014.0,1032.0,3949.9956743519897,2.64283596119801,278901.11467407685,80.0,NORMAL
11.789641802010063,5.0,9.0,2020.0,1851.0,987.0,1315.0,1574.2395137939432,13.164016490583526,242245.63291627372,80.0,NORMAL
25.363038180743096,13.0,25.0,5655.0,26937.0,183.0,114.0,3504.7397470075207,11.219201091495503,455121.10656504665,80.0,NORMAL
6.966237891244624,36.0,18.0,3690.0,15838.0,387.0,921.0,1543.4204958198325,7.738646969448248,1134814.2056739302,443.0,NORMAL
0.2332520818084066,1.0,0.0,69.0,0.0,58.0,0.0,2508.9594840273485,51.77090940604332,6315.998707556883,20093.0,PortScan
25.57376148232886,13.0,48.0,14301.0,5963.0,1204.0,793.0,840.2309720333934,6.798461015789558,1120045.9074602886,443.0,NORMAL
1.5769772212829847,2.0,3.0,136.0,114.0,95.0,83.0,1509.8844247893505,17.178064402246736,173393.1108533982,53.0,NORMAL
0.7779997784932091,2.0,1.0,93.0,129.0,49.0,120.0,3806.8473525242935,2.6111282835678056,448323.55201550294,53.0,NORMAL
1.9992007805780394,3.0,3.0,134.0,256.0,54.0,143.0,2808.169257876142,8.873843784984402,88703.90163680085,53.0,NORMAL
25.098739571171222,29.0,31.0,13703.0,12630.0,1399.0,330.0,1274.3721840134817,3.9151334715951385,179660.0733181687,443.0,NORMAL
0.7604789487139416,1.0,3.0,187.0,184.0,51.0,111.0,3597.1916043715937,11.64314432036058,221483.42848283172,53.0,NORMAL
5.78367258602621,29.0,8.0,2656.0,15401.0,836.0,766.0,4318.366780913315,14.14774613284122,933930.1512675883,80.0,NORMAL
0.6841101033224899,2.0,1.0,126.0,250.0,50.0,91.0,771.1101031543681,3.234582626475483,164395.49942360527,53.0,NORMAL
41.57560050340308,16.0,15.0,11360.0,17015.0,581.0,167.0,957.7718074009321,3.3816861327523777,1151150.055165283,443.0,NORMAL
0.28187493884208564,1.0,0.0,75.0,0.0,48.0,0.0,2029.9204547058441,82.73510898381275,9356.007497300474,13177.0,PortScan
53.143367212842115,49.0,20.0,9015.0,19446.0,1246.0,595.0,1251.7368809853585,8.422129552282932,719053.970300798,443.0,NORMAL
4.347122821862854,24.0,10.0,8181.0,47478.0,1276.0,802.0,2186.169147154387,11.155636161804876,103570.22165652868,80.0,NORMAL
1.2534340755832987,3.0,2.0,169.0,230.0,68.0,66.0,2706.9324790694664,11.90744430110174,258736.443758503,53.0,NORMAL
0.75030475788048,3.0,3.0,163.0,268.0,104.0,171.0,1390.9313567004726,10.059688422261866,485332.0671957687,53.0,NORMAL
9.417633993302704,8.0,17.0,3798.0,5258.0,321.0,616.0,731.7638174342685,6.460692809632503,789193.1314009221,80.0,NORMAL
14.914837760532967,23.0,22.0,8258.0,36817.0,1099.0,1393.0,1789.734616554807,5.789897908737023,599802.5394151645,80.0,NORMAL
21.00275767187334,47.0,47.0,9021.0,7336.0,295.0,438.0,1926.430560498034,5.742859450127072,1545272.3125183557,443.0,NORMAL
55.33147163137698,27.0,30.0,7839.0,2214.0,1284.0,684.0,1920.7426934745001,5.458334551635722,834311.5249761711,443.0,NORMAL
20.322343778496965,7.0,42.0,4094.0,4770.0,909.0,978.0,289.0488870875698,1.3550754342364169,1448200.4683687037,443.0,NORMAL
0.2936134175942602,1.0,0.0,56.0,0.0,79.0,0.0,3371.475990870504,52.69368417488525,8194.800563423327,22600.0,PortScan
1.3680746768380747,3.0,1.0,153.0,235.0,45.0,109.0,390.4309675120276,14.991495892403357,90756.23788604782,53.0,NORMAL
1.07966365827346,2.0,2.0,45.0,199.0,113.0,127.0,4045.5343454710774,13.144245616425927,284147.47250415146,53.0,NORMAL
3.590096615937302,15.0,34.0,1990.0,13997.0,1335.0,1266.0,829.0591640506208,9.337275164909009,1002314.3544788291,443.0,NORMAL
2.3371364100732084,18.0,17.0,4722.0,45370.0,843.0,262.0,4898.185851196335,13.095659101350211,927620.5083633257,80.0,NORMAL
4.8085683086777085,28.0,10.0,4715.0,24420.0,483.0,1396.0,4446.760514737112,1.7634356431407605,293742.2144204113,80.0,NORMAL
0.43426252071684757,1.0,0.0,53.0,0.0,60.0,0.0,3809.5311599358333,24.179635564209505,3922.303405845381,37079.0,PortScan
22.002388040424435,44.0,13.0,4757.0,17709.0,112.0,524.0,399.6686024581745,6.477401495771778,509874.63188465795,443.0,NORMAL
51.64215893114813,20.0,26.0,8971.0,6630.0,1190.0,1378.0,1047.1641863957925,8.670473857114063,286141.2717506279,443.0,NORMAL
4.844261043592119,6.0,4.0,473.0,131.0,121.0,80.0,365.86387532253787,9.967036234801519,133831.6112718326,22.0,BruteForce
18.112603229037177,14.0,25.0,2627.0,3034.0,1047.0,1076.0,329.0395780106868,7.095903208025899,64187.23805208485,80.0,NORMAL
39.045123637316514,36.0,34.0,6664.0,14246.0,481.0,1310.0,945.1256829696027,5.003599679467823,197878.92928467976,443.0,NORMAL
44.22175373540477,22.0,19.0,5412.0,13020.0,964.0,1242.0,1612.082052005839,2.5464016999903323,391141.40844576125,443.0,NORMAL
38.025926724959746,36.0,11.0,10083.0,14587.0,375.0,910.0,1091.5586482533042,3.908871765686644,1064825.481117176,443.0,NORMAL
10.441471251328448,27.0,30.0,8254.0,13770.0,1317.0,951.0,513.0919850849878,0.6578541539080254,1444671.1540412782,443.0,NORMAL
45.1700688134458,29.0,19.0,10049.0,14765.0,915.0,742.0,1817.7552462284855,1.3482160397203902,1755273.230714974,443.0,NORMAL
44.12118103701501,33.0,21.0,13866.0,18729.0,1097.0,819.0,1075.2578066730466,7.56876421899807,366297.20123404753,443.0,NORMAL
0.3706442954757025,2.0,3.0,30.0,224.0,46.0,67.0,903.3475488575999,16.047297916836403,215832.14344480482,53.0,NORMAL
33.18048029500742,17.0,41.0,12948.0,8061.0,1078.0,757.0,317.9983263957379,8.412227117833277,615820.2589563137,443.0,NORMAL
57.64800065992139,48.0,30.0,9040.0,8068.0,511.0,1387.0,1833.0582136540484,6.583858110736903,785490.8190239049,443.0,NORMAL
14.710675060306823,7.0,34.0,14365.0,6297.0,1335.0,525.0,1032.973092692433,2.546717877561997,1479252.63029241,443.0,NORMAL
0.14095198781017523,1.0,0.0,42.0,0.0,44.0,0.0,729.6053736676599,88.52192487904306,3501.509223651561,64754.0,PortScan
4.838043986131492,37.0,15.0,2751.0,9853.0,698.0,1021.0,583.2831237321254,1.1061450689303827,278911.23682037665,443.0,NORMAL
7.005165884603821,44.0,27.0,10695.0,17554.0,714.0,867.0,359.8345448654363,2.1365157363799883,560711.2996516732,443.0,NORMAL
0.22534228978040285,1.0,0.0,57.0,0.0,75.0,0.0,4180.130214694315,66.28654263748314,4037.641424347359,62164.0,PortScan
1.2664233729102674,1.0,2.0,72.0,263.0,61.0,128.0,1610.1531564287993,12.879995048268118,120297.45841705559,53.0,NORMAL
52.220393008272815,46.0,27.0,5931.0,16713.0,407.0,1379.0,1511.3517120969302,9.402953560094776,1159715.7668415022,443.0,NORMAL
1.5720293034842907,3.0,3.0,89.0,110.0,92.0,138.0,571.6968719754458,1.976593785843125,66605.68492980301,53.0,NORMAL
34.602846994459114,15.0,48.0,5919.0,11498.0,1096.0,723.0,946.0303219907648,9.641485818810041,877552.9543901779,443.0,NORMAL
5.91094464490705,13.0,24.0,8974.0,28321.0,795.0,1154.0,1091.7078206853203,11.3404670400325,585060.8483265341,80.0,NORMAL
1.7705566014173455,6.0,7.0,412.0,393.0,53.0,106.0,417.1065555826169,4.116452476595082,342254.4000203822,21.0,BruteForce
7.234216371442891,15.0,17.0,4483.0,1434.0,1353.0,1331.0,1139.5187058244076,7.216197709170229,910912.2785200032,443.0,NORMAL
0.17867968384688138,3.0,2.0,116.0,167.0,80.0,171.0,2261.4798965481655,8.0200730317043,378911.6905107275,53.0,NORMAL
9.678157256358588,10.0,5.0,6167.0,36699.0,507.0,127.0,949.0841467229776,5.841942526932807,452891.1590984259,80.0,NORMAL
1.7702175648597247,2.0,2.0,121.0,235.0,66.0,77.0,541.5892356467838,9.564792251928354,311376.39338651387,53.0,NORMAL
0.8397472636899007,1.0,3.0,92.0,136.0,74.0,137.0,3639.2938730423293,1.1058083518495636,70115.42363634422,53.0,NORMAL
12.693395682063366,5.0,7.0,7368.0,4192.0,165.0,124.0,3274.4476473360382,10.690075154207594,459001.78401643835,80.0,NORMAL
53.66098091090869,40.0,34.0,8838.0,3628.0,1088.0,634.0,1591.2936498613153,4.228226019680787,1718980.5342893864,443.0,NORMAL
30.869697510216962,31.0,38.0,5656.0,10082.0,117.0,737.0,1248.6690627480514,1.3337340075494164,1109919.9142125808,443.0,NORMAL
4.223430780057365,41.0,30.0,12489.0,16942.0,100.0,925.0,1398.510521794207,8.265598387531762,1443184.048551562,443.0,NORMAL
10.889533761010743,11.0,18.0,2750.0,17445.0,303.0,1028.0,1390.949938051536,4.799269288511395,1912164.4061444076,443.0,NORMAL
23.239721336069547,35.0,20.0,8032.0,12785.0,228.0,251.0,1183.4714374000591,8.093196172842674,1048978.0549285365,443.0,NORMAL
27.198581202929972,26.0,14.0,1100.0,18738.0,839.0,938.0,1576.7341880031497,1.6553150920934099,507993.65453003393,443.0,NORMAL
40.976297348694665,44.0,31.0,13751.0,17363.0,261.0,149.0,801.1279287572963,0.5094904265359553,1279050.051330274,443.0,NORMAL
57.28901060826462,24.0,43.0,4130.0,2361.0,962.0,164.0,1280.4739694269879,2.1399590675576254,1337716.6431724317,443.0,NORMAL
7.142406337089857,47.0,8.0,8750.0,2780.0,994.0,548.0,1266.615844173981,7.95624896394194,108758.87834901952,443.0,NORMAL
2.088222238025024,7.0,27.0,7234.0,19623.0,248.0,987.0,1344.4422654976997,7.58589890170715,956801.9375593135,80.0,NORMAL
1.511498232222363,2.0,1.0,41.0,184.0,78.0,179.0,607.8212758765566,19.704778094011036,480673.03971178,53.0,NORMAL
0.3091967505792682,2.0,1.0,70.0,233.0,90.0,67.0,1522.2548160462886,17.63971321183047,489436.00699805474,53.0,NORMAL
0.11863465133188117,3.0,1.0,97.0,221.0,44.0,87.0,1231.9333739621884,5.20426844875256,337054.8862367788,53.0,NORMAL
25.21341279239003,31.0,37.0,13043.0,16121.0,284.0,630.0,1458.8129956230316,2.688269478505088,1883852.3804276974,443.0,NORMAL
1.1912706777876876,3.0,1.0,66.0,226.0,65.0,138.0,1265.216382676473,10.114951973078046,426267.7776144341,53.0,NORMAL
40.119784316401926,27.0,11.0,5830.0,2401.0,211.0,901.0,1621.684863910441,9.422012709273632,1577876.9603663872,443.0,NORMAL
0.5622896236789489,1.0,2.0,87.0,159.0,90.0,138.0,4399.0274668986485,14.209492630654825,227976.5299234005,53.0,NORMAL
58.1037420558568,41.0,18.0,13888.0,10643.0,1156.0,357.0,1494.0984222800766,7.178771857110486,1211975.2907977717,443.0,NORMAL
0.7926145787413884,3.0,2.0,84.0,66.0,99.0,179.0,670.3303266438631,6.944701401770717,170656.86917543405,53.0,NORMAL
1.9126293746194434,1.0,1.0,195.0,228.0,71.0,78.0,907.4041010939433,15.00113653965016,447048.2770274459,53.0,NORMAL
54.99031403601555,23.0,47.0,4067.0,9498.0,330.0,1180.0,118.48882429549369,3.04185441927432,282863.835899386,443.0,NORMAL
2.3899923885079213,6.0,3.0,193.0,215.0,75.0,67.0,402.68500140423566,6.737304101768386,119667.66953440718,3389.0,BruteForce
4.970797261029716,6.0,7.0,439.0,156.0,53.0,73.0,275.1012103480345,8.635083531759639,308607.1575759484,22.0,BruteForce
0.382803174961091,1.0,0.0,50.0,0.0,66.0,0.0,2322.5374100901254,82.41138853980198,2363.3186212690143,42106.0,PortScan
32.448703167522254,29.0,35.0,1023.0,9131.0,1049.0,597.0,802.2481654661527,5.6732046102685345,987220.7672362806,443.0,NORMAL
16.469245597966314,10.0,20.0,7591.0,22284.0,1000.0,980.0,4670.312607910506,14.397982182179556,133984.45921177004,80.0,NORMAL
0.9105242012032105,2.0,2.0,104.0,191.0,68.0,164.0,3933.8704473075322,9.882822596833778,12675.86306559824,53.0,NORMAL
3.561339438434331,20.0,29.0,2249.0,13557.0,1058.0,1053.0,1344.211318539343,5.263183796046398,1751244.0486286345,443.0,NORMAL
0.5099504498107796,2.0,2.0,185.0,215.0,119.0,122.0,4730.2225943719095,1.7431372731602992,28093.430734604113,53.0,NORMAL
26.438828364170675,20.0,16.0,4676.0,30759.0,279.0,276.0,1786.1918034343485,13.087723115255113,286801.2175422297,80.0,NORMAL
38.90273741417262,29.0,29.0,14875.0,16255.0,996.0,1319.0,1463.3200406739913,1.104801665789572,1549077.6055554529,443.0,NORMAL
0.15859913109414445,2.0,1.0,140.0,279.0,43.0,88.0,4890.071963951984,7.565198396217919,43777.19997531043,53.0,NORMAL
29.96334766731034,26.0,8.0,5536.0,48982.0,423.0,803.0,4176.293683376774,10.880917899934119,424771.4365383904,80.0,NORMAL
1.6540159341071101,3.0,1.0,59.0,228.0,79.0,64.0,3211.3871819404103,12.891380472061503,127788.86342992703,53.0,NORMAL
50.21453122303987,11.0,17.0,13877.0,17469.0,1015.0,1221.0,143.82043529473128,6.172768109565559,1457250.8128035143,443.0,NORMAL
0.01581291859126228,2111.0,0.0,55626.0,0.0,53.0,0.0,731964.5333422008,2349.2782115173513,40.247317063084765,443.0,DoS
1.5964611655320273,2.0,1.0,111.0,153.0,49.0,72.0,2285.623084975301,19.46292624045319,309051.46804940596,53.0,NORMAL
0.9818552790401534,3.0,1.0,129.0,190.0,51.0,72.0,3057.6261213370926,7.054808695568096,433305.31175415503,53.0,NORMAL
26.36593356601874,13.0,6.0,9281.0,8959.0,338.0,1112.0,1937.4052661337892,4.92244005048442,1299846.7371058476,443.0,NORMAL
32.20729090760551,27.0,25.0,3415.0,19785.0,840.0,1060.0,1282.7183061551711,9.243168835886541,329819.74733359454,443.0,NORMAL
1.3108751485554042,2.0,1.0,106.0,136.0,92.0,90.0,4990.851845872257,13.547981583533625,284718.2392447972,53.0,NORMAL
43.12792602354453,36.0,17.0,7742.0,16708.0,344.0,704.0,1694.4283399695646,5.149729221696854,1981328.3302950205,443.0,NORMAL
1.6613793015962177,1.0,3.0,179.0,112.0,97.0,119.0,2807.525356442228,11.004415562849731,336981.6130494618,53.0,NORMAL
1.472129566772523,2.0,2.0,158.0,175.0,106.0,77.0,2256.065035987247,17.243441078130665,280905.9098437092,53.0,NORMAL
13.696910449017013,37.0,21.0,13012.0,13523.0,178.0,1270.0,836.78799914812,9.943531589297079,293265.0436752952,443.0,NORMAL
1.224913537323609,3.0,3.0,199.0,141.0,55.0,145.0,3454.1604837745945,17.532226891338162,195848.9299196726,53.0,NORMAL
53.63299664747383,36.0,48.0,9867.0,4217.0,349.0,1377.0,695.3228810874996,5.455562867611191,1149092.2571393694,443.0,NORMAL
58.435849181466416,43.0,38.0,10638.0,19040.0,1320.0,708.0,849.051698645672,6.029088168378173,1939339.2336411106,443.0,NORMAL
18.555358627810413,19.0,41.0,10029.0,6406.0,447.0,1283.0,1189.296114685892,8.194477586952576,574149.545208728,443.0,NORMAL
44.57725002980751,32.0,16.0,10293.0,16463.0,433.0,909.0,251.03432187010617,8.042091801260563,1935621.012736234,443.0,NORMAL
4.483983551602481,5.0,5.0,127.0,285.0,149.0,112.0,223.6727965837414,3.9968495494026364,201149.06561588787,22.0,BruteForce
21.493256249271717,25.0,37.0,7103.0,10364.0,616.0,802.0,1789.0092858122161,6.973735823138298,225412.03804216906,443.0,NORMAL
45.80449748265986,42.0,25.0,1588.0,3387.0,1256.0,813.0,1264.673137921008,2.3148370387207304,1604518.539234748,443.0,NORMAL
1.739013742582306,6.0,4.0,172.0,162.0,81.0,69.0,334.7510616681908,2.6233172266014932,391527.8392605161,3389.0,BruteForce
33.12485677969012,31.0,15.0,2437.0,3037.0,829.0,964.0,1291.9405098081077,3.3666967938771926,670472.8091406631,443.0,NORMAL
0.42906194922446245,3.0,1.0,118.0,61.0,66.0,165.0,868.5361440427797,11.63138290615071,22601.28217779274,53.0,NORMAL
25.756403683239604,7.0,42.0,12765.0,5597.0,477.0,645.0,1322.3161959839977,4.116348506137231,1397581.8156287577,443.0,NORMAL
47.56110307783296,17.0,12.0,8062.0,17350.0,362.0,1220.0,1716.388300713471,3.60819326118352,287016.7510797465,443.0,NORMAL
7.048441879921993,7.0,8.0,14703.0,16752.0,1379.0,210.0,891.3317835012328,5.818449627109103,1149882.5286137182,443.0,NORMAL
0.33204581449658055,2.0,1.0,153.0,92.0,40.0,62.0,3939.873474004496,16.959856451680093,375297.34451109613,53.0,NORMAL
48.761448408767805,10.0,27.0,11588.0,9877.0,901.0,1305.0,223.32272280787265,4.167645367791394,566187.9063742282,443.0,NORMAL
0.3871089308995002,3.0,1.0,163.0,141.0,78.0,83.0,2752.2283136780875,16.47255613537297,196515.76774012297,53.0,NORMAL
57.13435881134811,30.0,32.0,13677.0,11432.0,531.0,1343.0,1961.4692225622405,7.891857126563036,1760054.1013211885,443.0,NORMAL
1.448015541227195,3.0,3.0,148.0,217.0,62.0,134.0,3987.0603395507765,13.724094668172054,275235.39717186394,53.0,NORMAL
1.7059472846820232,3.0,3.0,182.0,162.0,45.0,77.0,1839.625056717196,10.650978388981919,449841.1552646371,53.0,NORMAL
1.623827510955379,2.0,1.0,175.0,254.0,72.0,80.0,3795.807627873137,13.38590677921962,168208.0395867527,53.0,NORMAL
0.10722298525536979,1.0,0.0,53.0,0.0,77.0,0.0,1443.6420790750212,66.25599141788291,7904.200765523778,38004.0,PortScan
12.719259671723252,7.0,23.0,8421.0,6880.0,840.0,968.0,1951.0988228252695,7.39762397272685,983172.1089095543,80.0,NORMAL
35.33631271294953,22.0,43.0,10650.0,18105.0,475.0,1385.0,1586.6348780478622,1.313624325803577,1060339.147763829,443.0,NORMAL
1.5019511624050643,3.0,2.0,189.0,250.0,60.0,148.0,2006.2053496868073,18.064488171305577,483004.5586022968,53.0,NORMAL
18.46222211951179,10.0,13.0,4434.0,33629.0,998.0,495.0,582.055681610434,8.99879730109996,358661.28319063026,80.0,NORMAL
0.2867785128038699,1.0,0.0,59.0,0.0,65.0,0.0,2644.5354572500205,16.581081407909416,6490.756397068541,26047.0,PortScan
55.69503814298209,14.0,46.0,7334.0,8769.0,153.0,1200.0,271.1403395990931,9.227395139490662,401794.38064186904,443.0,NORMAL
22.194768794586174,42.0,8.0,11767.0,4299.0,173.0,351.0,1119.0642930091562,5.40500189406662,1145777.942039123,443.0,NORMAL
1.6654629738916682,10.0,29.0,2543.0,1959.0,370.0,169.0,2835.2329985114275,7.5590326248108894,222805.0920902861,80.0,NORMAL
58.2924364647567,6.0,6.0,12084.0,18768.0,1205.0,1140.0,1630.1795733073739,4.5195020721251336,1670915.7055507374,443.0,NORMAL
0.5681503277684716,3.0,3.0,85.0,53.0,70.0,94.0,4433.7600911860445,5.441004801092057,53335.07449303094,53.0,NORMAL
25.93512262380294,30.0,43.0,10834.0,3551.0,521.0,470.0,980.1638764192352,7.087181512345465,1407184.8354077924,443.0,NORMAL
9.137415797493281,26.0,13.0,8025.0,34295.0,412.0,730.0,4529.303012394704,4.689209281501601,750167.3581116428,80.0,NORMAL
0.3503292711633976,4877.0,0.0,22435.0,0.0,56.0,0.0,790169.0742784882,8548.709545571575,386.898061191188,80.0,DoS
0.3016583856005858,2.0,2.0,116.0,205.0,91.0,71.0,2990.2786547418323,13.695813247941622,37376.662645262724,53.0,NORMAL
37.82478556309891,12.0,29.0,13122.0,4273.0,447.0,1256.0,1582.3924871822628,2.718362656636014,1018148.6968657887,443.0,NORMAL
3.2968678362143793,11.0,18.0,3685.0,4788.0,515.0,102.0,1128.4725008870114,2.6884928025357526,531771.3732495136,443.0,NORMAL
1.5734010409126313,4680.0,0.0,179373.0,0.0,48.0,0.0,356569.9010828791,7232.360106545717,398.2225770155272,22.0,DoS
18.976069206784405,31.0,35.0,3911.0,14644.0,951.0,494.0,1361.0207639335272,6.590954724171487,966528.6877548678,443.0,NORMAL
2.1323443325603444,14.0,26.0,2746.0,14536.0,1374.0,1265.0,988.774903473466,8.017205874791308,350617.48377852165,443.0,NORMAL
1.33632851439956,1.0,2.0,37.0,260.0,59.0,178.0,3859.998917320649,3.405709691638215,285762.8014681589,53.0,NORMAL
1.2361297965517593,2.0,3.0,191.0,281.0,70.0,97.0,2339.2745765543104,3.5263549124577724,65250.92408148969,53.0,NORMAL
27.537294280458028,46.0,29.0,4705.0,18974.0,860.0,1260.0,1883.08627897375,2.9037996635553296,268952.67188480136,443.0,NORMAL
27.571885239232923,37.0,31.0,2894.0,14123.0,831.0,454.0,1124.2691098929083,9.300931846545128,1763079.797837923,443.0,NORMAL
1.595629499991768,2682.0,0.0,86933.0,0.0,45.0,0.0,279496.14004944346,7230.828013275727,487.05200317087343,443.0,DoS
9.436509241117315,41.0,44.0,13299.0,1048.0,1165.0,1040.0,509.3612262157223,4.029641632271092,1121020.4570360444,443.0,NORMAL
11.272450784710976,12.0,27.0,13433.0,11375.0,355.0,1022.0,678.92304616395,5.960885255129061,528004.9795206046,443.0,NORMAL
1.4408430188862968,3.0,1.0,43.0,225.0,42.0,112.0,3925.8491991800756,14.88859802402278,341185.4911361005,53.0,NORMAL
1.0897163879155896,2.0,1.0,47.0,191.0,72.0,82.0,3534.478623250272,13.747301551644794,122901.66960332076,53.0,NORMAL
1.54340163361594,4988.0,0.0,138481.0,0.0,46.0,0.0,837740.3986113938,2152.800448861335,122.38138923114559,443.0,DoS
0.4775241861283416,3.0,3.0,156.0,137.0,111.0,97.0,4920.442753868091,11.0275899444061,114559.58723422317,53.0,NORMAL
12.519336280084625,9.0,38.0,10187.0,1949.0,417.0,573.0,667.7584461416933,6.11543859308393,931374.117779571,443.0,NORMAL
1.1721095580536511,1.0,2.0,81.0,248.0,43.0,158.0,978.279177778952,6.5816983057954745,126925.73526573335,53.0,NORMAL
6.695533741531008,29.0,43.0,12824.0,7320.0,908.0,1259.0,1221.4089476943534,3.5576876357041085,906543.1116016182,443.0,NORMAL
26.392798039499006,12.0,7.0,4931.0,36601.0,1029.0,1178.0,2313.382866992015,3.94167839986231,62296.57296220507,80.0,NORMAL
0.8188985836268745,2.0,2.0,183.0,67.0,115.0,62.0,1398.3352170965813,10.29530369931029,422453.1333511119,53.0,NORMAL
24.107459996431704,22.0,3.0,2599.0,723.0,595.0,797.0,1079.1603749064327,13.029905420167058,574334.9566091452,80.0,NORMAL
1.9214974507814733,3.0,2.0,141.0,283.0,85.0,127.0,4924.259810791799,15.312427916021482,224311.18930144006,53.0,NORMAL
0.37785841050639446,1.0,0.0,50.0,0.0,58.0,0.0,2638.070462981415,98.84428664674408,8239.263961323664,31406.0,PortScan
20.363372462949382,13.0,33.0,9562.0,1244.0,261.0,784.0,1003.5831458319418,8.534745138119144,218088.66155187815,443.0,NORMAL
1.369030447318406,4170.0,0.0,131838.0,0.0,53.0,0.0,394069.592380918,8713.13248468465,56.70111403145191,80.0,DoS
0.48108982987452553,2976.0,0.0,139960.0,0.0,41.0,0.0,736824.2617631723,4369.284797233171,56.27810816849077,443.0,DoS
2.407063936259796,6.0,5.0,443.0,111.0,80.0,105.0,114.28617800619617,4.594437016962707,119950.82638919225,22.0,BruteForce
0.4870469409360088,2048.0,0.0,158813.0,0.0,52.0,0.0,315136.4134113019,7464.3233395611405,491.7950021261995,80.0,DoS
39.76035421976123,37.0,17.0,1607.0,8556.0,577.0,146.0,1580.286085607023,4.340894251595238,698977.3617501697,443.0,NORMAL
24.312723549078694,7.0,48.0,8979.0,2076.0,788.0,1105.0,1479.744131800029,6.624099062760317,520315.44654716674,443.0,NORMAL
16.769875834092364,11.0,27.0,2377.0,7203.0,344.0,124.0,3962.766884413245,3.876531780384111,756544.2492277455,80.0,NORMAL
1.7318381403615726,44.0,41.0,11510.0,5642.0,1320.0,672.0,1875.2270156121945,4.120267321101904,1011367.6474341612,443.0,NORMAL
24.378279115256866,21.0,28.0,9494.0,7342.0,1354.0,979.0,1418.0795167786403,3.0435035783583646,1671386.4331713764,443.0,NORMAL
3.7730636375510764,12.0,27.0,2277.0,46733.0,1143.0,511.0,3221.5396548353015,7.959160744403226,488205.9946946252,80.0,NORMAL
4.230936690499849,32.0,13.0,14882.0,11524.0,1058.0,1154.0,1261.2964403495307,6.513701585611176,915012.8132418338,443.0,NORMAL
0.266204476084785,1.0,0.0,76.0,0.0,56.0,0.0,999.0611288132743,46.58952817208187,2398.167943912089,4237.0,PortScan
1.482234505432538,3.0,1.0,137.0,77.0,98.0,168.0,4591.615577586172,8.883784397274137,311645.4396448461,53.0,NORMAL
15.499236248174531,11.0,10.0,2057.0,19977.0,1092.0,1111.0,1915.9213938073813,2.952643108973912,974588.8342333797,80.0,NORMAL
2.054379353829623,3.0,4.0,4070.0,44759.0,1242.0,303.0,1835.5897820162347,10.998033094555254,243800.96713408717,80.0,NORMAL
8.974811060134542,16.0,49.0,12556.0,9701.0,150.0,316.0,1430.9632917898725,2.565158490634106,375706.7525380666,443.0,NORMAL
1.9449539699043228,3.0,3.0,120.0,283.0,97.0,178.0,2041.3269670115333,11.057676082310076,182665.85273990632,53.0,NORMAL
31.6086466828586,46.0,20.0,3162.0,16525.0,1271.0,159.0,1178.1345774024985,9.767159734145029,1546863.888385395,443.0,NORMAL
31.736520659050488,23.0,33.0,10327.0,16402.0,219.0,358.0,447.6956615439878,9.049681938063813,1977670.6915522276,443.0,NORMAL
9.37943060666816,18.0,11.0,8134.0,13547.0,658.0,174.0,3453.122805053331,3.324007289102739,533677.2357675806,80.0,NORMAL
0.34880721661707087,2.0,3.0,89.0,94.0,50.0,82.0,842.502700723779,13.593407788745532,479939.0440991397,53.0,NORMAL
1.5860714248986494,2050.0,0.0,65313.0,0.0,50.0,0.0,975472.5591651478,5354.443888039385,443.47464078195634,443.0,DoS
57.816528227680685,49.0,36.0,13654.0,11346.0,184.0,711.0,1888.321106681052,4.394315366835189,1065991.4475792819,443.0,NORMAL
1.8937252270814626,1.0,3.0,157.0,123.0,111.0,124.0,2058.501017548516,10.916326675259821,93884.30450477332,53.0,NORMAL
6.867042172801364,44.0,12.0,1577.0,3395.0,235.0,1298.0,1233.121682134495,8.26429548509222,518702.41207633377,443.0,NORMAL
30.78294029996716,25.0,13.0,13833.0,14980.0,931.0,666.0,851.638445514672,2.355227934652091,935829.8434332073,443.0,NORMAL
19.78271688210666,28.0,4.0,4250.0,6997.0,987.0,597.0,3351.299737247029,7.833777348585059,138710.49751332458,80.0,NORMAL
21.082839151015836,30.0,17.0,12419.0,19271.0,630.0,840.0,1523.2994266595208,7.223722905341336,1079715.9506377059,443.0,NORMAL
0.4705924895241958,3.0,1.0,42.0,186.0,97.0,128.0,1939.839612291643,4.269368637132159,114739.68366721422,53.0,NORMAL
1.7230343088729436,3.0,3.0,74.0,118.0,79.0,97.0,2294.028043645669,1.5031214830078228,297686.945065049,53.0,NORMAL
24.541159528337687,7.0,35.0,13889.0,4597.0,331.0,159.0,1994.609347130968,2.7163717318037683,1110813.8233869323,443.0,NORMAL
14.241993738362979,21.0,44.0,13482.0,14182.0,375.0,1348.0,365.3129585368333,1.3657556457210975,1084679.3916850989,443.0,NORMAL
0.8426553696969821,2.0,3.0,45.0,227.0,49.0,104.0,1938.5686378040136,19.82426392395054,154048.52896711396,53.0,NORMAL
5.189452207462073,21.0,21.0,14418.0,2600.0,452.0,935.0,1935.4229826424503,1.2732245511706033,1020621.7254067076,443.0,NORMAL
1.9242114498084626,1.0,3.0,34.0,235.0,54.0,71.0,628.9538901384342,15.525220146358162,188775.27191110235,53.0,NORMAL
25.126350371487998,12.0,27.0,8721.0,1400.0,980.0,189.0,512.953955394983,6.499322635882723,320350.6008440763,80.0,NORMAL
0.5228041444195737,1.0,2.0,122.0,253.0,80.0,151.0,1634.2203728133245,3.670236801521034,354701.6583438622,53.0,NORMAL
21.640006058140766,4.0,12.0,7244.0,20921.0,410.0,1082.0,3694.6156631568847,1.5021798253608885,276877.8694021362,80.0,NORMAL
1.031683467773589,2.0,1.0,149.0,167.0,88.0,165.0,1093.4694194984786,12.092573690988777,22620.63195288321,53.0,NORMAL
1.6856118545779375,23.0,43.0,12729.0,4980.0,1126.0,221.0,1575.5371161737073,9.721190513954005,761299.3452827749,443.0,NORMAL
48.16553685916978,29.0,37.0,11559.0,4404.0,662.0,155.0,1628.0441991612306,3.214804552089068,462270.3039402291,443.0,NORMAL
59.965409820469326,24.0,42.0,13306.0,5537.0,1250.0,704.0,1567.5746720341592,6.224854630879563,1288245.559455678,443.0,NORMAL
25.433655399206696,29.0,11.0,10244.0,6118.0,1236.0,315.0,221.07432070856473,2.8121411529757845,1297399.4985586412,443.0,NORMAL
7.097574252295968,4.0,13.0,5885.0,25690.0,1200.0,393.0,1060.182847238561,14.282342847585983,397690.7836051525,80.0,NORMAL
0.06302412941609609,1.0,3.0,82.0,188.0,70.0,147.0,1200.5288669396186,11.794614016662868,474121.3681235148,53.0,NORMAL
10.613131197804352,21.0,19.0,1864.0,5905.0,847.0,1323.0,1134.9073775245556,8.438091784482786,403750.4449505238,443.0,NORMAL
25.668930126383035,7.0,6.0,4226.0,14399.0,1241.0,443.0,627.0514055862038,3.5454077231728864,523204.2822335475,80.0,NORMAL
7.979630899553122,7.0,23.0,1994.0,12631.0,1129.0,1080.0,3325.5131250341133,7.781268389189355,139519.28824066807,80.0,NORMAL
0.006963922727988469,1.0,0.0,40.0,0.0,40.0,0.0,2780.1603161548132,82.37416714334485,5597.944656850183,25788.0,PortScan
27.47292373472931,6.0,22.0,4378.0,1405.0,356.0,323.0,317.8943605194733,6.379991713318764,164973.32258458267,443.0,NORMAL
0.8909289703428417,3.0,2.0,39.0,132.0,62.0,153.0,487.5663722620574,3.8081441661299538,146138.9274787585,53.0,NORMAL
0.5941412940867965,2.0,3.0,55.0,140.0,89.0,79.0,4658.8072516606735,18.677797649961015,33213.616514886184,53.0,NORMAL
1.6769452024943503,3.0,2.0,113.0,269.0,54.0,136.0,3058.83672542843,6.573177363925198,295920.558949207,53.0,NORMAL
59.054681229629864,24.0,26.0,2461.0,12937.0,194.0,1394.0,268.06590730251935,8.042693397414542,1836441.4999024628,443.0,NORMAL
0.26417486860002753,1.0,3.0,183.0,298.0,101.0,138.0,3711.3154417181067,11.756165097715925,342838.0481006303,53.0,NORMAL
1.5564967656008823,1.0,1.0,80.0,215.0,58.0,137.0,2875.3323709821943,5.254260382586792,329660.45367373107,53.0,NORMAL
0.05695348058777154,2.0,2.0,151.0,74.0,94.0,87.0,3076.944518739253,1.9255165178732918,262259.07041966857,53.0,NORMAL
0.3830511805496624,1.0,0.0,60.0,0.0,51.0,0.0,709.2403269174984,16.3655922062331,8460.576016194987,16982.0,PortScan
0.2791291633928664,1.0,1.0,149.0,165.0,71.0,63.0,1196.2601757191617,2.299120675466712,197528.10965937088,53.0,NORMAL
0.3282922360194475,1.0,0.0,51.0,0.0,68.0,0.0,4165.993977789407,53.96027323111225,3288.7928158042077,42055.0,PortScan
56.43043755228716,21.0,35.0,10581.0,9272.0,1124.0,1382.0,1377.3158645049657,5.322769966286694,561404.1757008506,443.0,NORMAL
0.25412828311315944,2.0,3.0,195.0,129.0,103.0,63.0,2116.2706651402978,16.71157473276633,257970.99222389804,53.0,NORMAL
1.7010953746007762,2.0,1.0,82.0,62.0,74.0,155.0,223.91430555396613,14.426984747414775,441424.22471122775,53.0,NORMAL
0.7934594439847232,1.0,2.0,88.0,59.0,79.0,105.0,1822.5461325826614,17.058848170305136,148572.02330547513,53.0,NORMAL
1.8050184059841912,2.0,3.0,77.0,130.0,42.0,140.0,4603.069638640684,1.4909816423684414,150551.43390618314,53.0,NORMAL
43.96476456809972,46.0,9.0,12690.0,3809.0,1240.0,822.0,284.40284886841755,4.333131015164797,906431.4476016976,443.0,NORMAL
1.966809979298099,2.0,1.0,123.0,241.0,100.0,155.0,3697.979750162797,5.4898931649020435,178165.09305897247,53.0,NORMAL
24.854807318153235,36.0,14.0,14111.0,7337.0,1017.0,130.0,1165.4194479601533,2.74998035025939,851939.6370724015,443.0,NORMAL
43.3382681738324,17.0,48.0,12680.0,14057.0,726.0,365.0,798.6100928190709,9.258312870988512,1088605.3556632926,443.0,NORMAL
26.699415573963048,26.0,27.0,8960.0,11885.0,762.0,1284.0,1253.1962843925871,1.8185094873342127,459426.5408432477,443.0,NORMAL
0.8484311747910145,2.0,2.0,52.0,80.0,90.0,176.0,2355.818847023605,4.855582458509186,28584.438180779885,53.0,NORMAL
0.475976698662153,1.0,3.0,199.0,81.0,118.0,135.0,2744.7300637755757,5.121640699453791,104572.30523958722,53.0,NORMAL
47.16074355943813,14.0,26.0,13175.0,15837.0,1310.0,481.0,1919.23200894032,5.613633775675886,731986.6130929955,443.0,NORMAL
1.736484261280129,2.0,2.0,172.0,268.0,119.0,135.0,1391.34215909559,12.261447122707313,158478.0638374274,53.0,NORMAL
1.2454001296848993,3.0,3.0,141.0,198.0,42.0,60.0,1042.599134066717,17.925054720997444,313249.02084555366,53.0,NORMAL
2.3487104065661413,9.0,4.0,273.0,136.0,86.0,57.0,353.66555295228255,2.4069731957746274,336051.3093592412,21.0,BruteForce
22.027710247982213,10.0,14.0,9779.0,22250.0,1274.0,1135.0,4396.664552486795,8.779313910603992,85574.34315517498,80.0,NORMAL
59.11438971231163,44.0,42.0,10184.0,8410.0,653.0,630.0,1969.2941162274717,7.495960661876266,1114513.9877560562,443.0,NORMAL
3.6283312859590313,7.0,4.0,114.0,325.0,149.0,82.0,485.7285744584686,2.924031056377858,381537.0228219774,21.0,BruteForce
1.2078306556878737,2.0,2.0,145.0,66.0,49.0,66.0,340.8856329101406,19.198682313631036,53631.73631398329,53.0,NORMAL
3.101348354798322,7.0,4.0,157.0,191.0,137.0,111.0,141.51829431529438,7.306337121748416,273642.1409935856,22.0,BruteForce
1.385738793755465,2.0,2.0,68.0,65.0,115.0,148.0,3283.7108147179038,16.11619126162139,132308.38642110734,53.0,NORMAL
26.293419238199583,14.0,36.0,11679.0,19242.0,790.0,727.0,332.4931746554461,5.458200771482026,316949.15917712264,443.0,NORMAL
5.293017375487418,41.0,10.0,10433.0,17454.0,600.0,659.0,1799.6602054670275,9.305935919641033,860769.0006990703,443.0,NORMAL
1.9735946886915767,3648.0,0.0,171698.0,0.0,44.0,0.0,367347.86247422267,3476.2436672919994,134.6605374198437,443.0,DoS
0.362433418117629,1.0,0.0,51.0,0.0,44.0,0.0,104.15038507096132,6.93419264293718,8151.103339811349,9331.0,PortScan
12.51919557443303,11.0,6.0,8851.0,4854.0,1048.0,762.0,387.15459971289835,2.0128027430939808,589139.7907326211,443.0,NORMAL
0.9648421610008058,1.0,2.0,95.0,152.0,97.0,131.0,1310.9482922338702,17.15656756787046,159423.0654013682,53.0,NORMAL
26.263777280611272,44.0,38.0,2291.0,2180.0,1243.0,322.0,1351.6775891266386,3.5620574065675923,1791267.21828308,443.0,NORMAL
0.1648222255109766,3.0,2.0,199.0,219.0,41.0,111.0,1590.5061904282381,16.54094737637237,205700.95535448642,53.0,NORMAL
3.9487626909210456,27.0,19.0,6740.0,11568.0,902.0,1369.0,981.4984292718249,9.756285337284222,1530819.7879460603,443.0,NORMAL
4.285836754145106,4.0,4.0,248.0,322.0,130.0,66.0,468.8471830839408,8.561878133005049,351172.1292099945,21.0,BruteForce
41.85373292813781,24.0,12.0,5727.0,6922.0,574.0,887.0,1585.7891424710147,8.93110927371969,760492.8227340892,443.0,NORMAL
0.7258843303100211,3.0,1.0,145.0,277.0,47.0,168.0,1110.8800187308461,11.874634466327015,384593.14632675186,53.0,NORMAL
13.68148233685465,44.0,12.0,4883.0,5747.0,888.0,373.0,102.17730619368695,5.607491427733677,1004497.2684679207,443.0,NORMAL
58.123412246968584,21.0,9.0,3316.0,17053.0,1087.0,1372.0,306.87507045921495,6.163866243863677,960954.3125683229,443.0,NORMAL
42.13535353266857,48.0,43.0,1375.0,10364.0,1049.0,206.0,1306.5970333847295,8.33115720848486,1430121.9277370812,443.0,NORMAL
5.7306208308323034,41.0,13.0,9411.0,7866.0,190.0,751.0,1899.3596541545123,4.929432515313203,1405128.959498105,443.0,NORMAL
1.8561781101991115,2170.0,0.0,21167.0,0.0,47.0,0.0,222804.77859589242,3585.228672581363,180.36802899380245,80.0,DoS
0.4616120624436612,1.0,0.0,62.0,0.0,47.0,0.0,2290.82536087432,56.15729433337328,4492.43515488702,4431.0,PortScan
1.6240487895339903,3.0,3.0,96.0,211.0,53.0,106.0,757.2226338229462,19.949109406735538,91159.44520502053,53.0,NORMAL
10.126855011372081,27.0,7.0,5551.0,11582.0,726.0,385.0,3276.609917385809,1.6678126575609824,644075.955949967,80.0,NORMAL
3.8404273227228534,21.0,34.0,7718.0,9284.0,294.0,508.0,1524.2801955709217,6.271077265765605,777308.5137808818,443.0,NORMAL
0.3040196710440874,3.0,3.0,50.0,226.0,62.0,95.0,967.3424672283331,13.341554899403093,86703.1037841072,53.0,NORMAL
28.34614858423377,36.0,12.0,8876.0,10522.0,735.0,338.0,118.91188885539223,9.908557968188514,975690.9422926616,443.0,NORMAL
5.926542285221457,35.0,26.0,5503.0,18333.0,407.0,1345.0,1039.1970712951133,5.7507047785473375,659991.3239757136,443.0,NORMAL
44.02123576541743,20.0,14.0,2417.0,10597.0,1003.0,186.0,185.70711194213857,7.859860570488485,1358114.1739199446,443.0,NORMAL
0.14972968649284515,2.0,3.0,46.0,66.0,67.0,146.0,1650.2207662174012,18.62985481399963,233843.11146014844,53.0,NORMAL
1.934561491745393,1.0,1.0,77.0,66.0,108.0,80.0,924.6452439315711,7.056373935418629,104700.18839772869,53.0,NORMAL
45.61660322306043,38.0,29.0,9401.0,11908.0,346.0,991.0,622.6458917620537,7.909653486850861,401129.7140463293,443.0,NORMAL
1.552916420120067,4261.0,0.0,138835.0,0.0,53.0,0.0,799939.3211982432,8465.020091700337,98.50798237437586,443.0,DoS
29.942075510382683,26.0,27.0,2543.0,37095.0,136.0,1088.0,3850.0282250761197,6.592531441969846,455766.4020652169,80.0,NORMAL
1.8675455785881163,2.0,3.0,171.0,229.0,64.0,108.0,3345.338818883128,1.0476667220036378,225548.31470266046,53.0,NORMAL
36.49509738863354,25.0,29.0,6712.0,18263.0,720.0,224.0,704.1544939485808,9.26085096702652,750335.5017607893,443.0,NORMAL
0.8111790416608728,1307.0,0.0,52716.0,0.0,59.0,0.0,790172.4836983582,7315.87502543493,319.30244777477355,80.0,DoS
48.04813527480876,48.0,25.0,10211.0,14805.0,990.0,907.0,1795.238633902856,1.3346337511018882,1213176.265480225,443.0,NORMAL
0.04600482199151693,1.0,0.0,72.0,0.0,76.0,0.0,256.1030323711744,24.499685623012105,458.4503531998605,38006.0,PortScan
13.022221088533657,47.0,13.0,14664.0,13770.0,834.0,555.0,810.8009009013605,2.504719225218983,1746048.7281157419,443.0,NORMAL
49.22056842778713,31.0,24.0,8238.0,5231.0,724.0,455.0,760.4018182792504,0.5966625245980414,998891.6368311725,443.0,NORMAL
25.254640553441686,26.0,23.0,11271.0,15504.0,992.0,1145.0,608.5315084970134,2.3375811209595874,428188.9778007147,443.0,NORMAL
33.75684788436828,5.0,23.0,2298.0,10945.0,632.0,127.0,1688.1175102419131,4.428167269189961,619198.6636556063,443.0,NORMAL
1.0008977413891453,2.0,3.0,36.0,97.0,57.0,110.0,3320.529008688608,16.184418711818545,378251.6164903087,53.0,NORMAL
9.214318025634931,6.0,6.0,1799.0,41697.0,1334.0,155.0,1348.6049348374422,12.4637238299335,82655.05778532074,80.0,NORMAL
24.07381066245388,24.0,27.0,5857.0,19419.0,1121.0,967.0,751.4897262325064,1.5388623668722436,1588367.6602360643,443.0,NORMAL
0.449041577537406,3.0,1.0,33.0,110.0,90.0,143.0,454.3262279849873,13.234388962921127,67960.45788902129,53.0,NORMAL
34.83283539927388,15.0,31.0,2184.0,19996.0,1037.0,236.0,1609.8580931585275,9.724425410976234,856789.1083254282,443.0,NORMAL
0.035425310549696595,1.0,0.0,56.0,0.0,67.0,0.0,2697.9375396038836,78.94286606106165,4514.300821812001,46241.0,PortScan
33.69650214843181,28.0,7.0,12640.0,8041.0,965.0,773.0,1079.8985983873029,3.011278618403614,456834.7773593812,443.0,NORMAL
9.999803531941419,10.0,22.0,14359.0,1663.0,945.0,1371.0,1170.202968989179,2.8917085884931595,446754.2237010922,443.0,NORMAL
0.07203443381228442,2.0,3.0,72.0,179.0,100.0,98.0,2267.9191965895934,2.214365539308062,64780.898392024545,53.0,NORMAL
0.30792425159834397,1.0,0.0,78.0,0.0,53.0,0.0,3808.3326752387316,85.51262688259344,7177.431354418785,57647.0,PortScan
23.901776661492736,44.0,32.0,14357.0,15393.0,194.0,491.0,1307.4177295383276,6.428555206384813,1535973.9043514305,443.0,NORMAL
1.6172157947131784,3.0,2.0,169.0,280.0,104.0,60.0,1932.5757936544658,4.2552965308682,246775.1157177228,53.0,NORMAL
0.1981763407822613,1.0,2.0,38.0,294.0,63.0,131.0,4656.103703506249,4.682468174712037,14680.860542314846,53.0,NORMAL
56.23313167548608,49.0,9.0,5019.0,7299.0,964.0,534.0,1630.0141346937767,1.9796227180899713,1992546.140013536,443.0,NORMAL
0.6257081898517904,2.0,2.0,55.0,285.0,55.0,161.0,1532.70854607396,11.831973009213298,352079.6720496573,53.0,NORMAL
1.2122286486715845,8.0,7.0,323.0,266.0,122.0,104.0,443.3214593959602,5.244205009352692,117327.94837436861,22.0,BruteForce
1.1691253844326717,3.0,3.0,158.0,185.0,87.0,158.0,4580.094613280042,15.229644727737357,283046.77575299994,53.0,NORMAL
36.00007263633567,31.0,14.0,1092.0,5511.0,1172.0,308.0,384.94501298064466,2.1549143324265874,226247.09389599343,443.0,NORMAL
41.06703682952489,17.0,24.0,6052.0,7208.0,138.0,206.0,1912.8623508292376,8.572273923513745,1817086.9548059115,443.0,NORMAL
29.085069632757225,28.0,33.0,7398.0,1796.0,458.0,977.0,361.792489282684,4.476734365147698,188426.07517345058,443.0,NORMAL
1.8720938412738093,2.0,3.0,91.0,141.0,69.0,173.0,1313.9969211701152,19.53495306035599,408949.4967773908,53.0,NORMAL
0.04676236430084752,1.0,0.0,75.0,0.0,44.0,0.0,3810.887659330529,4.341498484391839,2248.856670317363,10705.0,PortScan
1.1741207044742425,784.0,0.0,171988.0,0.0,53.0,0.0,794363.2011279338,6274.669324037867,176.45684575800558,22.0,DoS
25.56948542803627,29.0,9.0,4495.0,4465.0,825.0,1253.0,3736.87122992279,2.2722314623467708,731593.1565702726,80.0,NORMAL
0.6648319570794541,1.0,3.0,122.0,201.0,80.0,173.0,1639.0444431913315,9.813902155304401,497785.49298166187,53.0,NORMAL
27.90812906880512,45.0,9.0,2832.0,15866.0,185.0,1214.0,1702.616736347143,1.3374691203968418,732773.0044574792,443.0,NORMAL
0.32792795788752027,1.0,0.0,79.0,0.0,49.0,0.0,4985.933305675765,70.2027181886727,3515.4605411749435,4347.0,PortScan
59.478948942081615,5.0,49.0,2995.0,2942.0,1124.0,276.0,1953.9997390538178,5.705187214928167,1602191.9448278467,443.0,NORMAL
1.2103417267841037,1380.0,0.0,194029.0,0.0,58.0,0.0,942701.2133574015,6429.710688645775,441.67524547528666,22.0,DoS
57.84645521236771,20.0,13.0,6600.0,14065.0,620.0,202.0,103.95321443494294,9.699032459204966,631488.4189344685,443.0,NORMAL
25.314645819752965,26.0,25.0,1047.0,46774.0,104.0,1188.0,3313.050271428452,11.103254124956358,932267.9486387626,80.0,NORMAL
16.74444186801184,21.0,25.0,6905.0,26473.0,378.0,1021.0,3487.0447941800885,8.379245086718779,309124.0160871912,80.0,NORMAL
55.85216148821181,29.0,20.0,14391.0,2999.0,1061.0,764.0,1729.2609059187866,5.456955283791418,1422821.6385092472,443.0,NORMAL
45.50163342747434,24.0,18.0,8919.0,10304.0,479.0,707.0,1092.2621779770798,3.737023879254622,1980410.4607637932,443.0,NORMAL
52.57912895642537,40.0,14.0,1319.0,9526.0,278.0,765.0,568.1056573931655,8.549017347097157,1461676.5497375815,443.0,NORMAL
1.6592954935473896,2.0,3.0,159.0,61.0,98.0,90.0,1355.7012562086425,5.006802718060107,128657.41985595405,53.0,NORMAL
1.0501459184208597,2.0,1.0,153.0,255.0,49.0,120.0,4826.698738662485,8.551396617886262,222273.0968401583,53.0,NORMAL
0.0038370456756380016,1.0,0.0,68.0,0.0,45.0,0.0,679.9011941207292,79.85912109670325,9585.715591943701,30439.0,PortScan
0.7740634169203866,2.0,2.0,185.0,71.0,95.0,173.0,1285.77265360731,15.969892344737794,448624.5414030824,53.0,NORMAL
6.221057621063251,32.0,40.0,10776.0,5694.0,575.0,199.0,687.7208710119426,7.987368132695154,1059265.922727639,443.0,NORMAL
49.07468171104422,43.0,13.0,7305.0,7583.0,869.0,377.0,1920.7671178354713,2.3350695056568243,1977968.9150962979,443.0,NORMAL
37.02658250405632,23.0,29.0,11532.0,9097.0,1283.0,1056.0,1081.001467156223,7.961727793096274,524265.3432939269,443.0,NORMAL
5.663383251354787,14.0,18.0,2390.0,26042.0,1285.0,1066.0,631.950233215168,12.064630628421346,946894.8864673624,80.0,NORMAL
17.17869693857153,14.0,9.0,8630.0,19870.0,387.0,615.0,1151.6308679508245,5.642624163063136,837136.0334292661,443.0,NORMAL
17.64903740689881,30.0,43.0,1634.0,4512.0,608.0,1253.0,837.9748843567086,5.260168046719132,1262486.6037384437,443.0,NORMAL
48.099415559039734,27.0,28.0,2046.0,16996.0,1043.0,1178.0,1099.1966403000997,1.2446900562174557,1451111.1546960918,443.0,NORMAL
0.039211677784793196,1.0,1.0,113.0,209.0,59.0,72.0,3904.8180652237497,11.496563787062534,98411.20690012795,53.0,NORMAL
1.8731386170704885,2864.0,0.0,106752.0,0.0,58.0,0.0,474647.3175029911,1428.4240143546326,61.621617071957026,443.0,DoS
45.13631758634239,43.0,48.0,12700.0,13019.0,1149.0,571.0,485.26149780079436,8.72801233239315,1947446.7155317976,443.0,NORMAL
22.21834689119378,28.0,21.0,2166.0,25261.0,1095.0,1190.0,2933.2884313434274,4.0034232042153,168272.9150490648,80.0,NORMAL
11.082367656013883,21.0,32.0,5102.0,7339.0,400.0,295.0,277.18425259220453,9.73573819777689,923927.2569908568,443.0,NORMAL
1.9037476363162547,22.0,28.0,1562.0,19529.0,795.0,281.0,2451.639219820677,3.1316272476388476,881056.478776462,80.0,NORMAL
0.3304146110845581,1.0,0.0,69.0,0.0,72.0,0.0,2286.523724331159,68.58537495199833,4858.297061074542,4916.0,PortScan
28.35811489460561,15.0,21.0,6553.0,18178.0,230.0,1000.0,2717.1533469589695,7.93156806397201,769129.3256092545,80.0,NORMAL
0.8489367123675647,1.0,2.0,77.0,214.0,52.0,69.0,1092.1759125985357,13.495821677444265,304762.81359785795,53.0,NORMAL
30.213645093824486,21.0,16.0,1756.0,13582.0,1049.0,853.0,1002.5318382874958,2.402051972302767,1767183.4043763783,443.0,NORMAL
15.271704352660462,36.0,24.0,6606.0,15466.0,103.0,1384.0,1234.4178397914861,1.7245980118755555,1243395.61237352,443.0,NORMAL
26.87772539326843,16.0,26.0,7708.0,17197.0,781.0,1111.0,4883.085342175922,2.928811962661038,895446.1263161877,80.0,NORMAL
1.24060701400666,1.0,3.0,64.0,183.0,87.0,141.0,4828.321191516828,1.3937031243102065,406815.2301544181,53.0,NORMAL
39.43380291275999,25.0,30.0,14030.0,18510.0,642.0,401.0,1517.618228686149,3.691033566111568,1517564.0133610922,443.0,NORMAL
21.052622862315904,25.0,10.0,13489.0,14117.0,393.0,432.0,716.6721400854051,4.45378277887011,1987897.2696582081,443.0,NORMAL
1.9773343823500562,3.0,3.0,91.0,234.0,56.0,153.0,3040.832450178592,2.422529266082833,469542.1153385402,53.0,NORMAL
21.927094748025922,24.0,5.0,2666.0,44506.0,1054.0,1074.0,2308.468130450988,14.453731436595248,714337.2373835725,80.0,NORMAL
21.41016456027081,23.0,13.0,4659.0,14696.0,623.0,338.0,1569.3147501377457,4.306984923579995,1987283.6691848163,443.0,NORMAL
0.32164144541700246,3648.0,0.0,145977.0,0.0,57.0,0.0,697732.8688672855,1364.7154605157598,300.4227818075726,443.0,DoS
1.6853676391413384,1.0,2.0,67.0,296.0,85.0,66.0,1920.0812153056818,17.800520980346608,405424.0946452072,53.0,NORMAL
51.373310380575354,7.0,8.0,11795.0,7589.0,793.0,376.0,1701.254328685572,8.217754796587446,816342.2760764483,443.0,NORMAL
0.19332399021068636,2.0,1.0,158.0,105.0,94.0,79.0,3902.8196677077394,15.191879924603295,274814.58781405026,53.0,NORMAL
19.81314228094719,33.0,48.0,6239.0,9694.0,514.0,285.0,1851.3349655510967,5.445416015263869,118621.00117454497,443.0,NORMAL
43.388782892030456,10.0,15.0,4653.0,16156.0,1212.0,1095.0,149.95943726993474,6.546227764563192,1000438.0257638408,443.0,NORMAL
52.416174821075344,26.0,31.0,12226.0,17784.0,449.0,615.0,1708.731374365762,4.14814278240825,640703.404190533,443.0,NORMAL
1.4600510747076343,1.0,2.0,76.0,169.0,115.0,111.0,918.1357665727256,16.198976397959882,180956.33131253117,53.0,NORMAL
0.6229921871071873,3.0,2.0,164.0,104.0,92.0,108.0,835.3820689282578,7.245057349989479,235276.4076186204,53.0,NORMAL
4.367391767496481,5.0,5.0,286.0,358.0,138.0,81.0,255.7372651601106,9.734996168554297,109998.10073017588,21.0,BruteForce
0.5140090823782657,3.0,3.0,101.0,256.0,68.0,112.0,200.9887482256112,13.009056253380752,209494.59418263,53.0,NORMAL
0.8819714862653427,1351.0,0.0,70521.0,0.0,57.0,0.0,797630.5090263444,1290.4237799633315,241.7776870149341,80.0,DoS
0.4992042238970424,2.0,2.0,135.0,229.0,99.0,179.0,3872.335329718042,17.447143291757072,108343.75566544254,53.0,NORMAL
4.585619732345416,22.0,9.0,4282.0,42231.0,977.0,1375.0,2180.2098831368385,7.1298407337268275,220901.53194119787,80.0,NORMAL
22.064731294230718,25.0,7.0,2308.0,12250.0,1189.0,1124.0,1921.18535554471,9.97513369134101,1123236.340066249,443.0,NORMAL
0.5990260345098001,2.0,2.0,32.0,162.0,80.0,100.0,2817.7998504493135,14.731739857769792,484899.3289294923,53.0,NORMAL
11.583657311026212,22.0,23.0,6937.0,8321.0,1217.0,1367.0,1520.4358209261427,2.6135164850008272,477192.49541295855,80.0,NORMAL
15.375058460519048,3.0,28.0,7686.0,40037.0,690.0,191.0,1216.6885472149947,3.804541746233406,731312.3165401067,80.0,NORMAL
16.920395225189885,3.0,20.0,9385.0,38054.0,714.0,1242.0,3828.2555550881957,3.4011372248435072,277076.11714053724,80.0,NORMAL
37.77458948282592,33.0,38.0,14025.0,6374.0,322.0,770.0,1937.3303787180485,3.2001455810566535,1987773.498771299,443.0,NORMAL
0.2099277609019163,3.0,3.0,196.0,151.0,76.0,148.0,985.3749805501411,16.275889631732987,124188.13321395806,53.0,NORMAL
17.11117778839593,14.0,24.0,9721.0,13120.0,852.0,1340.0,1481.971682444323,1.684875815496451,1110744.932422345,443.0,NORMAL
4.431663934823072,32.0,37.0,11512.0,7347.0,506.0,772.0,1875.3116267267526,0.7220869662567195,614511.0630600855,443.0,NORMAL
1.0272359589482922,1.0,2.0,97.0,262.0,75.0,110.0,2149.244062525275,15.799291191405949,210635.48045074128,53.0,NORMAL
29.137903979282957,8.0,10.0,4311.0,17495.0,1190.0,778.0,1789.358078386768,9.28122652938488,163701.2599208698,80.0,NORMAL
1.5902232665186888,1.0,1.0,51.0,199.0,68.0,96.0,2303.078557289946,18.856908343892137,415934.62134442397,53.0,NORMAL
1.6774211012133657,1.0,1.0,30.0,152.0,59.0,74.0,1275.0276134084747,5.399782087299615,463960.7031770491,53.0,NORMAL
26.971740879373943,31.0,10.0,2618.0,17129.0,1195.0,992.0,601.809741340244,7.261355121408757,1210241.5085541315,443.0,NORMAL
1.210647852709431,2.0,2.0,81.0,239.0,80.0,112.0,3294.851462459042,16.220815952185475,379226.3453111622,53.0,NORMAL
0.04165227761004522,2069.0,0.0,61096.0,0.0,54.0,0.0,233233.1231514274,8418.8130467552,154.57489416130738,80.0,DoS
1.799675568898939,1.0,1.0,183.0,124.0,40.0,138.0,4057.653750465708,15.593463574754542,265224.24053102994,53.0,NORMAL
0.03365395360629352,3.0,2.0,59.0,204.0,106.0,64.0,4050.8094190533616,18.65765338548968,34437.54500149358,53.0,NORMAL
52.92466616612604,15.0,13.0,4850.0,14861.0,597.0,582.0,682.6805462073446,3.0818983549788626,1542505.4889003644,443.0,NORMAL
0.6051713596565894,1.0,2.0,117.0,247.0,91.0,137.0,590.3753920963809,1.4706523370298186,298299.3334463825,53.0,NORMAL
29.409818739240453,17.0,27.0,7922.0,8450.0,269.0,1201.0,1339.4064829517467,3.7794674579356573,1041073.142010259,443.0,NORMAL
1.9951670469294056,3.0,3.0,173.0,175.0,82.0,82.0,4918.312678803792,12.683097129191921,57278.68245427977,53.0,NORMAL
0.7248065983299841,1.0,3.0,94.0,281.0,65.0,85.0,2947.8727009021422,7.050225050921838,414578.72156814317,53.0,NORMAL
1.4764350030660136,3.0,1.0,197.0,208.0,81.0,90.0,2401.0097560811782,4.877117999871871,222043.49457456276,53.0,NORMAL
4.055869387961354,5.0,4.0,197.0,374.0,54.0,77.0,357.1940112152189,4.515747318817904,58918.20869278243,21.0,BruteForce
0.4785255596548996,1.0,2.0,114.0,151.0,111.0,97.0,4244.916200209194,3.800046753368516,497985.0743633899,53.0,NORMAL
2.3829023129162055,9.0,4.0,181.0,366.0,127.0,109.0,289.69477612972884,5.375063804339084,303826.97682762373,22.0,BruteForce
29.900957904228672,9.0,4.0,1557.0,825.0,1345.0,938.0,2365.539764548426,2.6513560454677285,933507.3155930209,80.0,NORMAL
0.7073138001878965,3.0,2.0,73.0,137.0,77.0,154.0,4710.1260625110335,12.346672892154166,148565.70961098492,53.0,NORMAL
10.01868921187559,30.0,45.0,9055.0,10745.0,955.0,117.0,1644.6006336947808,7.434983954404719,1094169.4429559617,443.0,NORMAL
7.548378683595383,43.0,13.0,6443.0,7323.0,540.0,571.0,1377.7716016650713,8.098751743021168,1934539.1439984962,443.0,NORMAL
1.7701591416407203,1.0,1.0,145.0,86.0,102.0,179.0,2179.014308018919,19.3290182764171,336625.70887352916,53.0,NORMAL
13.244163645829985,19.0,19.0,687.0,17999.0,160.0,924.0,1187.5408432881409,9.853768154866568,897238.1895146641,80.0,NORMAL
34.50876860260514,16.0,17.0,8634.0,5561.0,111.0,812.0,1346.0853364730701,3.071623218760403,933152.3717216963,443.0,NORMAL
2.698177902486999,25.0,36.0,14948.0,14606.0,293.0,400.0,114.62582561395429,7.05721666743797,1342091.7502396726,443.0,NORMAL
0.5069356631336552,2.0,3.0,150.0,289.0,96.0,60.0,72.8370031253572,17.101775471381504,288222.3922152712,53.0,NORMAL
0.34993207161865075,2.0,1.0,109.0,222.0,109.0,80.0,1316.3520875078457,2.165581788007271,252887.19164644973,53.0,NORMAL
27.30825967622815,38.0,12.0,7553.0,17017.0,1100.0,376.0,1167.9484613747327,9.665006816218694,789194.2546121939,443.0,NORMAL
0.6711553431342661,1.0,1.0,68.0,267.0,53.0,170.0,212.43086728700032,3.1380090159431786,34899.40342193408,53.0,NORMAL
0.4407095715583542,1.0,1.0,128.0,180.0,60.0,86.0,3893.963509146361,11.074155164477592,36734.66544825256,53.0,NORMAL
48.96615858424951,33.0,11.0,6692.0,10953.0,712.0,269.0,579.9769751433719,9.435041808478669,667558.8555367684,443.0,NORMAL
1.54193415728101,3.0,1.0,37.0,298.0,53.0,82.0,3639.6155772479806,7.66567145687733,339232.31417203014,53.0,NORMAL
14.726784557729841,18.0,9.0,3928.0,47819.0,933.0,913.0,3236.323129679888,3.2810403756507,483611.5340146857,80.0,NORMAL
0.5278458018603432,1.0,1.0,150.0,116.0,101.0,129.0,924.0571477466731,12.930731047328402,469333.06090366194,53.0,NORMAL
0.12999222670152388,2.0,3.0,104.0,290.0,68.0,122.0,851.4762537974808,17.553760533887505,284734.43794780126,53.0,NORMAL
0.4649559054785958,3.0,3.0,44.0,145.0,101.0,67.0,3763.6899170979655,17.124727042353335,57381.781736057404,53.0,NORMAL
42.12392871872081,25.0,42.0,14817.0,1276.0,359.0,666.0,1472.8527835706968,1.0558179387696458,1993783.6067509796,443.0,NORMAL
1.4771284678610557,4521.0,0.0,118679.0,0.0,43.0,0.0,992137.407131293,4850.2209238653395,489.2737953114796,443.0,DoS
49.6561769895838,17.0,6.0,12744.0,13145.0,1056.0,118.0,141.5176166947796,8.163043156389968,1747328.6490968168,443.0,NORMAL
0.5584091036739395,3.0,3.0,172.0,102.0,79.0,143.0,4259.1542873878025,17.07124352480891,285907.7765732609,53.0,NORMAL
12.918924435746908,44.0,19.0,9680.0,17244.0,846.0,156.0,725.1239661894721,9.094397656551498,935034.5463084645,443.0,NORMAL
0.8642850110988943,1.0,3.0,150.0,52.0,41.0,137.0,2815.029067735439,4.4987942309096205,449343.695979201,53.0,NORMAL
9.784394969614237,17.0,15.0,4038.0,7665.0,1172.0,791.0,651.9561696773762,5.239778934413228,834601.1652060408,443.0,NORMAL
1.4742650915941955,1.0,2.0,81.0,171.0,59.0,139.0,4945.154022250368,5.44794275886134,140216.69517647204,53.0,NORMAL
11.290879295757732,8.0,24.0,2558.0,49887.0,970.0,327.0,4859.82660837001,1.3438002076075606,994446.3718320356,80.0,NORMAL
17.742778442124745,12.0,33.0,8807.0,4280.0,343.0,118.0,995.4601742133018,7.713573901494818,1376499.7464284883,443.0,NORMAL
0.5844104871597726,1.0,3.0,152.0,178.0,95.0,121.0,3938.568874885979,16.010993101349154,484890.4877076251,53.0,NORMAL
0.6395350826484341,2.0,1.0,76.0,252.0,105.0,165.0,861.0522865434649,12.595737509398285,226928.8701215031,53.0,NORMAL
1.6143923750138385,2.0,2.0,34.0,234.0,75.0,101.0,2926.41748388433,14.152064592616503,225554.65441185224,53.0,NORMAL
57.064003875427346,44.0,9.0,12938.0,6580.0,552.0,573.0,1819.754362203953,3.899941041894048,1069405.08449219,443.0,NORMAL
10.2192426884124,6.0,17.0,7097.0,33241.0,408.0,814.0,2525.836551111518,3.376914632041278,230635.52147886317,80.0,NORMAL
24.47236090462726,13.0,23.0,3776.0,4684.0,108.0,1158.0,1605.0009808884204,5.590068138775969,147983.66721319626,443.0,NORMAL
43.38153934694824,7.0,36.0,9120.0,10840.0,901.0,224.0,339.2905910697931,9.729174536495531,106301.73836931286,443.0,NORMAL
39.90188141014118,30.0,19.0,4880.0,2781.0,678.0,1330.0,1649.6702391593524,6.443895517693207,1256511.2454806739,443.0,NORMAL
28.91938449480187,8.0,30.0,2417.0,18358.0,866.0,705.0,1204.4371907260133,0.6237401629727817,1960602.7362631145,443.0,NORMAL
11.768039272851135,14.0,23.0,5747.0,4745.0,969.0,701.0,4100.805663782685,3.624639772816756,254432.32547424428,80.0,NORMAL
20.212249856944936,5.0,26.0,7669.0,48610.0,757.0,1104.0,2708.157698907513,5.528274746598819,130398.24920502529,80.0,NORMAL
0.5505179349027844,3.0,2.0,96.0,274.0,58.0,156.0,3450.4599293389124,9.186864752490761,39324.558907260995,53.0,NORMAL
1.6929566586675722,1.0,3.0,196.0,276.0,118.0,97.0,4087.0478179325473,11.693956523165992,411232.79211999686,53.0,NORMAL
8.953459380038279,11.0,27.0,5395.0,21802.0,521.0,302.0,1606.0979532902588,11.257210836758635,920177.618771859,80.0,NORMAL
0.6674958710445816,5.0,5.0,326.0,335.0,90.0,85.0,51.79505000227454,4.740128438256348,335437.15338845307,22.0,BruteForce
52.40106445352007,35.0,5.0,5650.0,8200.0,1336.0,1190.0,730.3772671088296,9.781635466198995,774026.7782979257,443.0,NORMAL
58.043884488157836,48.0,9.0,9955.0,3543.0,104.0,733.0,1911.2251424795868,8.685108351338743,538077.0762542537,443.0,NORMAL
41.31226705591616,10.0,21.0,14378.0,18892.0,1235.0,1133.0,797.5199579470171,1.7885534144459878,579125.1007638534,443.0,NORMAL
16.305982572446254,16.0,30.0,4104.0,13439.0,196.0,977.0,528.2483992019766,7.901803939577199,1937686.5661001676,443.0,NORMAL
0.27765927372792293,2.0,1.0,171.0,198.0,84.0,174.0,214.89471131186883,12.369413605326033,199477.2024396363,53.0,NORMAL
32.93648378276316,48.0,10.0,11387.0,14686.0,1339.0,303.0,1028.1759159919307,8.74436518044801,560691.5622758092,443.0,NORMAL
0.23726432717210844,1.0,0.0,52.0,0.0,50.0,0.0,4168.405969492037,86.0509589253908,2126.9210434539673,18860.0,PortScan
32.613833383911796,12.0,12.0,11456.0,18600.0,841.0,279.0,924.2352693848209,9.48631468231272,925350.2983669745,443.0,NORMAL
1.265786601622084,2.0,2.0,181.0,250.0,51.0,117.0,956.4548837272209,8.973403394661647,72716.0429591784,53.0,NORMAL
21.74573854713843,22.0,29.0,14498.0,4534.0,656.0,502.0,1430.9071924112693,4.928134483043711,1947207.8367979128,443.0,NORMAL
25.716601520768325,35.0,16.0,6697.0,2615.0,685.0,718.0,912.1277721474645,9.893333816603707,1567323.6645377642,443.0,NORMAL
56.4735842440725,33.0,35.0,6672.0,6950.0,581.0,630.0,433.11118891933836,4.386881507803354,1766322.7219914217,443.0,NORMAL
22.454146540378346,36.0,25.0,10840.0,4338.0,382.0,727.0,818.1774207989271,3.738414382457253,1245784.6816691412,443.0,NORMAL
6.035500434632311,22.0,26.0,7129.0,6645.0,157.0,628.0,851.67318500721,4.366235851655369,776774.6114459634,443.0,NORMAL
37.04787834220851,18.0,31.0,14714.0,17891.0,1279.0,486.0,1419.1265224513143,6.880822723135103,918492.3902046579,443.0,NORMAL
44.20126829816411,9.0,9.0,4967.0,7247.0,308.0,540.0,479.7345648209778,5.7360637139997,1132208.899036989,443.0,NORMAL
38.107627960013154,7.0,49.0,3750.0,11204.0,825.0,442.0,541.6911764118504,8.33251293932277,584612.9596920023,443.0,NORMAL
0.3037940183917551,2.0,1.0,150.0,186.0,99.0,116.0,3057.4776687171584,12.622140828139527,384868.1128517775,53.0,NORMAL
0.3060494666189074,3.0,2.0,39.0,150.0,119.0,63.0,2947.156026131292,13.649968561614715,62871.11816312021,53.0,NORMAL
1.629339735651385,3.0,2.0,90.0,93.0,64.0,178.0,3752.791183228917,17.877572652690844,472563.6279125789,53.0,NORMAL
19.391601999937347,29.0,45.0,1781.0,8854.0,1370.0,491.0,1519.4637978501676,4.504836683110736,923476.5940556052,443.0,NORMAL
12.434195860870627,3.0,22.0,1545.0,13635.0,1338.0,1106.0,4778.351093267582,7.269034392833657,682439.9947458985,80.0,NORMAL
23.47963916099678,24.0,26.0,4404.0,47258.0,173.0,1353.0,1882.371561007493,10.569316951231304,288014.43214617716,80.0,NORMAL
1.2793099179765766,2.0,3.0,168.0,100.0,105.0,64.0,4642.087278771583,19.8508390312264,66906.24216879904,53.0,NORMAL
1.1735563920266112,1.0,2.0,63.0,224.0,57.0,170.0,4137.719118668552,7.135087687823184,195416.2749835548,53.0,NORMAL
1.6519815781110756,3.0,3.0,198.0,177.0,56.0,96.0,3584.7435325940864,18.938743310603716,236115.95322062657,53.0,NORMAL
23.50616965815546,25.0,15.0,9908.0,30225.0,435.0,709.0,4193.929221845694,6.215299584861251,453531.7384838493,80.0,NORMAL
17.159505514967748,23.0,19.0,1796.0,43548.0,143.0,1367.0,3159.862789858696,14.370287355899043,646790.7485885449,80.0,NORMAL
3.1636141890790355,8.0,32.0,11768.0,18878.0,1148.0,580.0,957.2634330522952,0.8490953279237643,1611559.24695009,443.0,NORMAL
0.44827357245017996,1.0,0.0,58.0,0.0,55.0,0.0,4766.107116205619,11.635375206509737,7201.008301376879,23358.0,PortScan
1.2322629995552348,3214.0,0.0,188080.0,0.0,46.0,0.0,929105.5712865477,1123.7596801977518,359.99317923527093,443.0,DoS
47.20870638461893,48.0,32.0,1530.0,11222.0,262.0,1363.0,1379.9432284862621,3.1988555730286676,1883892.8989840837,443.0,NORMAL
34.07894557055408,40.0,11.0,4093.0,12728.0,454.0,1243.0,1077.0831302177526,7.269140027664344,1226342.9241678496,443.0,NORMAL
0.07198538494741005,1.0,1.0,100.0,256.0,48.0,159.0,4406.68048365437,19.21365557533968,25934.739206759266,53.0,NORMAL
1.8018747236006147,3.0,3.0,32.0,83.0,75.0,90.0,3154.296621377866,8.847156821422207,331747.3496424489,53.0,NORMAL
1.0637488628527363,3493.0,0.0,70771.0,0.0,58.0,0.0,111166.42548474515,5329.772621455189,48.26314887429065,22.0,DoS
0.08566995236877883,4952.0,0.0,119947.0,0.0,44.0,0.0,160241.32739938766,3407.1899125119667,171.33960616409405,22.0,DoS
0.5684451779094759,9.0,5.0,425.0,395.0,130.0,95.0,245.2915691514325,7.007675220016336,143106.2255500347,21.0,BruteForce
10.506793780519889,22.0,29.0,6945.0,9972.0,676.0,1303.0,1121.609068093549,8.348486090964707,947145.4117164896,80.0,NORMAL
0.3991584518020202,2.0,2.0,161.0,67.0,103.0,94.0,4184.515191333265,12.2766356649153,246049.4286671776,53.0,NORMAL
1.8478939771892493,2046.0,0.0,64908.0,0.0,46.0,0.0,908661.8369194869,6522.1712574959265,82.37131607373975,80.0,DoS
0.13989127715129418,1.0,1.0,189.0,66.0,64.0,131.0,3392.7923793394416,13.606206737070266,133239.91923690477,53.0,NORMAL
0.06734264809667533,1.0,1.0,34.0,87.0,86.0,125.0,185.7740546324885,4.9726085313443935,153247.6426140918,53.0,NORMAL
2.140330224138461,40.0,21.0,8894.0,16053.0,1337.0,857.0,298.12773987993785,7.5733883544980065,244122.1930103494,443.0,NORMAL
1.007225053488862,2.0,2.0,126.0,63.0,63.0,60.0,4962.4725743217205,3.4872318001001057,283982.92596024694,53.0,NORMAL
3.668410045721746,9.0,27.0,6563.0,18087.0,948.0,806.0,427.913008693617,6.297923924630911,410391.6416117299,443.0,NORMAL
46.5049504544708,26.0,32.0,13517.0,17326.0,178.0,1234.0,1338.8277691443495,1.0079243791934702,254269.7225586162,443.0,NORMAL
55.99497866653313,44.0,41.0,6141.0,8253.0,537.0,684.0,523.6572020965946,0.9735453040873161,580081.002719396,443.0,NORMAL
23.668196066162213,46.0,29.0,5359.0,8575.0,1327.0,429.0,1151.621411810223,5.815332017654616,677508.6226572455,443.0,NORMAL
36.33973198245542,28.0,13.0,7057.0,6450.0,872.0,661.0,1675.2304278105726,5.844520010764297,1803878.4220515452,443.0,NORMAL
9.172192211690067,3.0,15.0,8798.0,10333.0,968.0,282.0,3480.5790377667963,9.394046402617297,398584.3010419276,80.0,NORMAL
54.59858311868407,48.0,34.0,7081.0,11964.0,166.0,306.0,520.347161044014,7.110370895940443,1563021.6408143358,443.0,NORMAL
1.2109859774377671,2.0,3.0,109.0,156.0,63.0,99.0,4071.4047750044165,12.614847542459202,101546.76626406836,53.0,NORMAL
2.0289230599441836,7.0,4.0,232.0,250.0,134.0,100.0,252.73476768507243,6.50107585810899,244384.97364058983,22.0,BruteForce
0.8625067443620608,2.0,1.0,48.0,154.0,115.0,137.0,3059.4319402765004,7.910355679159447,432567.14005937276,53.0,NORMAL
0.6804201847063253,1.0,2.0,33.0,195.0,90.0,112.0,1025.3186162412358,13.632349327354216,434180.2023536779,53.0,NORMAL
7.4930635471329285,32.0,26.0,2845.0,4339.0,492.0,132.0,567.0273269279453,2.886962052937707,1341298.9270613785,443.0,NORMAL
17.609750706480867,42.0,20.0,14454.0,12345.0,576.0,684.0,1062.0958817673993,5.904177574931187,1328146.7978653484,443.0,NORMAL
1.9449400401399597,1.0,2.0,86.0,102.0,91.0,177.0,1109.5840706135607,9.482551731115905,53251.69751782882,53.0,NORMAL
1.4913628201356195,1780.0,0.0,61457.0,0.0,43.0,0.0,255031.78861241412,3422.3760497746152,414.10856810944614,22.0,DoS
8.78374573963182,17.0,13.0,6366.0,9764.0,153.0,403.0,2884.697735597075,12.287659413663699,680179.4898701886,80.0,NORMAL
1.119169399858864,2.0,2.0,173.0,117.0,60.0,89.0,4062.5027320187437,9.874667123257211,29491.806724882015,53.0,NORMAL
0.7046965260480984,3.0,2.0,60.0,200.0,113.0,165.0,4664.234951329709,2.853242778033758,16353.467840117602,53.0,NORMAL
19.898499419530342,7.0,24.0,876.0,48048.0,881.0,734.0,2755.5421233161787,3.22396535491451,203192.08230933707,80.0,NORMAL
35.827401608373656,49.0,7.0,4305.0,9408.0,274.0,161.0,1251.5697470574198,2.8053778281521433,1819490.9293474173,443.0,NORMAL
11.318004793381604,11.0,33.0,11265.0,1171.0,924.0,712.0,1125.0568218550115,7.069052231295002,1626474.870520308,443.0,NORMAL
17.86850056511045,38.0,10.0,9775.0,10628.0,560.0,827.0,314.56052344886257,2.0286001976532533,1988737.0622937174,443.0,NORMAL
21.368165425299832,31.0,8.0,6611.0,16006.0,1162.0,1115.0,1679.6149390573041,2.581400815651096,785890.0417056875,443.0,NORMAL
0.04333377553565727,1.0,0.0,47.0,0.0,53.0,0.0,3914.6223254209335,90.01549290410932,9177.486202134027,55428.0,PortScan
1.8980737412533808,2.0,1.0,45.0,82.0,81.0,143.0,1393.7443037077517,12.652384043626707,150689.28748739514,53.0,NORMAL
30.004078257744776,18.0,34.0,4970.0,12760.0,211.0,808.0,535.7060055845425,5.160004001741996,746017.6071250201,443.0,NORMAL
30.047203320069734,40.0,18.0,10465.0,12202.0,216.0,1107.0,1791.0138219187097,3.556820417360721,146051.42891192835,443.0,NORMAL
17.592906881756825,24.0,19.0,9771.0,18960.0,120.0,999.0,4394.02139485641,6.642411833217573,618959.7103472477,80.0,NORMAL
1.3341193813322136,1.0,2.0,98.0,94.0,81.0,122.0,212.1346963774606,2.0735706938627727,19394.72347601268,53.0,NORMAL
1.5195159874687674,3.0,3.0,64.0,140.0,82.0,115.0,2883.70347732468,18.50078429979827,353435.23575183883,53.0,NORMAL
45.900646247619655,32.0,29.0,5761.0,17352.0,307.0,159.0,1135.9010497530603,6.695029234901398,501773.0678350848,443.0,NORMAL
27.2035513886181,17.0,16.0,6317.0,46340.0,733.0,744.0,4606.011418919038,8.400652695645269,941836.7737218118,80.0,NORMAL
4.102091382596124,18.0,24.0,4469.0,6728.0,1044.0,527.0,2782.661651925256,3.833376898811127,524857.6139078429,80.0,NORMAL
23.0819769496111,13.0,45.0,13017.0,3228.0,569.0,439.0,1825.748384625925,5.425922259792273,949182.2709936678,443.0,NORMAL
19.476994146216263,6.0,18.0,734.0,32432.0,201.0,1130.0,4514.859472740809,9.653210681513686,53039.28879344336,80.0,NORMAL
42.6998557962413,46.0,7.0,9974.0,16622.0,468.0,272.0,1350.375865785369,3.681315123263027,1542017.6373020362,443.0,NORMAL
44.3321919924599,9.0,30.0,3366.0,19483.0,642.0,161.0,1802.1792904283395,9.76000099894632,970013.3924084619,443.0,NORMAL
5.071447964156162,31.0,35.0,4093.0,8400.0,1095.0,144.0,401.6749439457983,9.497541334383097,1030378.8244814676,443.0,NORMAL
40.91428976085754,7.0,28.0,3575.0,4307.0,223.0,1029.0,845.0434792416174,6.350279548003767,876553.7932050858,443.0,NORMAL
1.41279043444053,1.0,1.0,83.0,54.0,75.0,120.0,3926.639833602484,16.94496747794893,451837.55631533626,53.0,NORMAL
0.25214438878532486,1.0,0.0,43.0,0.0,65.0,0.0,3657.508363571952,60.82465192454196,6931.814181667479,19486.0,PortScan
0.6893655467421055,1.0,2.0,156.0,148.0,110.0,60.0,2690.531380126983,2.5751373183571427,478368.3771294569,53.0,NORMAL
59.87811252146691,14.0,13.0,11232.0,6672.0,477.0,1269.0,546.7955830159924,0.9408414065019697,552606.7003753805,443.0,NORMAL
1.259350450408214,2.0,2.0,89.0,208.0,74.0,177.0,4974.078682084311,9.136517070172356,332536.6956517091,53.0,NORMAL
0.4309150354289322,1035.0,0.0,59753.0,0.0,41.0,0.0,295645.4560230855,4543.967173736162,204.36984940049888,22.0,DoS
0.5230400064497138,1.0,1.0,192.0,129.0,61.0,120.0,1061.4070741132869,8.202936217163272,406097.781443951,53.0,NORMAL
20.008672812557986,12.0,4.0,572.0,33280.0,924.0,282.0,3217.3805317772153,11.62297064544318,512427.0610415069,80.0,NORMAL
16.215373440558935,25.0,46.0,2198.0,10294.0,1054.0,1364.0,1807.5429761921068,1.115008777726566,1515569.414793025,443.0,NORMAL
56.25973584540273,6.0,27.0,4397.0,16467.0,1027.0,757.0,1503.2583772037576,9.005934657099559,1696930.1575565015,443.0,NORMAL
41.857076773484295,44.0,10.0,1110.0,15369.0,993.0,790.0,1651.6896046242543,3.4189223207237056,1475938.266766861,443.0,NORMAL
0.8177695428235683,1.0,2.0,144.0,86.0,41.0,146.0,314.06781792867446,2.750914926815889,448151.9968331215,53.0,NORMAL
0.7647052923757539,3.0,1.0,101.0,193.0,71.0,133.0,302.52268046068815,2.492372422489216,25864.061953289143,53.0,NORMAL
1.296004097355254,2.0,3.0,105.0,71.0,64.0,169.0,4089.2733923772666,2.4593329258603993,214761.42116654426,53.0,NORMAL
0.23596928752962298,1.0,0.0,57.0,0.0,40.0,0.0,3097.1566322744843,76.07408059753125,7378.623003484757,10337.0,PortScan
1.1793783215105267,3.0,2.0,34.0,56.0,75.0,110.0,4061.225296946584,11.412876929102339,264358.96797827876,53.0,NORMAL
0.010249026125585233,1.0,2.0,71.0,266.0,48.0,129.0,1341.2401047631206,2.7885744541746114,244039.16652608043,53.0,NORMAL
0.5142038531410646,2700.0,0.0,190284.0,0.0,40.0,0.0,385504.06112511817,5972.129642208348,415.38800702834004,443.0,DoS
2.5128818825797055,5.0,37.0,1264.0,15219.0,1072.0,1307.0,915.5861617320901,3.7681302285762968,1402250.9672281232,443.0,NORMAL
24.003663385328906,16.0,14.0,9820.0,36338.0,549.0,394.0,3472.147486015468,12.985137766664959,340860.7232482008,80.0,NORMAL
30.33331107649721,15.0,32.0,6113.0,7858.0,896.0,419.0,641.104779226757,1.765576643381171,1952451.6689455297,443.0,NORMAL
0.9561751924548809,2916.0,0.0,89436.0,0.0,46.0,0.0,982972.1701283263,1014.6722674094993,391.6489210990892,22.0,DoS
4.696539003865917,39.0,12.0,2973.0,15635.0,417.0,639.0,1527.0701078405332,8.38018004660772,1902359.3226027922,443.0,NORMAL
18.15253638620549,5.0,3.0,3539.0,46325.0,342.0,477.0,4886.682678747805,4.918483697112161,714831.4589346666,80.0,NORMAL
0.5060629540691003,1.0,1.0,104.0,86.0,40.0,75.0,1355.6161860114698,14.29871152740916,150516.7906771077,53.0,NORMAL
21.6374700915659,13.0,6.0,9757.0,33203.0,149.0,680.0,3024.5151957219555,11.311636698299735,907178.1908906753,80.0,NORMAL
1.6736856791484351,6.0,6.0,246.0,274.0,76.0,103.0,63.3589722051737,4.024858706943871,342126.46181436087,22.0,BruteForce
0.43952362366448305,1.0,0.0,60.0,0.0,44.0,0.0,3920.013136562991,76.38091175407665,4897.268962148876,32610.0,PortScan
0.6910303547652625,2.0,2.0,137.0,281.0,43.0,120.0,930.9616394752753,16.751325545267647,485975.81547642517,53.0,NORMAL
0.11673074663865164,3.0,2.0,167.0,73.0,64.0,125.0,3136.076981763002,7.567437380272767,69290.59617378915,53.0,NORMAL
27.028828064593615,20.0,16.0,7637.0,1229.0,511.0,1290.0,1154.6936068630603,2.708868782881919,350140.0608333004,80.0,NORMAL
25.498605988951155,9.0,19.0,4939.0,42238.0,913.0,892.0,3113.1327026129566,2.3125893461168374,730614.6657950529,80.0,NORMAL
0.06120692473532379,3.0,2.0,127.0,246.0,114.0,177.0,976.3238920512186,18.635347727271977,223526.47087395695,53.0,NORMAL
1.4157531941482462,3.0,3.0,47.0,100.0,111.0,81.0,857.1830236086964,7.329077915929105,496065.69335496123,53.0,NORMAL
4.4269331179237685,23.0,34.0,3335.0,9301.0,382.0,226.0,1490.366847665276,6.622988788868422,849592.9296188978,443.0,NORMAL
26.822018360744003,11.0,15.0,14791.0,4123.0,1148.0,982.0,1948.5761437570343,2.735059659543715,453632.26460463647,443.0,NORMAL
51.94930382835816,25.0,35.0,7229.0,10610.0,1096.0,756.0,943.4054133858743,3.859250124246617,1131916.3847591085,443.0,NORMAL
1.392103748603297,1.0,1.0,74.0,70.0,51.0,148.0,2942.0240897270633,15.503381725566667,264733.5701054425,53.0,NORMAL
58.19875556324676,39.0,17.0,10340.0,3423.0,1161.0,652.0,320.12027630715255,3.537884245964547,1602475.9362879002,443.0,NORMAL
42.75317514971403,32.0,11.0,8045.0,8157.0,1377.0,1242.0,181.5333180543689,2.471536286421621,578658.2036776206,443.0,NORMAL
0.5005201248898584,2.0,1.0,170.0,277.0,50.0,167.0,388.18534754948644,13.192212355269621,273544.5055402262,53.0,NORMAL
0.7774128532748665,2593.0,0.0,39173.0,0.0,50.0,0.0,323554.7612820851,8654.067103644247,307.77525765917795,443.0,DoS
6.321309149471419,24.0,8.0,7184.0,25003.0,148.0,1013.0,4240.298243976376,12.054296010863148,378234.3219642743,80.0,NORMAL
19.548034347262544,23.0,19.0,2760.0,21271.0,793.0,331.0,4057.953704243665,13.549547067607525,429046.79492793715,80.0,NORMAL
0.276415397485285,3.0,2.0,40.0,109.0,84.0,113.0,3083.790236737342,7.038221292476833,216953.21944375263,53.0,NORMAL
17.29400391143307,15.0,18.0,8614.0,3807.0,545.0,211.0,880.1477275829336,7.829916619603069,1112857.0552821246,443.0,NORMAL
3.8321352406179474,6.0,5.0,230.0,263.0,131.0,53.0,175.72704731845607,4.201532711852876,202806.80481174655,3389.0,BruteForce
0.9640778172284699,2.0,2.0,52.0,296.0,96.0,75.0,1390.6036883459496,2.3506900166401246,198574.5979054631,53.0,NORMAL
1.2628095301885882,4877.0,0.0,85699.0,0.0,57.0,0.0,492290.0104596572,1639.4262225161426,190.56222544568152,80.0,DoS
0.8673311794357014,2.0,1.0,97.0,265.0,113.0,71.0,1014.312962871131,6.504602464502033,141740.46087523905,53.0,NORMAL
25.86006313434714,9.0,46.0,5578.0,9271.0,539.0,369.0,1962.8529074091462,6.419174817323932,418008.41792625847,443.0,NORMAL
9.944109413205863,44.0,22.0,14280.0,5533.0,872.0,651.0,1493.1171822046795,1.615338592454199,1045122.4485028447,443.0,NORMAL
0.7107742992204783,3.0,3.0,157.0,293.0,114.0,135.0,4656.345703400124,11.143018767734073,189673.42348664982,53.0,NORMAL
1.9882720163370844,3303.0,0.0,102419.0,0.0,58.0,0.0,179667.8626004446,9347.124914310043,176.14576662773186,22.0,DoS
35.38560326992589,22.0,17.0,6688.0,5784.0,958.0,517.0,972.6785100834489,4.584929130230914,1714970.6174484962,443.0,NORMAL
20.294956532231083,45.0,16.0,12670.0,11265.0,597.0,157.0,607.7692526349995,8.239666711133218,520750.1396292959,443.0,NORMAL
0.45516918719306143,1.0,0.0,46.0,0.0,68.0,0.0,1168.867263707886,92.53665467317263,2845.9213220479155,39246.0,PortScan
59.516787129612446,16.0,28.0,14335.0,6969.0,1001.0,444.0,427.1185263824568,2.8803366873958147,1028896.9714411108,443.0,NORMAL
0.4167552415631194,3.0,1.0,150.0,249.0,90.0,116.0,2004.159842012847,8.225992053705223,127011.43478615322,53.0,NORMAL
0.2167784253362249,1.0,0.0,40.0,0.0,57.0,0.0,493.6674857958183,14.168110570628292,6388.106062047906,60958.0,PortScan
48.12821091064626,44.0,14.0,8171.0,18408.0,1071.0,1023.0,1580.7902035906648,9.240149881462065,1026441.5606575414,443.0,NORMAL
0.6194527760477497,2.0,1.0,53.0,251.0,63.0,86.0,3071.7935278939563,11.262447239233321,233223.6596563994,53.0,NORMAL
34.049922824248675,45.0,22.0,10443.0,1448.0,753.0,496.0,374.79384243455013,7.498855614450816,1462795.6178055985,443.0,NORMAL
14.48314026973092,19.0,4.0,4663.0,40711.0,775.0,411.0,3119.9255016911875,3.841576047527853,72201.31217020204,80.0,NORMAL
1.330970530952464,3.0,3.0,174.0,193.0,59.0,72.0,4324.613807893005,10.21425492741452,145057.7292865296,53.0,NORMAL
19.931729833183976,8.0,18.0,8886.0,693.0,1142.0,1007.0,2559.788738180722,7.396383780115068,655560.9752693141,80.0,NORMAL
13.507649227220826,31.0,28.0,2960.0,10357.0,744.0,147.0,1101.383593974494,3.80636996250462,460011.27818148275,443.0,NORMAL
3.3281124405630598,21.0,39.0,6193.0,16510.0,1244.0,123.0,911.8352454419226,4.920722653954484,1680014.3227783733,443.0,NORMAL
1.5934780269175397,2.0,2.0,54.0,92.0,45.0,170.0,3207.6911444117513,1.4700392432197789,46473.308121675924,53.0,NORMAL
43.681786707626514,9.0,48.0,13150.0,7928.0,1103.0,1332.0,1257.9770134204523,1.6260162737911983,223956.86293341807,443.0,NORMAL
39.42274564544803,20.0,28.0,9656.0,4291.0,228.0,1093.0,951.6538084552533,9.372040227387709,719651.421330715,443.0,NORMAL
0.6463113553263258,1.0,2.0,122.0,191.0,48.0,133.0,2478.268905331088,13.71824648741645,142372.6541178724,53.0,NORMAL
4.043877192984969,4.0,4.0,291.0,368.0,127.0,85.0,111.64123745547937,5.329641450135071,227046.9486566324,22.0,BruteForce
1.454547893887137,1.0,3.0,37.0,248.0,55.0,112.0,84.86558991809702,2.3408231318231043,197878.52187097297,53.0,NORMAL
2.6814771734020115,9.0,3.0,234.0,137.0,84.0,101.0,347.9534431832662,2.055188763933593,297955.30225279566,21.0,BruteForce
0.6022657940814384,1.0,3.0,191.0,77.0,69.0,110.0,1354.2100745168314,16.18321574856565,364076.8388962311,53.0,NORMAL
0.8535107394345844,2.0,1.0,69.0,98.0,81.0,173.0,1058.4365726986102,10.981722958729124,433653.5817351559,53.0,NORMAL
56.87834935940263,13.0,42.0,6695.0,18659.0,242.0,925.0,592.824609475942,7.449712484116378,517449.8791585982,443.0,NORMAL
6.526811301857456,8.0,25.0,3181.0,19782.0,397.0,1161.0,1114.1313091281936,1.1582801699331005,1297452.498501707,443.0,NORMAL
0.2892582875315418,1610.0,0.0,97656.0,0.0,42.0,0.0,564054.6539582898,2601.981157292645,147.8880362703944,80.0,DoS
33.2559064812535,12.0,23.0,6121.0,1815.0,858.0,817.0,1080.8428860780755,5.683614374080977,1939980.4985131875,443.0,NORMAL
37.703115313444535,20.0,25.0,11233.0,16407.0,801.0,677.0,1805.466615850532,8.767295753346517,1596230.1803958102,443.0,NORMAL
51.997136740538586,8.0,8.0,13607.0,4407.0,236.0,263.0,1980.8764077796993,2.035583188872356,1190897.6662199488,443.0,NORMAL
1.4584942433557462,4156.0,0.0,189266.0,0.0,48.0,0.0,968042.7031131452,7262.872287314011,300.0365400875455,80.0,DoS
1.2930039168183813,1.0,3.0,61.0,214.0,119.0,179.0,1937.2955235789775,17.972113192936266,117772.28429316306,53.0,NORMAL
0.1934086731395454,1.0,0.0,55.0,0.0,63.0,0.0,2289.140713048826,26.269579597312454,2114.6979430453225,42846.0,PortScan
0.838223090272861,3.0,2.0,195.0,167.0,98.0,151.0,691.6141482323176,17.667099324772714,355594.6567904243,53.0,NORMAL
1.6356643805665125,3201.0,0.0,78921.0,0.0,40.0,0.0,895506.426387635,3922.53060255791,427.44342525531647,22.0,DoS
28.8771079453843,11.0,40.0,4176.0,8493.0,542.0,439.0,1834.6722722189165,0.9413840336081415,163827.0592510642,443.0,NORMAL
0.3641347081993745,1.0,0.0,47.0,0.0,62.0,0.0,2724.3186074276323,42.894648148843736,1106.068949387627,29822.0,PortScan
42.44656095523945,13.0,29.0,2074.0,15063.0,1033.0,649.0,1399.56263186436,5.687064139569081,628195.1246378821,443.0,NORMAL
59.69956153613968,12.0,36.0,11742.0,4688.0,498.0,795.0,1874.7460136158204,1.004921125643005,1337545.8876520698,443.0,NORMAL
24.42388743299431,18.0,43.0,6913.0,5090.0,487.0,554.0,1716.1410417729578,9.716462644621355,193595.39595039102,443.0,NORMAL
29.289349727648574,28.0,14.0,1115.0,22640.0,1254.0,569.0,2559.352606838521,12.886675082301373,510078.0393851363,80.0,NORMAL
10.761650400295473,12.0,24.0,2409.0,30423.0,508.0,467.0,4493.448690598033,4.946897506327886,791096.0900270803,80.0,NORMAL
48.49435098116542,10.0,17.0,6311.0,16969.0,658.0,854.0,395.20367627998104,5.235657156826935,1460610.967619577,443.0,NORMAL
17.64003978170708,22.0,18.0,7429.0,3218.0,1281.0,278.0,811.0043119042101,3.1406024927443568,1198508.181138981,443.0,NORMAL
26.517374821477787,20.0,28.0,9994.0,8248.0,734.0,1031.0,983.9546988418784,5.328721177386781,247242.44115731015,443.0,NORMAL
6.703910529156458,33.0,41.0,6153.0,3291.0,723.0,1139.0,782.0438164053164,5.3210063693023715,499382.3074597885,443.0,NORMAL
0.8460318786992934,1.0,2.0,189.0,270.0,69.0,162.0,350.26520724700566,8.957758208651924,167000.32427560075,53.0,NORMAL
15.44257459992295,10.0,3.0,9257.0,37201.0,1211.0,455.0,2139.6448475381485,13.694128304287494,379174.23479651887,80.0,NORMAL
1.079863917212621,24.0,38.0,1124.0,13743.0,1073.0,1212.0,703.360465277401,1.2223236014320276,1310972.8999499464,443.0,NORMAL
1.631886810761799,2.0,1.0,150.0,212.0,77.0,175.0,887.2891841137413,16.81534983744438,327482.69559410546,53.0,NORMAL
1.8767896664371464,3.0,3.0,191.0,137.0,58.0,102.0,4028.0670014981447,19.55413575000901,200707.0019658475,53.0,NORMAL
0.6549932860803862,2273.0,0.0,72066.0,0.0,55.0,0.0,853786.9877279372,5979.998610134396,448.0501209969802,22.0,DoS
17.213556097340028,18.0,18.0,5377.0,5870.0,882.0,995.0,1081.6549420236865,2.6093411105193733,1198592.6640662348,443.0,NORMAL
1.0345580440376307,3.0,2.0,113.0,170.0,76.0,169.0,3441.3537621451233,14.65213726555652,433929.0239545076,53.0,NORMAL
2.587888639399207,9.0,6.0,223.0,171.0,126.0,94.0,209.61825782099618,4.12092782183829,442112.1224843728,3389.0,BruteForce
9.69087961245925,40.0,43.0,7998.0,2995.0,617.0,1305.0,603.4634685420779,6.169868102969783,495361.8619144038,443.0,NORMAL
1.7211927619171605,2.0,1.0,181.0,92.0,78.0,60.0,4318.603098568438,6.765338099275159,403840.9574467423,53.0,NORMAL
0.776909689016986,1.0,3.0,127.0,165.0,102.0,72.0,850.5730865489123,11.781847554628111,277131.9516078845,53.0,NORMAL
10.48767503363242,41.0,29.0,13671.0,14056.0,462.0,1332.0,1337.804567065233,9.98884756538536,1665433.0421675951,443.0,NORMAL
23.401852081868746,37.0,6.0,5355.0,5721.0,1175.0,886.0,1061.0402986874585,6.2529974317922346,1357061.8433659454,443.0,NORMAL
5.636131332146224,49.0,20.0,13415.0,6984.0,1273.0,251.0,1019.9120700448034,4.199428654216488,764017.6567256268,443.0,NORMAL
0.4966222834668519,1.0,0.0,64.0,0.0,48.0,0.0,735.3197264796934,79.75169226876504,6878.906609018941,18715.0,PortScan
3.5472504120236885,32.0,20.0,11823.0,2529.0,543.0,156.0,1282.8991314204677,6.143120658626798,383285.9994918503,443.0,NORMAL
26.92489439197268,41.0,48.0,6373.0,7094.0,1206.0,329.0,816.8428763053557,7.185919547829315,1728520.2904029978,443.0,NORMAL
52.069051591848584,47.0,34.0,9308.0,10417.0,565.0,115.0,626.8526269100045,3.9460002471483264,1753672.5986807344,443.0,NORMAL
0.3424734635181122,1.0,0.0,54.0,0.0,40.0,0.0,2103.5090061768756,36.09522899423192,8040.548077086726,16949.0,PortScan
54.54642196163949,45.0,44.0,6279.0,18302.0,244.0,300.0,846.3346622098237,8.905882103883881,1769123.1107381296,443.0,NORMAL
10.810718756608685,30.0,48.0,14502.0,17557.0,964.0,845.0,1778.034344167214,9.159715958899145,1703318.91058375,443.0,NORMAL
41.13343897329285,48.0,22.0,6067.0,18184.0,1186.0,814.0,987.9815007759462,2.515695323534625,1125552.5255802409,443.0,NORMAL
49.5040864754133,5.0,17.0,4676.0,15101.0,1291.0,563.0,1404.5037632404467,6.270573228750933,1595053.5114517377,443.0,NORMAL
8.40746267099655,20.0,29.0,11604.0,19098.0,958.0,971.0,1175.036404953731,2.034477261842982,956661.0396642557,443.0,NORMAL
12.022302373296977,17.0,5.0,7666.0,26621.0,681.0,576.0,1576.5081476100765,14.816182238456854,902492.970292887,80.0,NORMAL
45.71292051739778,46.0,12.0,5016.0,10957.0,635.0,1017.0,1292.486931753801,5.026234494791371,1532269.8972167536,443.0,NORMAL
1.3589238567706012,1.0,3.0,113.0,222.0,68.0,86.0,1852.835273957004,6.989488864653119,232566.70153482613,53.0,NORMAL
13.4443724166294,22.0,24.0,8394.0,34878.0,442.0,416.0,2798.0416655604317,9.395765954743876,450555.68395036354,80.0,NORMAL
5.869693872944758,18.0,4.0,4779.0,18804.0,865.0,733.0,775.3087943482743,12.046353361565297,892929.6393135964,80.0,NORMAL
24.70494923860513,33.0,14.0,3400.0,17389.0,141.0,103.0,318.27787304969894,9.085614842062215,1446398.3261448685,443.0,NORMAL
47.42729978906241,22.0,21.0,8767.0,6285.0,1053.0,881.0,402.97418579485765,5.584773700689968,1309095.03931662,443.0,NORMAL
0.8784225862653855,3.0,2.0,148.0,170.0,102.0,99.0,2122.130099383273,9.73227693207402,262542.555982691,53.0,NORMAL
0.07405839820143684,3.0,3.0,99.0,75.0,60.0,137.0,1542.2436046913776,4.170895540601993,140298.68292493926,53.0,NORMAL
1.530532698152748,1.0,1.0,168.0,186.0,97.0,126.0,2615.3618149174335,16.57537998494128,206804.2903929517,53.0,NORMAL
0.7070112206588708,1.0,2.0,135.0,256.0,68.0,88.0,1799.6319384871417,16.98088213627388,415777.67299659824,53.0,NORMAL
8.337735541030103,11.0,29.0,10269.0,15333.0,684.0,622.0,1803.2311278655995,4.480798462299211,483719.2013328108,443.0,NORMAL
23.398007387540435,7.0,28.0,4687.0,47041.0,745.0,1102.0,1782.6316476515146,3.4832291115714367,912517.1810195717,80.0,NORMAL
25.787772469294772,21.0,10.0,8284.0,47397.0,681.0,1289.0,3782.0819364016893,7.76240260278586,719688.2491165124,80.0,NORMAL
0.13282329588222197,1112.0,0.0,131128.0,0.0,58.0,0.0,871804.0885035684,2083.023989601468,436.3074626921065,22.0,DoS
1.0214083076015044,1846.0,0.0,158696.0,0.0,43.0,0.0,906124.252099855,1457.4904675609534,448.5859047517359,80.0,DoS
17.66587315583022,35.0,7.0,8004.0,18384.0,816.0,278.0,730.768449632248,2.239672867952918,332280.7689514349,443.0,NORMAL
0.308289340801102,1.0,0.0,73.0,0.0,41.0,0.0,1033.0535897418843,70.63192984103694,3873.6219393655288,39971.0,PortScan
9.969466334590239,45.0,19.0,7048.0,4959.0,350.0,974.0,1380.5644174014462,7.719842008338135,833135.5453490434,443.0,NORMAL
14.36994655323269,13.0,28.0,4128.0,24435.0,636.0,1243.0,2904.119395447192,1.7645914335402006,958463.1801966394,80.0,NORMAL
8.188202325079718,28.0,26.0,4903.0,47514.0,391.0,193.0,3934.1385794192056,1.256096497309867,306279.4789707187,80.0,NORMAL
8.364428024044049,39.0,44.0,3280.0,5244.0,550.0,508.0,234.95255020243405,0.7998912158938726,834715.8222105558,443.0,NORMAL
0.05684516571638385,2.0,1.0,131.0,298.0,84.0,92.0,3634.404247221256,10.585224752083569,66727.80704934473,53.0,NORMAL
1.3903305873898795,2227.0,0.0,37464.0,0.0,55.0,0.0,244218.0521585995,2491.0331874182475,420.04373938542574,80.0,DoS
43.23367291624322,23.0,35.0,4395.0,13661.0,327.0,410.0,313.0159318425727,3.626482594953802,671949.5653792279,443.0,NORMAL
14.363250736678339,37.0,5.0,8785.0,14435.0,568.0,1035.0,508.30322379104047,9.709903530685406,447320.0574666988,443.0,NORMAL
34.32562686249437,28.0,18.0,1187.0,11085.0,1315.0,1104.0,968.7955287244591,6.81999778106337,540811.7824354336,443.0,NORMAL
23.781197534813266,27.0,26.0,2674.0,35977.0,1058.0,1167.0,1286.6538471069343,3.7489432311404878,233165.6816176523,80.0,NORMAL
21.017154151568796,24.0,6.0,4376.0,10848.0,256.0,998.0,1315.8336178664094,3.8538044534883094,575357.5255634271,80.0,NORMAL
1.7039914136021619,1.0,1.0,175.0,237.0,97.0,94.0,3749.347891795475,10.13902382056161,495511.1723161808,53.0,NORMAL
1.9890103796381693,2.0,3.0,157.0,55.0,93.0,179.0,3330.8929499716683,15.178188008024541,252070.6603131737,53.0,NORMAL
8.66369119582563,19.0,14.0,3756.0,20175.0,475.0,309.0,3591.524208664837,7.69840839910383,50954.02903268874,80.0,NORMAL
0.5098232109030164,1418.0,0.0,136953.0,0.0,56.0,0.0,841039.6014215609,5030.773333575331,387.99839103382027,80.0,DoS
1.3411387151962126,3.0,1.0,113.0,169.0,94.0,78.0,125.97445507497652,12.783469998857408,227097.5806005654,53.0,NORMAL
1.871687358074162,2.0,3.0,175.0,220.0,41.0,122.0,4284.145745731706,17.54803264007916,382266.16111221485,53.0,NORMAL
36.29529234976059,32.0,23.0,8843.0,3779.0,679.0,1169.0,1951.1172570030974,4.252610865130121,1159705.5066291124,443.0,NORMAL
1.880313358198789,1.0,3.0,82.0,132.0,105.0,159.0,1384.6666584158859,11.257572595201356,293421.4640168427,53.0,NORMAL
45.946093291284136,20.0,21.0,11603.0,6104.0,952.0,325.0,1674.7622885002254,6.78029578905412,199484.7109693743,443.0,NORMAL
1.1917119469565938,3.0,3.0,86.0,55.0,77.0,109.0,578.076860885632,16.099675312029486,281208.60609472275,53.0,NORMAL
1.7829110924770535,1.0,2.0,141.0,87.0,112.0,64.0,2120.0464983384645,6.71663760886206,21514.692226326886,53.0,NORMAL
7.731651308388069,37.0,16.0,11976.0,1548.0,820.0,665.0,1449.3260540657025,8.481198519166384,821889.4359942543,443.0,NORMAL
7.884115156198547,22.0,17.0,6301.0,37504.0,339.0,764.0,3045.139164890026,12.253491978842188,506258.164265143,80.0,NORMAL
0.8219692226522302,2630.0,0.0,131559.0,0.0,57.0,0.0,737833.6027936623,9714.652202913987,62.158317905926104,80.0,DoS
0.31142958045082947,4540.0,0.0,69905.0,0.0,40.0,0.0,583090.4205807676,9833.220880125118,441.93729023076367,80.0,DoS
1.2382714997432491,2.0,2.0,181.0,168.0,102.0,93.0,3015.845301986228,6.631653748465716,344517.7957571207,53.0,NORMAL
26.48475609988483,37.0,32.0,1037.0,16100.0,489.0,1213.0,1922.1160428565797,4.284432219534031,1826637.9521732475,443.0,NORMAL
0.526336883416257,3.0,3.0,100.0,59.0,74.0,157.0,1648.3648494440201,5.521819128056402,182779.63199847244,53.0,NORMAL
12.129188031572363,19.0,11.0,6238.0,40377.0,248.0,982.0,3197.0390823877556,4.589653290822982,940670.3435578136,80.0,NORMAL
23.09786701199439,41.0,31.0,9831.0,5364.0,210.0,471.0,1943.5580922226293,9.724776746828447,1907160.3882393942,443.0,NORMAL
0.6985923052132269,1.0,3.0,46.0,120.0,90.0,102.0,2382.3191712361945,1.229761201314155,458239.9969796637,53.0,NORMAL
4.294737571020483,15.0,9.0,8172.0,20038.0,160.0,243.0,4336.07440083479,13.90330671045011,812907.0438948745,80.0,NORMAL
14.403593864387378,27.0,7.0,7127.0,10335.0,697.0,814.0,880.4853115279261,3.970535850066012,1209146.6996681727,443.0,NORMAL
54.14140997666425,40.0,47.0,4675.0,13977.0,1155.0,1197.0,646.9889658217006,9.499715864767376,478792.99031961005,443.0,NORMAL
0.7935518169604767,16.0,22.0,611.0,25868.0,920.0,899.0,1802.2891531877199,3.2034089774951187,751444.5590950034,80.0,NORMAL
0.8763982015848246,843.0,0.0,111502.0,0.0,55.0,0.0,762748.5527864333,7282.505039256651,351.5875840514688,22.0,DoS
1.737549990714726,3.0,2.0,186.0,88.0,80.0,110.0,2123.8938158236783,13.372570566460364,451068.4690845932,53.0,NORMAL
44.002825093926866,16.0,39.0,11038.0,3648.0,383.0,242.0,965.1986936567707,1.6980448226996607,1392459.9605821683,443.0,NORMAL
1.0340514605098394,2.0,2.0,189.0,223.0,112.0,69.0,455.529281445571,15.776111063433467,30037.904475019874,53.0,NORMAL
51.646352358737694,32.0,16.0,11695.0,12520.0,1231.0,100.0,199.91503440731645,4.944002819489144,396276.7875005487,443.0,NORMAL
25.158902434509056,7.0,25.0,3420.0,30798.0,994.0,468.0,1831.2222441718282,8.018667496599935,379477.49428533367,80.0,NORMAL
1.4193395668004922,3.0,2.0,191.0,205.0,67.0,125.0,1080.665313637573,11.614104053266155,265829.5807510867,53.0,NORMAL
55.5569234784352,40.0,9.0,3022.0,2924.0,1058.0,493.0,1856.741881801254,0.5918891190457325,1593073.8153915028,443.0,NORMAL
17.64162581861065,21.0,7.0,3629.0,37244.0,1091.0,574.0,2520.7459191910357,14.420734802305775,207856.86670396794,80.0,NORMAL
2.4790799864608477,13.0,19.0,1354.0,28467.0,502.0,368.0,457.8765668429055,7.765621131053446,188178.02449896952,80.0,NORMAL
16.637739271175235,41.0,26.0,2878.0,19139.0,962.0,254.0,721.2209985133354,7.852037355184818,180832.6213668117,443.0,NORMAL
1.563717897869322,3.0,3.0,159.0,265.0,82.0,98.0,260.24345348884754,1.751176269939144,92687.60006930782,53.0,NORMAL
15.386198037883705,26.0,24.0,3434.0,23278.0,352.0,1088.0,2138.804522440822,3.5731319381180313,994768.9178301387,80.0,NORMAL
2.0470943070113634,18.0,29.0,3575.0,47262.0,922.0,334.0,1771.3048111711796,7.563001350278057,294062.6748855193,80.0,NORMAL
35.88525070895083,34.0,20.0,4540.0,15635.0,484.0,262.0,965.8820612924679,1.0309385484042148,954742.9211866974,443.0,NORMAL
44.475550951706744,9.0,22.0,2031.0,6413.0,920.0,263.0,913.5338061780858,6.701869783109018,1086064.3816942296,443.0,NORMAL
1.9968497576620172,1.0,3.0,33.0,80.0,85.0,60.0,4232.835392285859,2.541178753771344,383155.0520884176,53.0,NORMAL
57.43358249966933,5.0,35.0,1414.0,11668.0,750.0,132.0,1522.6693114614347,2.172833703557421,619785.989755021,443.0,NORMAL
16.009103269668973,20.0,18.0,9598.0,3971.0,862.0,545.0,1251.226992105263,3.4976230719336194,1211983.029852547,443.0,NORMAL
53.415816666212194,44.0,27.0,2334.0,6408.0,1029.0,581.0,1779.9242511706834,6.163248187218487,1456692.7188267184,443.0,NORMAL
0.35676690871004996,1.0,0.0,66.0,0.0,47.0,0.0,1771.1041984714068,97.85524507886933,7911.0063349327775,2066.0,PortScan
1.9350773086366135,1.0,2.0,97.0,130.0,92.0,98.0,1941.6565936278507,5.580956789226062,94574.0581390357,53.0,NORMAL
20.98853860168936,17.0,15.0,9668.0,28330.0,632.0,841.0,2899.4918444333525,3.8060966975044592,714084.0579542792,80.0,NORMAL
10.709617353855638,24.0,17.0,5447.0,38948.0,181.0,380.0,2177.3239451366317,5.492739242743225,304569.8186960636,80.0,NORMAL
1.4113321320374173,4148.0,0.0,52733.0,0.0,43.0,0.0,446460.44944191026,1706.3082828643592,333.9467219862207,443.0,DoS
0.7831355538346216,2.0,3.0,71.0,101.0,70.0,103.0,4528.08269017305,10.86592910186179,497080.31173291436,53.0,NORMAL
0.05339605440506249,2.0,1.0,88.0,131.0,55.0,68.0,3044.7273494783617,7.141252724468462,227493.21029865489,53.0,NORMAL
58.81824943217219,47.0,42.0,10309.0,13165.0,1293.0,769.0,935.3569115041221,3.584354339987855,264989.1988360218,443.0,NORMAL
17.436830002885557,42.0,38.0,4231.0,5764.0,762.0,131.0,569.6362411201517,7.300760664040732,349747.4316316036,443.0,NORMAL
4.328665682259803,27.0,11.0,1571.0,45798.0,349.0,768.0,3548.3235746698715,2.0755185726603003,755132.411759566,80.0,NORMAL
1.9946658590518744,2.0,1.0,73.0,176.0,73.0,168.0,900.673996438034,14.727956369889268,299783.66965728,53.0,NORMAL
10.451353651319414,17.0,27.0,4016.0,23702.0,1240.0,215.0,2069.240371993603,11.809431848995949,980286.0650877221,80.0,NORMAL
52.722562556842355,17.0,32.0,10223.0,4524.0,641.0,691.0,537.1725048760752,8.582720331466161,1446266.9803057057,443.0,NORMAL
2.7255896990389896,11.0,35.0,3287.0,1244.0,416.0,319.0,604.9699479531272,7.366037293830404,1970925.0399959441,443.0,NORMAL
47.893763376245836,10.0,49.0,4186.0,10487.0,186.0,607.0,1728.2692308516139,9.110943760084172,1966864.6876602932,443.0,NORMAL
14.633412998696212,34.0,29.0,4785.0,8463.0,530.0,639.0,825.4942834661407,3.9807303337906506,810609.8788092496,443.0,NORMAL
20.876851714495302,12.0,18.0,1081.0,2806.0,188.0,598.0,1032.5337739601355,7.476090478202491,864023.0327311188,443.0,NORMAL
22.009480486373253,17.0,5.0,5863.0,34870.0,1358.0,721.0,3450.6141745368823,14.476310701725161,199830.1242736046,80.0,NORMAL
9.072299224218723,24.0,12.0,6644.0,5801.0,338.0,179.0,422.9929638212023,7.771855248845208,1506010.523357187,443.0,NORMAL
32.422776520543565,38.0,14.0,2004.0,5887.0,857.0,1367.0,1682.1738858145784,8.220935469600064,1525042.1617367833,443.0,NORMAL
31.756466811594198,20.0,5.0,12429.0,10290.0,535.0,1112.0,861.2445033687602,7.268282264763787,1158445.9997514177,443.0,NORMAL
2.0921632766023897,10.0,24.0,5256.0,32750.0,493.0,813.0,500.00815220858715,1.7565415027467877,137320.75168473565,80.0,NORMAL
12.650758901736301,8.0,14.0,5796.0,2845.0,888.0,158.0,172.1662198243709,1.1064931003964567,947166.9496382012,443.0,NORMAL
3.5446155612851715,5.0,3.0,180.0,122.0,51.0,83.0,206.4113288603824,9.732132726401762,446743.73555689596,3389.0,BruteForce
5.3118121595938845,28.0,34.0,9609.0,16930.0,877.0,791.0,1312.2915821793208,1.3297339340824712,1897964.1488330385,443.0,NORMAL
55.92597303491169,7.0,36.0,3865.0,10260.0,920.0,750.0,1806.65333658028,1.0032318607934956,413074.1849715246,443.0,NORMAL
29.803779588744327,12.0,28.0,3105.0,21446.0,929.0,233.0,4213.98561681193,11.388544444167147,676755.4266854987,80.0,NORMAL
1.3463153349558081,2.0,1.0,187.0,72.0,84.0,68.0,4141.762419026693,18.399601836479775,123440.41177796738,53.0,NORMAL
1.9064782688673436,3.0,3.0,49.0,299.0,47.0,135.0,262.29405068627545,16.136200269583973,486435.05004223296,53.0,NORMAL
10.159174509912038,17.0,8.0,10996.0,1886.0,1219.0,420.0,1475.538960169682,4.2178377176555095,1006446.6259625056,443.0,NORMAL
9.292259520910195,3.0,20.0,8613.0,15377.0,137.0,315.0,4975.940387671732,10.470810889787309,510970.88811696286,80.0,NORMAL
6.258341494844981,31.0,25.0,8545.0,19554.0,333.0,658.0,1619.164600860235,2.959717370348132,1704381.1829910604,443.0,NORMAL
49.32474731783771,20.0,26.0,9378.0,16472.0,917.0,1162.0,1194.7522837638176,5.314199271225807,937657.5058406473,443.0,NORMAL
1.5853030299177018,3991.0,0.0,184869.0,0.0,45.0,0.0,213555.71480443326,1412.5552719333386,300.0148312284669,22.0,DoS
0.8855211491598023,2.0,2.0,38.0,139.0,108.0,135.0,4041.3041637682195,10.940920212404015,309928.5029842357,53.0,NORMAL
0.9115387910279064,1.0,2.0,41.0,171.0,119.0,73.0,2406.481606580671,5.178521511687681,208007.78733182908,53.0,NORMAL
23.15746686594159,18.0,21.0,4017.0,36532.0,940.0,425.0,965.9792000828619,12.915827466670452,946408.6661034044,80.0,NORMAL
15.015103721585321,16.0,18.0,14665.0,10829.0,498.0,174.0,1457.1005793615125,3.374753398632686,1672000.9315957576,443.0,NORMAL
3.906291364101194,8.0,6.0,485.0,149.0,114.0,58.0,206.3830513507063,2.6707962455598837,197078.42181814316,21.0,BruteForce
0.4370943465957327,2.0,2.0,158.0,216.0,68.0,71.0,1658.1158112804962,6.174618601645756,481799.56058522733,53.0,NORMAL
10.655700629076566,30.0,49.0,1849.0,10232.0,1252.0,559.0,1643.6571502691286,9.238994717780164,230500.90381683857,443.0,NORMAL
1.402589944828385,1.0,1.0,58.0,113.0,89.0,124.0,3355.228865730671,7.37999029389664,156645.48876335277,53.0,NORMAL
38.82771034023254,25.0,40.0,1623.0,19672.0,1089.0,743.0,1336.8402866241927,5.885834545707003,1907965.61982413,443.0,NORMAL
47.547015834784425,41.0,11.0,5062.0,5922.0,1083.0,448.0,1813.1713767013575,2.1256630088153825,823369.6743474029,443.0,NORMAL
16.919422487564646,9.0,41.0,14388.0,9967.0,948.0,1254.0,887.3280217769255,2.279526887168148,195755.80906242534,443.0,NORMAL
1.2410378001807156,3.0,3.0,33.0,255.0,57.0,171.0,2450.791480966698,18.56497322963178,390671.1149509812,53.0,NORMAL
0.46876065838896114,1.0,0.0,74.0,0.0,53.0,0.0,4241.742088028886,77.09312734105566,2042.0522994284345,56232.0,PortScan
0.06986410816145895,1617.0,0.0,52120.0,0.0,51.0,0.0,452125.8834664028,5116.1149148736695,417.5610772400805,80.0,DoS
0.939099601050309,2.0,2.0,35.0,293.0,114.0,68.0,3645.3655155049887,12.560970223465416,22146.282698075345,53.0,NORMAL
49.134154374446446,42.0,35.0,3186.0,4029.0,391.0,1093.0,303.9054549006286,6.928253892702353,1196636.671205551,443.0,NORMAL
1.6886929413612048,1.0,1.0,113.0,155.0,87.0,151.0,4957.106439412987,6.4162242878652505,196353.42411340913,53.0,NORMAL
24.15506391312072,3.0,15.0,2042.0,46940.0,180.0,1260.0,1562.8682608196589,9.868793523438077,115196.44612563461,80.0,NORMAL
1.7198876525481934,2574.0,0.0,115080.0,0.0,57.0,0.0,126708.27999391427,6892.506421337937,471.41211868478905,80.0,DoS
18.112686385783775,49.0,31.0,14005.0,4766.0,682.0,524.0,1814.0022848647945,7.820215316588895,1884503.7372509215,443.0,NORMAL
53.51572507584469,8.0,25.0,2906.0,3824.0,1361.0,1206.0,1056.7612380184926,0.9318626431086529,437508.8304341622,443.0,NORMAL
56.296480746950614,28.0,37.0,11689.0,5176.0,1335.0,1157.0,1166.2907408878518,3.256904707312296,999029.1902405722,443.0,NORMAL
46.82592286035569,27.0,20.0,7351.0,2799.0,374.0,1291.0,1639.2406065227224,5.745764522121156,1563638.6312239626,443.0,NORMAL
38.352985979122806,10.0,33.0,5711.0,7658.0,404.0,1273.0,306.1143893761898,9.288970774710164,1342450.6028589278,443.0,NORMAL
1.4462096237103852,24.0,32.0,10328.0,5431.0,315.0,1176.0,1518.1959855009436,2.9669168280950178,1225921.6601444774,443.0,NORMAL
5.001797084774013,3.0,22.0,4249.0,31044.0,535.0,529.0,2311.167018298276,12.788968427293844,615337.4019060174,80.0,NORMAL
30.034861291692753,29.0,31.0,5775.0,6423.0,922.0,1228.0,479.3534046330587,3.9468728849052988,879542.8502410023,443.0,NORMAL
25.64789777723088,35.0,42.0,2779.0,13647.0,1323.0,1177.0,990.6270148253867,6.794704777362707,118479.16274926934,443.0,NORMAL
52.2071793766813,8.0,21.0,1770.0,1106.0,1323.0,1013.0,424.222818629,3.9226003374636007,554454.2529833026,443.0,NORMAL
50.940685212336575,17.0,41.0,13510.0,18293.0,614.0,1240.0,1480.3997678588535,8.88230231247766,1673901.1137373757,443.0,NORMAL
41.27441605218074,14.0,23.0,1404.0,7850.0,364.0,474.0,1396.8984604711573,4.8767025057530295,313656.27914371307,443.0,NORMAL
21.406770183533588,22.0,22.0,2721.0,6964.0,1078.0,908.0,1710.3108065778338,8.466323452281168,1109479.1237357683,443.0,NORMAL
3.562330050255191,7.0,4.0,162.0,126.0,84.0,109.0,51.23953982353625,6.440142492083052,183971.4505471337,21.0,BruteForce
8.168581201754165,15.0,36.0,3217.0,8501.0,391.0,325.0,304.3995351563392,8.479087568287373,1315190.359330954,443.0,NORMAL
14.104360817773085,5.0,27.0,2509.0,8470.0,748.0,923.0,1014.8379892438492,8.908010653784673,1560550.726658087,443.0,NORMAL
56.26706933546733,14.0,34.0,10385.0,17476.0,1239.0,357.0,1031.77968615993,6.102652118055003,1686387.5261060537,443.0,NORMAL
0.7653403768541523,3.0,3.0,45.0,164.0,96.0,172.0,3237.3201442072223,18.367848268599225,467375.4626973358,53.0,NORMAL
0.009121312694883452,3375.0,0.0,96367.0,0.0,41.0,0.0,258811.00566260933,9193.693807702992,338.0065936493875,22.0,DoS
46.09798707108242,23.0,20.0,14563.0,19039.0,1260.0,272.0,1470.784640680863,4.2383831203043965,1454230.234868022,443.0,NORMAL
0.08416475829944435,1.0,3.0,44.0,152.0,86.0,65.0,874.1287950087359,12.43259888023177,284537.6160426837,53.0,NORMAL
1.946274956325982,5.0,7.0,490.0,125.0,98.0,114.0,275.36150584181564,2.514309052270643,478002.368654135,22.0,BruteForce
8.252320029457866,30.0,42.0,13635.0,7940.0,699.0,130.0,1033.7628727792987,4.671457654618453,1038737.8971230929,443.0,NORMAL
0.601864057215907,2.0,1.0,51.0,294.0,75.0,75.0,497.3439841477133,8.785163037000572,295367.4802393516,53.0,NORMAL
4.3944040090959735,9.0,4.0,189.0,118.0,130.0,78.0,57.90938359148948,4.263327652407522,460849.03902083484,21.0,BruteForce
22.81898210324342,24.0,49.0,8623.0,10280.0,765.0,1253.0,366.5095071073142,4.224646503997539,847859.6496947818,443.0,NORMAL
0.4629472598479686,3.0,2.0,30.0,235.0,103.0,151.0,757.0276845933661,14.12318797521086,494065.83882202604,53.0,NORMAL
52.791974610970406,10.0,39.0,10390.0,8407.0,886.0,1009.0,757.1911436058441,9.370602534872454,879262.1728707388,443.0,NORMAL
39.10911723856447,44.0,40.0,14055.0,18417.0,686.0,1384.0,276.53215652643627,5.180310145390023,308501.14970365487,443.0,NORMAL
37.343141565350564,12.0,32.0,3260.0,19680.0,454.0,1227.0,1221.0236897200223,1.3975968142001545,859577.3405803848,443.0,NORMAL
5.7257407343086815,20.0,5.0,3120.0,32912.0,321.0,529.0,1473.7042202776458,11.363329664970362,807974.2685884386,80.0,NORMAL
3.7642626031285844,37.0,42.0,7413.0,11472.0,1375.0,338.0,280.81141015240854,8.25637240761193,405934.8323660491,443.0,NORMAL
32.901210122049704,23.0,41.0,3429.0,18043.0,960.0,1243.0,311.22173223229834,1.6674339998831955,465646.6501863575,443.0,NORMAL
0.19030000185066248,1.0,1.0,57.0,286.0,74.0,173.0,3671.3344237012334,6.3461641535402045,234538.66926000227,53.0,NORMAL
0.06901615630891063,1.0,0.0,74.0,0.0,73.0,0.0,819.4920459543038,12.993283379280985,4566.577456250617,49516.0,PortScan
48.1044400905828,40.0,16.0,11371.0,11005.0,751.0,332.0,247.208325331088,7.929439878148407,830422.8851153854,443.0,NORMAL
50.448802089238505,48.0,36.0,7025.0,11998.0,491.0,1116.0,915.2382581645061,2.1061821242892678,1688296.5210805398,443.0,NORMAL
8.38196897895715,11.0,27.0,6743.0,26631.0,333.0,963.0,4943.73807817091,4.91649073742065,684761.9062403253,80.0,NORMAL
11.218910324690896,28.0,32.0,5150.0,13569.0,1284.0,1031.0,749.0705186879361,5.603896584031718,630728.9352076472,443.0,NORMAL
0.307517556648856,2.0,1.0,142.0,187.0,50.0,82.0,428.98989259126665,17.506923800291254,127698.74766843542,53.0,NORMAL
0.8731878601471967,3.0,2.0,105.0,80.0,76.0,98.0,1389.091953174367,5.50078020586359,96386.2682577137,53.0,NORMAL
3.8336792464683542,8.0,3.0,450.0,266.0,97.0,71.0,170.74226424409724,2.9953955532936583,114532.1000472384,22.0,BruteForce
57.48943312324767,22.0,46.0,11825.0,7389.0,934.0,1376.0,211.39453080290951,5.398597740307435,1197290.447033642,443.0,NORMAL
47.920771399733525,40.0,26.0,9733.0,17663.0,666.0,100.0,1799.933535945949,7.583332099174318,735387.4575737634,443.0,NORMAL
5.824600496475426,29.0,25.0,2031.0,21037.0,1330.0,634.0,4816.925842642087,1.5921698346379791,816168.3525271716,80.0,NORMAL
36.109597911315035,12.0,31.0,9216.0,8758.0,261.0,1300.0,1231.3548697916635,2.8984583264521557,1462297.8303579257,443.0,NORMAL
0.09359932719855106,2878.0,0.0,171771.0,0.0,40.0,0.0,436635.85561633523,2101.58702542878,277.92090014116934,22.0,DoS
1.8947671846116902,3.0,3.0,75.0,286.0,63.0,148.0,724.0459188010105,19.33245422041986,474118.5184149023,53.0,NORMAL
38.89720602840842,21.0,21.0,11928.0,2082.0,711.0,205.0,1884.923883502756,8.830293913191314,1259347.7205899523,443.0,NORMAL
0.9764631524570933,3.0,1.0,145.0,138.0,116.0,129.0,4768.205444270031,10.396245260064017,98909.52696480267,53.0,NORMAL
0.04992489410107151,1.0,0.0,69.0,0.0,70.0,0.0,766.3486465655943,70.66016966883306,5515.174744834367,34484.0,PortScan
0.8589395331151669,3.0,1.0,55.0,157.0,90.0,165.0,4945.662455644578,9.507122824421103,251034.12157461193,53.0,NORMAL
0.7655813094048528,5.0,4.0,358.0,173.0,71.0,78.0,114.87536648912524,6.362204852809328,427624.2872976611,3389.0,BruteForce
0.6100256037383872,3.0,1.0,80.0,265.0,84.0,87.0,351.3538932456059,17.10225028928488,389234.8477761572,53.0,NORMAL
0.07395106721396295,1.0,0.0,78.0,0.0,46.0,0.0,3623.9058315237876,23.08103392389478,1552.0319139261978,12410.0,PortScan
0.805355021979322,2.0,1.0,70.0,252.0,56.0,80.0,1566.517759300873,18.721315516688776,454935.6729658807,53.0,NORMAL
42.682067862727166,39.0,40.0,7857.0,8195.0,839.0,777.0,965.8419403985652,1.7765113319742243,1906424.2514802914,443.0,NORMAL
1.2291852315044625,2.0,2.0,117.0,117.0,96.0,77.0,2924.198037694916,2.778969467641223,473940.77993767656,53.0,NORMAL
0.4195781696067129,1683.0,0.0,29950.0,0.0,42.0,0.0,629911.9364585462,6624.509249223519,111.77345907699305,80.0,DoS
22.009706827972927,26.0,49.0,4683.0,3233.0,1144.0,509.0,702.4565930466061,8.831866975911392,258844.33394638664,443.0,NORMAL
9.859971048205457,26.0,38.0,7485.0,2379.0,374.0,579.0,445.12214945966053,8.541935552833749,1305676.918755489,443.0,NORMAL
14.408908008525938,13.0,32.0,7347.0,10951.0,546.0,1137.0,435.5845094467238,3.1775841059351535,1371651.4524910534,443.0,NORMAL
0.23355050124342264,3117.0,0.0,129001.0,0.0,49.0,0.0,674662.8707603132,2662.1501676847456,235.63240150967206,80.0,DoS
12.099148423701918,32.0,16.0,7883.0,7255.0,1006.0,532.0,302.7584465499135,9.354435444266915,568552.8509924477,443.0,NORMAL
0.3919243981007226,1.0,1.0,171.0,81.0,101.0,128.0,2917.8232455900165,11.095601371126293,447623.34950944054,53.0,NORMAL
29.996771656626077,26.0,12.0,3540.0,20991.0,606.0,557.0,3446.5644100953295,1.481467403083965,467304.3252834824,80.0,NORMAL
0.16994294240269098,3.0,3.0,79.0,182.0,56.0,162.0,1122.880687684256,18.562561992753338,450744.7406540156,53.0,NORMAL
8.757858073980916,17.0,37.0,5200.0,17445.0,552.0,357.0,738.250435085422,1.2826218942021441,584567.7723092742,443.0,NORMAL
1.008597405627972,911.0,0.0,123756.0,0.0,40.0,0.0,546105.3644768388,8597.693488328769,461.47307973816385,22.0,DoS
1.9457976418991336,1933.0,0.0,122821.0,0.0,46.0,0.0,567156.757956912,6380.647126144057,272.81820721086916,22.0,DoS
22.381153837829356,16.0,8.0,8743.0,2882.0,803.0,864.0,4006.859518763146,12.052441193357915,202812.59685037375,80.0,NORMAL
28.576689163742316,35.0,45.0,4430.0,14898.0,1321.0,684.0,1851.5697074017633,4.357054846179721,889718.9766308775,443.0,NORMAL
0.2391143459819144,1.0,0.0,65.0,0.0,66.0,0.0,4409.198630963368,73.1142366211842,6833.863330065116,29996.0,PortScan
1.676336530073172,4242.0,0.0,53652.0,0.0,53.0,0.0,197876.5894446767,7174.587639167192,299.00047260041936,443.0,DoS
7.775372659613009,33.0,6.0,9457.0,4098.0,683.0,727.0,717.2622474886485,1.5209783377024721,370072.29542273993,443.0,NORMAL
9.40723703118928,29.0,29.0,8255.0,8182.0,1369.0,762.0,800.9373093718782,6.499992040051322,309812.50928033283,443.0,NORMAL
0.21233702389767384,1.0,1.0,119.0,239.0,119.0,84.0,4717.563485207011,11.53574585369176,122661.84488123844,53.0,NORMAL
0.061462163241808226,2.0,1.0,162.0,181.0,82.0,92.0,4242.168505963496,3.1384775591180265,143975.20177837805,53.0,NORMAL
4.548398213446328,5.0,15.0,2369.0,11705.0,549.0,162.0,714.1688894936134,7.1084166271533515,1259523.5428897415,443.0,NORMAL
6.123552581364848,21.0,20.0,9651.0,11304.0,1254.0,1148.0,1624.702009578445,10.746946332606733,911531.6835257948,80.0,NORMAL
1.3677419851581996,3.0,2.0,171.0,86.0,55.0,110.0,2595.2835283466,18.651815375226178,486249.6163595293,53.0,NORMAL
0.36710283913240266,1.0,3.0,121.0,219.0,40.0,111.0,4681.035729858724,9.55607241663185,115397.06465373424,53.0,NORMAL
42.71810215873519,37.0,20.0,12435.0,1662.0,926.0,873.0,1325.6605567066765,1.190574056228566,1181029.9582580568,443.0,NORMAL
0.2846490648965758,1.0,1.0,148.0,51.0,84.0,174.0,1676.4614851119895,4.060874305282017,147383.75324404848,53.0,NORMAL
0.026451591989073958,1.0,0.0,45.0,0.0,44.0,0.0,3750.2772539428865,30.08068777486416,1833.4810001185854,3686.0,PortScan
48.32962186448834,14.0,39.0,12556.0,8982.0,970.0,661.0,917.7459742305433,5.920421736738686,1122400.7512625405,443.0,NORMAL
37.80985434120667,33.0,47.0,12567.0,6526.0,497.0,940.0,485.0766219838789,6.546135773448064,359707.80747537763,443.0,NORMAL
11.715481774667817,14.0,12.0,9253.0,33029.0,697.0,567.0,2221.649258857905,5.06677570987318,911781.076980171,80.0,NORMAL
31.229462875201648,33.0,45.0,4464.0,9661.0,1309.0,455.0,717.7801478391854,0.9659739385639338,1800190.3887418776,443.0,NORMAL
1.1793751001110466,3.0,2.0,54.0,189.0,119.0,173.0,708.4142711714536,8.142388670520853,253154.65849129244,53.0,NORMAL
20.995409381280194,26.0,4.0,8595.0,7438.0,711.0,376.0,1059.8732661890117,5.908115159576215,845718.8490001525,80.0,NORMAL
28.57277259240931,7.0,3.0,2275.0,22377.0,1151.0,327.0,1922.1987537633365,12.976068023733907,909475.3745359571,80.0,NORMAL
48.368353467282674,49.0,18.0,2095.0,18156.0,1318.0,175.0,734.627874439543,2.30727889618359,1717794.9263850672,443.0,NORMAL
24.458069479804863,41.0,40.0,11828.0,19261.0,1014.0,767.0,1272.44540701183,0.9324922480975635,1721775.0907016208,443.0,NORMAL
24.775830547144526,42.0,47.0,12572.0,12877.0,919.0,285.0,1664.5617724937601,8.34274760446802,132359.77606720678,443.0,NORMAL
27.013982129881892,11.0,18.0,5867.0,41295.0,1253.0,886.0,3424.8086920892056,5.432425571128248,222044.4697151815,80.0,NORMAL
45.76779897168218,10.0,28.0,7437.0,10965.0,995.0,1021.0,1744.2045228520103,1.6966843748945202,1201064.140625317,443.0,NORMAL
0.05364177944643858,2.0,1.0,178.0,293.0,106.0,68.0,2480.3210772253983,9.080982492971795,106258.02680299441,53.0,NORMAL
14.277538260598906,25.0,25.0,9419.0,24229.0,1126.0,574.0,3154.7223456133156,11.60294706370353,284828.76008885854,80.0,NORMAL
33.9599013905751,9.0,38.0,12391.0,10711.0,331.0,820.0,722.988565410575,9.164326486816375,1716980.652313214,443.0,NORMAL
0.6653814497743323,3.0,3.0,106.0,183.0,110.0,149.0,1091.4341640752937,8.28469804698893,410753.291551195,53.0,NORMAL
0.6639742140478503,3.0,1.0,111.0,76.0,77.0,110.0,1990.2353465219057,12.977409360493239,258559.92819915945,53.0,NORMAL
27.45082426679591,36.0,34.0,1798.0,10449.0,934.0,606.0,1297.178313965282,6.844181433102554,151907.07211931224,443.0,NORMAL
21.354025194341954,8.0,25.0,5417.0,2612.0,463.0,1292.0,3181.408019982443,12.05955610511287,813169.6311931887,80.0,NORMAL
28.021749781210715,16.0,8.0,7929.0,2634.0,1105.0,1180.0,323.664578256992,4.557867288544794,1074056.746197865,443.0,NORMAL
0.5693882834041895,9.0,6.0,449.0,244.0,82.0,76.0,79.86490998170305,7.546678021338674,87695.1272487185,3389.0,BruteForce
23.249955539292063,7.0,18.0,834.0,2693.0,914.0,191.0,1002.412581035187,13.171730631175851,930811.7542141204,80.0,NORMAL
11.611842292954323,15.0,18.0,4231.0,11103.0,773.0,392.0,1485.1307395936317,7.290233347185486,974596.4668803927,80.0,NORMAL
34.378185875751676,19.0,34.0,7852.0,3682.0,470.0,1144.0,1411.747343327999,2.405548285790783,945580.0042694559,443.0,NORMAL
26.310647615126083,49.0,33.0,10678.0,6977.0,1310.0,343.0,585.0962222254147,5.225408105168549,979405.0395501568,443.0,NORMAL
0.03462248757690574,2549.0,0.0,51225.0,0.0,47.0,0.0,551625.5909013894,8711.701643004795,106.16249254448697,80.0,DoS
26.409205658733907,13.0,4.0,2504.0,26128.0,656.0,492.0,1049.4955672813835,12.790497747709882,630381.6768276934,80.0,NORMAL
35.42011589120111,42.0,40.0,6484.0,5098.0,116.0,1016.0,1102.0476767669097,9.55555228980877,782995.994949749,443.0,NORMAL
1.287961460190343,1984.0,0.0,160076.0,0.0,52.0,0.0,108478.10267634201,4863.9232925170745,412.25637218159557,80.0,DoS
1.3696258117251432,2.0,2.0,108.0,242.0,60.0,166.0,3886.1534723620375,19.461242722826658,248295.36331585326,53.0,NORMAL
37.41155420963777,13.0,16.0,6897.0,15407.0,662.0,1283.0,1011.2661329117584,4.766816102872418,1587503.8604774356,443.0,NORMAL
27.384949889785304,30.0,14.0,2257.0,6255.0,1090.0,238.0,1482.8687714304933,4.8253485535997624,393553.4418410765,443.0,NORMAL
0.9523126902902235,2.0,1.0,59.0,229.0,47.0,149.0,2521.9969187382926,2.778168005837203,450180.3884191477,53.0,NORMAL
4.418740375130914,9.0,25.0,1027.0,11465.0,923.0,295.0,2983.559677025651,4.579652212592361,870451.3563506489,80.0,NORMAL
1.5745192821896654,1.0,3.0,114.0,86.0,45.0,118.0,1014.7558002459509,14.46350421019091,371252.6472747908,53.0,NORMAL
0.34624881848444095,2.0,3.0,120.0,147.0,90.0,70.0,2651.017959144462,12.784024194372586,61598.68218315556,53.0,NORMAL
1.1118532212739856,3.0,2.0,143.0,100.0,47.0,80.0,548.5124219379269,11.027038908896126,423934.9438629356,53.0,NORMAL
42.51747267018695,34.0,5.0,9554.0,4055.0,1235.0,1255.0,1988.9302041952953,3.1673663689723104,179677.76463785063,443.0,NORMAL
36.21372808609647,8.0,30.0,7739.0,18349.0,1385.0,231.0,1067.8635521088436,3.913130699763317,403410.07367795974,443.0,NORMAL
4.51195732051853,22.0,21.0,14963.0,7787.0,830.0,801.0,1261.2928285305675,9.450865218939434,1050013.9827001763,443.0,NORMAL
0.5809806344562535,1.0,3.0,33.0,213.0,88.0,177.0,268.61372368868444,14.34837728593243,172679.49470243213,53.0,NORMAL
38.54938472307457,22.0,47.0,6353.0,6349.0,183.0,100.0,1315.2433221749204,6.205189270509844,1135186.7939090892,443.0,NORMAL
15.168246671490209,26.0,3.0,4076.0,12488.0,657.0,1094.0,532.0416337764037,10.430381719587809,94354.43247434063,80.0,NORMAL
1.5970991485579344,1.0,3.0,120.0,186.0,45.0,125.0,464.6575396413607,18.625686475722947,184419.01008180817,53.0,NORMAL
1.47374121083869,1877.0,0.0,186106.0,0.0,58.0,0.0,897304.8979592118,2936.647379681088,86.05804714550074,80.0,DoS
0.749715432818979,1.0,3.0,148.0,112.0,72.0,131.0,3642.1335917912743,3.1478176400360374,179526.88081990278,53.0,NORMAL
20.5229834663063,42.0,46.0,10280.0,14142.0,692.0,637.0,1261.5284312754202,9.08902510184754,1324118.445342386,443.0,NORMAL
22.371891057485016,29.0,15.0,9691.0,1944.0,611.0,212.0,424.3909446147943,8.283207887049208,1761435.9722607275,443.0,NORMAL
0.4921395086347384,3.0,1.0,151.0,82.0,44.0,161.0,584.1145014338078,4.288801275230651,83955.4749003305,53.0,NORMAL
23.854676982490847,29.0,19.0,2531.0,8645.0,145.0,1343.0,574.1892322075739,12.211950865163027,532373.7444501088,80.0,NORMAL
1.628770624709261,2.0,3.0,58.0,194.0,79.0,176.0,2837.242477344323,1.765357782110931,84133.95989074139,53.0,NORMAL
23.208620494326873,21.0,3.0,9145.0,8476.0,603.0,1201.0,1166.2437702782822,12.705938635102013,265746.13189628895,80.0,NORMAL
7.74724518940016,10.0,16.0,8577.0,9518.0,1026.0,163.0,3648.0250008993544,13.101225419135918,175888.28260225314,80.0,NORMAL
25.577383880455237,22.0,42.0,12772.0,3882.0,1161.0,116.0,1837.912756945641,8.0357771484854,351888.44781210786,443.0,NORMAL
30.170797977452306,35.0,8.0,2241.0,9075.0,820.0,532.0,1086.600487526904,6.663586933499442,113282.49225843075,443.0,NORMAL
0.8954688483221352,3982.0,0.0,87888.0,0.0,45.0,0.0,404950.0404820204,3268.1977725175097,258.53139771395564,80.0,DoS
44.9982931811427,20.0,20.0,9774.0,5329.0,635.0,962.0,698.328140300761,4.288804548371665,1326728.905291592,443.0,NORMAL
0.9007426996201197,1326.0,0.0,21094.0,0.0,46.0,0.0,918213.6586057947,1866.0154367017087,212.93285293589483,22.0,DoS
19.367154250204216,49.0,46.0,3179.0,15385.0,360.0,578.0,217.88599480147616,1.350975204297076,668471.4616502783,443.0,NORMAL
1.9382074985891096,2.0,2.0,170.0,56.0,89.0,164.0,3782.761133411067,7.378814288616439,485263.1738727279,53.0,NORMAL
1.4514115276199022,1.0,2.0,132.0,85.0,113.0,132.0,1800.8641699291716,1.4629937605241004,304335.05183881166,53.0,NORMAL
26.000556965277006,36.0,14.0,8058.0,10117.0,807.0,427.0,208.3125298344155,8.38953177252293,1413071.354340814,443.0,NORMAL
19.92618223572191,20.0,29.0,8387.0,44592.0,1292.0,1221.0,4084.1890535199386,11.538540749519601,879228.8406342526,80.0,NORMAL
0.6875792521917832,2.0,3.0,38.0,294.0,57.0,106.0,1111.9919350139323,15.77123103911665,479221.8518057085,53.0,NORMAL
38.52132772265998,16.0,13.0,5839.0,1594.0,341.0,1074.0,1855.3085859661223,2.8152611146712654,1170464.1343487527,443.0,NORMAL
38.303592987252294,45.0,16.0,4659.0,14054.0,192.0,891.0,107.71511394506376,4.151511919476289,1679257.116431245,443.0,NORMAL
42.19154112716496,14.0,27.0,14280.0,10395.0,874.0,322.0,349.2516974495174,2.024526525011898,1497685.885413267,443.0,NORMAL
1.977620669772679,2.0,2.0,108.0,113.0,43.0,144.0,1982.843695572298,2.445109153488943,250813.35446882353,53.0,NORMAL
15.855155453696485,21.0,41.0,2359.0,18143.0,1378.0,784.0,256.183020015674,1.9464712360628282,534315.411539152,443.0,NORMAL
9.957177166267266,8.0,27.0,1392.0,26849.0,152.0,1072.0,3937.9931191957044,10.116913270304707,767047.2298858345,80.0,NORMAL
31.156619214996557,30.0,7.0,5327.0,13270.0,1183.0,901.0,1390.3952652052974,1.5277732445842758,326828.65733147936,443.0,NORMAL
19.67829014798476,28.0,3.0,6109.0,24351.0,403.0,687.0,2477.3367569937473,9.335673753860947,297127.6846008962,80.0,NORMAL
31.374223881851723,23.0,19.0,7192.0,1064.0,235.0,854.0,1743.4402629179124,4.6383882213145196,1028269.7972142207,443.0,NORMAL
0.13548646589672497,1.0,2.0,152.0,119.0,62.0,112.0,3722.5111996332284,16.756405419155474,404417.5090541751,53.0,NORMAL
8.295753645227949,3.0,24.0,4238.0,21137.0,768.0,332.0,4044.1398490772076,4.8454360482304155,859439.5839886206,80.0,NORMAL
0.6954304766162548,4.0,4.0,490.0,317.0,53.0,107.0,313.0847427720909,7.923402016462461,284428.6856119471,22.0,BruteForce
35.9101325760732,13.0,48.0,7900.0,3742.0,373.0,532.0,1138.9238492375732,8.739196915946565,1035054.5855549459,443.0,NORMAL
1.0408288601909341,1.0,2.0,62.0,115.0,45.0,120.0,2553.052458207196,9.1481805789199,378603.60551941476,53.0,NORMAL
0.8922128697871465,3857.0,0.0,178577.0,0.0,46.0,0.0,764601.8083217894,6490.105681360863,487.59162715856934,443.0,DoS
1.7467336632800956,1.0,3.0,132.0,280.0,72.0,95.0,4587.132208553758,6.129749723135376,156466.90019016407,53.0,NORMAL
29.35460806227223,18.0,43.0,3670.0,1863.0,1050.0,682.0,838.0809209608934,0.9942835460235278,1096780.093076812,443.0,NORMAL
26.395217208938423,30.0,19.0,14277.0,12972.0,1147.0,1280.0,795.1562359830538,6.287764377933262,1810044.8355496791,443.0,NORMAL
1.554022949917585,2234.0,0.0,84095.0,0.0,47.0,0.0,322811.8299384817,5728.631726096458,52.84193598296315,22.0,DoS
9.771100937433664,26.0,36.0,10632.0,17600.0,194.0,299.0,1681.7248717773257,2.2545989801949506,979649.9637768533,443.0,NORMAL
37.22208150084364,8.0,48.0,9328.0,12774.0,1359.0,1096.0,1550.1684896769286,5.385347585687157,1287200.365435796,443.0,NORMAL
0.24500259881229539,2.0,2.0,155.0,127.0,80.0,140.0,4589.840600206757,11.640048272135855,121678.22311592556,53.0,NORMAL
19.82716003507116,26.0,16.0,8390.0,49277.0,212.0,1316.0,1367.6487515812762,5.283477474386033,773426.9535344712,80.0,NORMAL
31.68964656560761,39.0,46.0,5368.0,3558.0,1150.0,435.0,911.8814821455309,5.532386994682341,1580185.253375121,443.0,NORMAL
15.519898310037341,27.0,25.0,1440.0,21360.0,758.0,729.0,3971.721190747212,14.918674416796874,684001.4415629475,80.0,NORMAL
8.010257059816244,46.0,17.0,6013.0,10118.0,1336.0,550.0,738.3309322519391,6.265167184228002,1707927.0076985466,443.0,NORMAL
40.163591484359756,25.0,26.0,12244.0,5297.0,1343.0,425.0,219.94730461646083,2.9319583950024826,454362.69729297434,443.0,NORMAL
0.21057283775592292,2.0,2.0,162.0,150.0,60.0,171.0,849.8653914494743,8.871359419744717,26904.863981411527,53.0,NORMAL
0.8083647347555247,611.0,0.0,61364.0,0.0,53.0,0.0,859092.413564055,7184.119514916115,139.06432521952965,80.0,DoS
52.5595145761884,21.0,40.0,13504.0,18133.0,1345.0,1171.0,1607.6904028166166,2.655047407260036,557187.9307858328,443.0,NORMAL
1.6458447682163062,1.0,3.0,122.0,51.0,83.0,161.0,4906.97672265688,19.032530639896244,349504.27607229166,53.0,NORMAL
12.773004604819564,20.0,40.0,1025.0,16970.0,1273.0,634.0,1451.3318347939546,4.310158451239435,1585986.479466443,443.0,NORMAL
0.7334922050755063,744.0,0.0,49716.0,0.0,43.0,0.0,169370.3885368536,2600.522722490307,24.676532608195494,443.0,DoS
59.80157338736042,42.0,32.0,11559.0,4574.0,984.0,208.0,664.4684410557575,5.6848861113533005,1193387.0888206754,443.0,NORMAL
1.6767945940103506,3.0,1.0,107.0,131.0,41.0,81.0,1564.640252212179,15.402537078612953,97338.9465642733,53.0,NORMAL
1.527007629424935,2.0,2.0,121.0,192.0,73.0,116.0,418.7872216400065,12.970921251469541,292109.6392013407,53.0,NORMAL
18.276500165356918,37.0,7.0,3980.0,16560.0,1033.0,1144.0,1396.1480156902783,6.41329280765828,1132602.3487302903,443.0,NORMAL
0.49982480221683223,1.0,0.0,67.0,0.0,62.0,0.0,147.1835853853085,84.45604541746413,4980.201257961067,18896.0,PortScan
1.737284248395853,4383.0,0.0,135357.0,0.0,53.0,0.0,323711.9534458678,2829.3737719399765,441.2512266771884,22.0,DoS
5.31832021119674,19.0,9.0,3357.0,2013.0,675.0,1282.0,4242.917518434859,4.368716941820156,237387.63877569267,80.0,NORMAL
21.993671432241502,24.0,24.0,9301.0,17229.0,737.0,1029.0,3763.0026731958296,2.5856834647545694,316604.9460771204,80.0,NORMAL
14.372727731392294,31.0,37.0,10945.0,7004.0,772.0,640.0,985.762969024983,1.9711699764550266,878166.5845575433,443.0,NORMAL
5.659180569258888,40.0,41.0,1051.0,16668.0,949.0,1355.0,1477.3349714194521,1.0082329768425073,937910.641769211,443.0,NORMAL
23.259765623172736,44.0,12.0,4629.0,7553.0,673.0,963.0,414.3391160358677,7.751288749310001,1462368.2510146995,443.0,NORMAL
4.289749318233707,6.0,7.0,485.0,129.0,61.0,75.0,293.98610257395165,7.730278246754785,61388.763941934725,21.0,BruteForce
0.5376254233790053,1.0,3.0,55.0,163.0,49.0,165.0,1548.9696483138407,8.340754911493086,388749.661036479,53.0,NORMAL
0.7974686112164782,2.0,1.0,73.0,64.0,55.0,144.0,1752.2099373950937,11.241746261937747,278304.03386116296,53.0,NORMAL
1.5445622952805613,1464.0,0.0,133632.0,0.0,47.0,0.0,981709.8998862604,8873.226149698323,110.52683916654851,443.0,DoS
18.482179106903416,15.0,13.0,10422.0,19268.0,1301.0,266.0,1376.3681800882366,4.551415602157022,538489.4527759829,443.0,NORMAL
15.281261019178524,32.0,48.0,13791.0,18434.0,816.0,1153.0,158.64945183067593,9.357343030061816,1382598.644754777,443.0,NORMAL
1.4521779263042944,36.0,42.0,10004.0,5722.0,492.0,738.0,1838.585739674841,8.525871937068526,883977.3826121665,443.0,NORMAL
0.8703270740554889,3678.0,0.0,147631.0,0.0,40.0,0.0,627383.812621254,1208.3719024867723,250.13432555261946,22.0,DoS
14.66863038162316,26.0,20.0,7030.0,18715.0,822.0,453.0,805.2666746321963,9.30309869156773,1629282.4461839043,443.0,NORMAL
16.65424211577255,30.0,32.0,13899.0,6315.0,512.0,430.0,954.578088974836,5.934898763917649,1930571.4578721002,443.0,NORMAL
19.503720806020738,16.0,18.0,2338.0,34359.0,637.0,440.0,1093.230950809515,1.867098234881662,899923.3972730589,80.0,NORMAL
9.222008370296624,44.0,48.0,9011.0,17732.0,1343.0,509.0,436.7225282822924,1.5756450263865667,324311.9095474469,443.0,NORMAL
18.932608223046614,22.0,18.0,13735.0,4065.0,1055.0,536.0,1989.843023620409,7.960041829584422,280678.2196251858,443.0,NORMAL
1.8313440563450276,1.0,1.0,108.0,158.0,107.0,168.0,3229.7696736959965,11.009175994243643,52504.653760494344,53.0,NORMAL
0.8761873965521282,2317.0,0.0,178683.0,0.0,59.0,0.0,902625.7730217095,7932.952745634412,135.59413684969178,22.0,DoS
0.24644433205764288,2.0,2.0,145.0,268.0,42.0,172.0,4750.932696123541,11.000716678792916,336400.0176068937,53.0,NORMAL
1.6609833193504326,2155.0,0.0,41555.0,0.0,40.0,0.0,951356.2265503408,4800.817829302503,239.93935329140325,443.0,DoS
16.855908506570074,25.0,11.0,8057.0,14150.0,983.0,1286.0,4200.560918347277,4.295343508598833,663242.7376786296,80.0,NORMAL
0.5347207980586208,1623.0,0.0,108246.0,0.0,53.0,0.0,209709.53605164867,5856.1647338649545,208.9557113373919,80.0,DoS
0.19617461130901448,1.0,0.0,62.0,0.0,61.0,0.0,2482.169335365766,95.1940732128959,2857.930247729341,39918.0,PortScan
57.823791583761256,47.0,17.0,7436.0,7962.0,408.0,908.0,580.8603661207111,0.6406325167754093,900061.7552433776,443.0,NORMAL
0.08663283033824211,1.0,0.0,77.0,0.0,40.0,0.0,2216.203965356326,88.39372384881807,4481.284831324192,21997.0,PortScan
2.762640060136797,9.0,5.0,217.0,291.0,55.0,80.0,191.8818332847129,7.440118366594809,79938.1803128417,21.0,BruteForce
2.851197702568314,3.0,16.0,9912.0,17958.0,508.0,280.0,2081.1848864045505,2.0019759407742095,820052.7737804329,80.0,NORMAL
1.8520459017971864,2.0,1.0,113.0,245.0,46.0,120.0,900.7127251627327,4.32281112300179,294204.9086271921,53.0,NORMAL
1.3980295956881712,4635.0,0.0,144718.0,0.0,51.0,0.0,848157.5186716847,7638.2301653374425,86.95458740844633,443.0,DoS
0.5853945552420183,2467.0,0.0,23852.0,0.0,45.0,0.0,805041.2172773541,3137.2375524176737,286.78599418745694,22.0,DoS
30.23398765616571,16.0,45.0,13990.0,7525.0,455.0,907.0,831.7376347465222,6.276591710398557,1279690.4387387678,443.0,NORMAL
8.161798671404979,16.0,37.0,3867.0,10680.0,331.0,260.0,1456.3937917234148,5.843967014243511,1198588.7507855326,443.0,NORMAL
8.603903592728305,24.0,43.0,14180.0,15325.0,518.0,534.0,1495.214475615197,6.006471012039869,229455.101175319,443.0,NORMAL
0.4317823822540983,1.0,0.0,65.0,0.0,50.0,0.0,714.8574564203896,22.21895178719605,9473.418506265067,43422.0,PortScan
19.470359750827008,11.0,3.0,5694.0,30321.0,1116.0,1210.0,684.457647629235,11.254981566006578,216728.99298660262,80.0,NORMAL
0.4907860153078112,1754.0,0.0,71586.0,0.0,51.0,0.0,956171.1964829977,7691.303111544688,246.31749031001036,443.0,DoS
0.673390755838525,4.0,6.0,336.0,204.0,114.0,76.0,306.65115221718935,3.8709412014976223,454464.26256361627,22.0,BruteForce
1.742902452892224,1.0,3.0,102.0,96.0,87.0,74.0,1345.289399210595,10.098303492033015,40364.34986017413,53.0,NORMAL
18.747626861892805,6.0,29.0,5507.0,3713.0,135.0,533.0,4990.915874579064,10.139015324728545,792867.47975061,80.0,NORMAL
1.0675594164453353,3.0,3.0,50.0,294.0,74.0,176.0,1520.0686638521183,14.178482496515704,179902.37499336788,53.0,NORMAL
49.90411858707396,38.0,39.0,4937.0,2459.0,857.0,373.0,1012.3295395332201,9.535121681369553,1801832.0936318845,443.0,NORMAL
52.76501124374937,20.0,49.0,2860.0,16739.0,315.0,1327.0,1570.8558515441116,7.087271749589079,1258670.7593406742,443.0,NORMAL
1.3267871643579892,3.0,3.0,61.0,122.0,90.0,107.0,4239.222039443107,19.92491437346135,424583.17278971005,53.0,NORMAL
0.5638854071719543,2.0,3.0,104.0,167.0,97.0,123.0,1910.8206193901715,11.587308483657715,351880.7321376429,53.0,NORMAL
1.0179724165377717,4825.0,0.0,20013.0,0.0,50.0,0.0,690779.323823956,6405.675422232986,398.3669558933034,80.0,DoS
0.8173553790763192,3.0,2.0,106.0,95.0,46.0,138.0,633.1139192193214,4.851481607776453,291394.31891048787,53.0,NORMAL
0.5051747957751074,3.0,1.0,169.0,196.0,70.0,114.0,3651.9082254928576,1.932620933076619,397336.0715450484,53.0,NORMAL
23.209256844088042,29.0,22.0,2420.0,40974.0,1176.0,473.0,4212.497270246893,12.952964632072325,692645.5921847938,80.0,NORMAL
21.09564582829621,32.0,13.0,5227.0,19390.0,783.0,207.0,1789.168483853083,4.866351960783523,316353.0049501932,443.0,NORMAL
23.08057582924506,19.0,14.0,915.0,35427.0,1088.0,1348.0,1007.1217472627538,2.9000684086095756,966386.1261353594,80.0,NORMAL
1.0772445220382776,2.0,3.0,33.0,110.0,73.0,146.0,54.36454819519755,5.752952826486955,229470.58959451588,53.0,NORMAL
26.262864750721544,5.0,46.0,13598.0,4765.0,419.0,1357.0,1131.5985106864985,5.155861566536434,1560742.1468526123,443.0,NORMAL
43.73599021059573,33.0,48.0,11172.0,1014.0,235.0,812.0,1722.021856563975,3.197223763724696,1652730.196276875,443.0,NORMAL
0.5064589096191032,6.0,5.0,429.0,371.0,136.0,54.0,450.43586367852186,4.161952563782172,255217.72042050923,3389.0,BruteForce
0.7993251536517111,3.0,2.0,99.0,295.0,59.0,159.0,3395.935029679416,7.377875227618443,417166.9033275926,53.0,NORMAL
48.1914601008916,35.0,48.0,6263.0,1639.0,1082.0,241.0,1638.7750128408504,5.94925496817613,358033.5005814653,443.0,NORMAL
0.22672698656647167,1.0,1.0,88.0,181.0,44.0,128.0,1001.2146953846166,1.8954937821233566,219050.30644212276,53.0,NORMAL
17.820614952936978,20.0,42.0,2868.0,9599.0,1096.0,1254.0,1798.390549172164,5.079848772982559,1496526.2360755159,443.0,NORMAL
0.3506595895733983,2.0,2.0,62.0,65.0,46.0,143.0,4123.8155044509485,3.910209394111005,292970.6492604421,53.0,NORMAL
19.030648713922677,11.0,35.0,3845.0,19448.0,643.0,728.0,1353.4385160794745,9.515545473391347,1103003.129682446,443.0,NORMAL
1.4008759274220737,3.0,1.0,169.0,167.0,92.0,83.0,4444.344372678028,17.840894333888116,429696.5454190438,53.0,NORMAL
1.4107083308589499,1.0,1.0,84.0,290.0,76.0,101.0,4002.2199148885998,14.83405941653776,135716.1245851941,53.0,NORMAL
40.974993780078236,33.0,20.0,12698.0,9523.0,803.0,192.0,1154.2993147328978,6.121050000559534,1426745.1605981241,443.0,NORMAL
48.433551945598694,45.0,37.0,2620.0,4333.0,1319.0,1228.0,1505.0188126805226,0.9644381802992597,687281.4285294476,443.0,NORMAL
54.203957535989986,41.0,29.0,11919.0,6054.0,242.0,843.0,905.4339162265013,4.517613002612233,500624.1019082193,443.0,NORMAL
0.4660168321806033,2.0,1.0,175.0,134.0,42.0,119.0,644.7050698601959,17.67606914009831,199616.88996091008,53.0,NORMAL
37.40692445095028,19.0,5.0,12529.0,13777.0,349.0,767.0,1027.3586066745747,2.7539556325295584,623051.2579569279,443.0,NORMAL
1.4599979564762824,3.0,1.0,101.0,225.0,113.0,141.0,1005.5218893069595,2.3637970227679785,447775.5847037555,53.0,NORMAL
0.28121526434812116,3.0,3.0,41.0,230.0,105.0,77.0,2547.272670720975,9.779832893427912,62601.115916267176,53.0,NORMAL
17.518766525956767,34.0,9.0,5637.0,7961.0,493.0,1288.0,990.8966724666894,3.60169611280089,626262.4939523749,443.0,NORMAL
38.046122979963556,25.0,30.0,8743.0,10695.0,357.0,181.0,1884.9200914896135,2.049125739920604,509066.76491074765,443.0,NORMAL
1.369255066698326,1.0,1.0,81.0,133.0,46.0,126.0,4703.672309271599,1.2324378836230583,134376.33365612885,53.0,NORMAL
42.455392612045465,49.0,29.0,13113.0,5635.0,276.0,668.0,294.58493394091715,7.412033274002242,1084051.2939187395,443.0,NORMAL
0.03962629338688434,1.0,0.0,52.0,0.0,65.0,0.0,704.369313343652,92.60302047083653,8637.886542308994,47536.0,PortScan
0.8418084044200452,4192.0,0.0,34570.0,0.0,45.0,0.0,761736.9667778014,8448.028354031381,273.8707231646917,443.0,DoS
21.967689552458626,8.0,27.0,1347.0,10572.0,1312.0,911.0,706.3650795149672,8.093589088956886,468656.90165524796,443.0,NORMAL
0.9072585558909526,1.0,1.0,96.0,297.0,67.0,95.0,1762.7940472328687,18.955881562408617,184352.5665320458,53.0,NORMAL
34.633609035272535,36.0,22.0,10840.0,12439.0,205.0,392.0,929.7728604957666,1.173412305186698,517527.40232972795,443.0,NORMAL
22.885519481308148,8.0,10.0,6878.0,18441.0,1344.0,1326.0,337.72070333402246,7.745344255682599,1237161.3396571868,443.0,NORMAL
38.42745764342954,22.0,25.0,9744.0,10047.0,716.0,1054.0,475.435031198051,5.937936590743473,602662.3431916116,443.0,NORMAL
1.584021143748711,2.0,2.0,134.0,230.0,81.0,99.0,1880.4503402305606,7.5877817237851035,257997.30787479284,53.0,NORMAL
0.9153976532049779,2.0,1.0,80.0,98.0,76.0,171.0,1409.35116928134,4.993899109328726,101832.66470586149,53.0,NORMAL
17.33204415968704,45.0,30.0,6806.0,5939.0,595.0,232.0,1255.3922550189743,1.4076266322244502,217428.05519456457,443.0,NORMAL
35.474544403462914,42.0,49.0,5184.0,2953.0,1369.0,438.0,1653.150535963211,8.153050366864461,1822899.8673834477,443.0,NORMAL
48.48949983364488,19.0,47.0,3989.0,7665.0,971.0,870.0,980.4286231460075,7.228629843743742,864123.8113805801,443.0,NORMAL
0.4108953558312684,2.0,1.0,136.0,65.0,83.0,103.0,4667.9008361546275,6.250009416906705,33051.39561904778,53.0,NORMAL
57.35179723021038,39.0,36.0,14219.0,1527.0,390.0,1184.0,681.5975242994721,9.539650394177235,1467809.309130929,443.0,NORMAL
52.10439260072118,22.0,8.0,5321.0,9841.0,368.0,832.0,1528.2623788091184,8.112466516126991,973826.9517148054,443.0,NORMAL
0.8435507422571689,1.0,1.0,133.0,118.0,54.0,62.0,1645.8296157987015,12.365657155107677,125788.89976563342,53.0,NORMAL
29.938677663215458,9.0,9.0,9848.0,12484.0,617.0,1363.0,4566.894834288819,14.10923377079749,962181.4868824856,80.0,NORMAL
7.852198651831011,22.0,46.0,9217.0,2376.0,721.0,1140.0,559.5523086162016,4.224257032750282,753910.7008284274,443.0,NORMAL
5.8481283811092135,35.0,24.0,7454.0,12424.0,245.0,388.0,1354.2269440999478,3.0754019592588886,301615.5741969149,443.0,NORMAL
57.08133210258601,49.0,10.0,3659.0,5087.0,1321.0,519.0,1108.3074680186432,4.2776736540686215,1905735.573940314,443.0,NORMAL
59.27241247180217,48.0,37.0,10891.0,7617.0,653.0,945.0,935.5601573874728,4.158456449934912,781053.949553771,443.0,NORMAL
0.42607526731323314,1.0,0.0,56.0,0.0,40.0,0.0,904.7974147345003,77.66808567129459,8234.08948051188,14154.0,PortScan
7.517972674752285,5.0,7.0,4573.0,1589.0,946.0,261.0,224.97573648117475,9.471778102596344,1110247.0935039995,443.0,NORMAL
10.37558189249186,22.0,8.0,4807.0,7695.0,1368.0,498.0,1236.2348931896097,9.704294817484747,1434895.4829320183,443.0,NORMAL
0.08032867877335426,3.0,3.0,58.0,233.0,73.0,165.0,4443.502937561291,15.781252045155957,239445.904229982,53.0,NORMAL
1.4144758709222023,2.0,1.0,142.0,272.0,103.0,130.0,2924.1251882867705,12.474179715649061,463731.0012520101,53.0,NORMAL
1.5042175024043816,3.0,3.0,89.0,206.0,69.0,171.0,4623.0839307772985,5.789444164239209,156858.66907629164,53.0,NORMAL
1.6808791613927796,1186.0,0.0,58868.0,0.0,46.0,0.0,723378.091375415,3099.437737697819,372.85688449033404,443.0,DoS
0.5350911033194407,3.0,3.0,59.0,168.0,119.0,63.0,3105.5056488936416,18.40139837436492,48176.95765070186,53.0,NORMAL
33.020742157508174,17.0,32.0,12542.0,15349.0,1161.0,1355.0,258.5916608457187,3.644272659655977,1119937.2620271666,443.0,NORMAL
0.14767333012164455,1.0,0.0,57.0,0.0,48.0,0.0,716.7895464704276,81.16041172490735,7977.108687831984,27372.0,PortScan
9.089472638010944,42.0,31.0,1784.0,7071.0,1317.0,141.0,1668.330139649497,3.631641719103386,1960939.1197454608,443.0,NORMAL
58.88748017571749,25.0,44.0,12662.0,4851.0,1212.0,1082.0,1865.5729389619582,2.709401140196647,1849636.973844933,443.0,NORMAL
39.329152290549736,41.0,39.0,4891.0,15256.0,186.0,408.0,380.52263601060173,5.391917456079444,197786.73983434122,443.0,NORMAL
0.275194808539987,3.0,1.0,153.0,61.0,80.0,84.0,1927.0823789486078,10.166100922771841,347433.07822649233,53.0,NORMAL
28.686140447046533,24.0,26.0,8190.0,3928.0,626.0,1285.0,1898.0683681207402,2.1463940064584497,580884.842435721,80.0,NORMAL
22.89780573306611,21.0,23.0,6174.0,43412.0,967.0,307.0,533.7512974156712,7.765419722808605,800676.3373887872,80.0,NORMAL
42.71161275988725,14.0,40.0,2245.0,16654.0,1125.0,1211.0,1890.0785458257712,3.7956765435235242,1944732.9336892532,443.0,NORMAL
3.7624165316389684,6.0,7.0,407.0,181.0,121.0,65.0,478.1966129225673,4.212882922709313,213894.636531525,22.0,BruteForce
37.036024193470325,41.0,20.0,1613.0,1183.0,698.0,1053.0,1492.1028136539223,2.2810536429032404,208176.4181808955,443.0,NORMAL
59.80511437732563,21.0,25.0,13454.0,14042.0,276.0,610.0,1751.4474415629697,3.1479164116861074,1337050.05392358,443.0,NORMAL
3.3194162506248373,27.0,14.0,1656.0,5316.0,1242.0,232.0,328.36392874652347,5.597898577122106,1735501.7239578825,443.0,NORMAL
26.59724730504041,30.0,16.0,10522.0,3369.0,131.0,365.0,154.84319497025842,0.6765131735234422,1382049.7786436956,443.0,NORMAL
16.898102096522496,20.0,4.0,7423.0,21644.0,736.0,1055.0,1019.7267503873153,7.475297598954039,191707.11644272663,80.0,NORMAL
0.2223059046108939,1.0,1.0,147.0,58.0,67.0,175.0,3476.5853434993755,17.42903450119081,436377.3208313,53.0,NORMAL
0.5115932878026532,1.0,1.0,93.0,66.0,115.0,90.0,4703.131284053723,16.106825185035117,73838.46353732375,53.0,NORMAL
26.224920083154426,19.0,8.0,3108.0,6396.0,151.0,269.0,1631.2657957029844,3.6110256737889195,136889.56376547468,443.0,NORMAL
0.43469472608162496,3.0,2.0,104.0,104.0,100.0,163.0,1311.7365392883905,2.0534367644065763,301947.74986529775,53.0,NORMAL
41.185953383933985,36.0,11.0,12362.0,15245.0,1146.0,858.0,1910.452088680359,1.1597543475168086,1605842.6084571206,443.0,NORMAL
0.20407672069064986,2.0,1.0,79.0,267.0,104.0,127.0,3493.152422805937,2.5977033839471972,101763.81329345125,53.0,NORMAL
1.9282431212974707,2.0,3.0,107.0,122.0,96.0,115.0,1823.046515500291,1.627671407386708,245217.61917856906,53.0,NORMAL
1.640458072770663,2989.0,0.0,22674.0,0.0,48.0,0.0,382392.3569013392,8941.948974627818,424.46456455260574,80.0,DoS
53.98380238804923,28.0,42.0,6497.0,4515.0,201.0,464.0,1265.6778971632739,0.8879186808541022,990679.602733942,443.0,NORMAL
1.6781193620908792,4752.0,0.0,191600.0,0.0,46.0,0.0,996096.9725221443,3822.9576254746794,154.9944741334271,22.0,DoS
0.8277154633343784,2.0,3.0,116.0,214.0,86.0,117.0,275.0526799921515,2.5874438666262396,132446.34936323343,53.0,NORMAL
46.76109920459432,29.0,45.0,14017.0,16798.0,839.0,1379.0,848.815428674184,7.896276869159616,563752.0198787231,443.0,NORMAL
24.39602415695494,7.0,37.0,1386.0,17042.0,970.0,723.0,218.22592803925983,7.212327736068481,1810868.4382211666,443.0,NORMAL
1.080081315294996,2527.0,0.0,97497.0,0.0,56.0,0.0,391901.6241983246,7690.127345267588,319.2880988804021,443.0,DoS
18.297144324184238,11.0,15.0,8815.0,41254.0,660.0,810.0,1697.06194284555,9.082604184283042,231666.3356662028,80.0,NORMAL
0.844207422680999,1.0,2.0,34.0,107.0,52.0,108.0,198.68717478632058,16.977910389859268,236148.77296914303,53.0,NORMAL
1.326371110624492,2.0,1.0,174.0,121.0,43.0,70.0,4745.605296693245,1.0644793160823505,208740.43780208338,53.0,NORMAL
12.673706614106083,5.0,26.0,3100.0,15392.0,1224.0,414.0,2490.058780983421,13.9769909293287,202926.5641313814,80.0,NORMAL
0.7203336233330319,1.0,3.0,158.0,257.0,105.0,150.0,2104.1162336023344,18.628017057814603,60892.83408346359,53.0,NORMAL
12.693654812513333,20.0,7.0,904.0,10821.0,1010.0,982.0,2405.305474155609,11.304211495720642,583094.145978743,80.0,NORMAL
6.945902081268173,45.0,19.0,14932.0,14965.0,922.0,937.0,244.8779722578816,4.554993389005292,826890.0410496527,443.0,NORMAL
30.397085253543764,29.0,45.0,2387.0,18836.0,1269.0,1004.0,1586.2351008970345,6.109154167399692,381616.30862668157,443.0,NORMAL
1.3679716595967302,2.0,3.0,86.0,269.0,58.0,80.0,4531.873617939439,12.278038822785359,57739.215288829044,53.0,NORMAL
1.9401995145667328,2765.0,0.0,147830.0,0.0,54.0,0.0,687726.9311937047,6008.472264910587,363.4478353805225,443.0,DoS
1.5650802834650885,1.0,2.0,47.0,219.0,62.0,111.0,1111.6955914580951,13.188362811919523,384458.4747373645,53.0,NORMAL
0.49790728528114153,1.0,3.0,52.0,178.0,79.0,109.0,2531.3463907727373,2.1543501887096257,18691.983045206685,53.0,NORMAL
25.9000213475307,34.0,7.0,11917.0,19766.0,259.0,1360.0,1737.6289017783208,5.4143167109556956,1368625.7472422956,443.0,NORMAL
0.0981441175428018,2.0,2.0,176.0,221.0,49.0,86.0,2555.423949281442,19.02720476512972,307429.84939643875,53.0,NORMAL
0.3813881222054745,2632.0,0.0,98760.0,0.0,42.0,0.0,952677.2140453726,5168.880592504151,297.6318402744377,80.0,DoS
0.20970190067369424,1.0,3.0,46.0,55.0,85.0,82.0,1596.681170618427,17.737020264833376,183180.84616204264,53.0,NORMAL
4.1257744363774655,11.0,20.0,6242.0,8464.0,1003.0,1004.0,4048.560733611295,3.4429798810272727,593959.3222709926,80.0,NORMAL
0.916181731886307,2.0,1.0,88.0,56.0,45.0,115.0,1104.360849644077,3.5308413518613238,462764.37207287236,53.0,NORMAL
1.365145071159508,1.0,3.0,149.0,122.0,111.0,107.0,4333.09557604547,7.139800215636526,48379.40636019527,53.0,NORMAL
58.88998450361799,44.0,9.0,6065.0,5314.0,641.0,1025.0,1060.529274516505,6.633826156517274,1951177.106956828,443.0,NORMAL
1.2899158527252905,1.0,2.0,97.0,248.0,75.0,130.0,2630.804148241946,12.987104187535873,31934.891837727042,53.0,NORMAL
3.4527986839731337,43.0,13.0,13495.0,5860.0,1030.0,1249.0,1262.8074049297468,9.158248099669198,182759.40267402772,443.0,NORMAL
0.40937104049924655,705.0,0.0,161216.0,0.0,55.0,0.0,389337.35892627295,5912.214956125443,39.516864891210375,22.0,DoS
1.3201441346938292,700.0,0.0,160740.0,0.0,56.0,0.0,258534.49687163107,5702.334780881071,420.2409017384381,80.0,DoS
0.23104315945605328,1.0,3.0,74.0,61.0,107.0,132.0,3403.01975487417,7.2153984074559165,294166.08743591694,53.0,NORMAL
2.497794983960347,21.0,46.0,9988.0,18905.0,885.0,873.0,1681.7583600614735,2.325357062617267,1389878.3970896746,443.0,NORMAL
3.166560387548447,39.0,41.0,1330.0,18166.0,500.0,1324.0,1509.5470341645255,7.473721199089472,830394.5927865598,443.0,NORMAL
39.004804067079036,49.0,31.0,3770.0,8026.0,490.0,1173.0,626.9458440839849,9.552432322406167,1054639.4058919712,443.0,NORMAL
0.3845167558155592,1513.0,0.0,61951.0,0.0,42.0,0.0,792484.2271424212,3913.2822881549464,427.0563339977942,80.0,DoS
1.7725729387116846,35.0,39.0,6283.0,14861.0,420.0,344.0,1467.693076565931,1.7449009868816079,694477.5339322723,443.0,NORMAL
58.821921941843144,23.0,22.0,1689.0,10717.0,452.0,787.0,956.1844876832379,3.7130569132338027,1953713.5662855043,443.0,NORMAL
36.77931451991581,47.0,32.0,10677.0,15455.0,274.0,530.0,1646.1217615783403,2.581134807666195,120701.3987481517,443.0,NORMAL
50.67996436820886,8.0,37.0,3329.0,5595.0,301.0,381.0,1125.0935926740342,1.470175131192027,685648.4967668896,443.0,NORMAL
32.41282025423781,48.0,29.0,12672.0,8535.0,336.0,364.0,606.287188297485,5.796238216959501,1195416.501459502,443.0,NORMAL
0.19065172310582457,1.0,3.0,76.0,151.0,84.0,85.0,4893.00309907068,9.167247347087637,413335.6146662707,53.0,NORMAL
1.3212044437685777,3.0,3.0,51.0,51.0,84.0,109.0,2136.9626046524186,18.63980470672725,35173.01712593565,53.0,NORMAL
53.66763095354152,13.0,30.0,7034.0,6965.0,705.0,1051.0,249.99923318958182,3.209356549701994,1357200.2768496634,443.0,NORMAL
53.81720342354476,21.0,25.0,12292.0,5409.0,629.0,1285.0,1114.6043809202488,7.513079602633251,1647620.2256389253,443.0,NORMAL
0.08817125729838605,1.0,2.0,34.0,294.0,54.0,100.0,3089.539781819087,12.549984650682566,402227.41939480667,53.0,NORMAL
1.3930081276246074,1.0,2.0,58.0,201.0,56.0,81.0,1777.6539284918495,8.794393439107282,135503.99356363318,53.0,NORMAL
18.62480884173761,16.0,7.0,4621.0,3615.0,1074.0,992.0,646.02183898558,8.284279524702644,883317.7927013215,443.0,NORMAL
38.378252934892785,44.0,46.0,9080.0,3417.0,1303.0,783.0,332.9765188691331,9.188303638037501,1953739.0496434157,443.0,NORMAL
0.6291916407580563,2.0,2.0,30.0,282.0,61.0,73.0,488.1950040666248,17.655376585365776,494969.7346314109,53.0,NORMAL
1.90014290517352,1958.0,0.0,39086.0,0.0,53.0,0.0,298753.6962532763,6605.095082038298,314.3661905779585,443.0,DoS
1.3075081130662114,3.0,2.0,123.0,284.0,81.0,150.0,487.64396582080127,1.0664611709977248,433192.6703293826,53.0,NORMAL
10.21300324460523,34.0,42.0,9751.0,12370.0,552.0,182.0,1526.5003824021655,2.5966834452336043,377125.56187865866,443.0,NORMAL
31.420165686175764,30.0,35.0,1073.0,12525.0,1065.0,155.0,138.51339077879993,9.348107333074058,1732779.2091812587,443.0,NORMAL
27.796050126897605,29.0,8.0,9623.0,23628.0,221.0,471.0,2900.227449981291,8.49250096223441,360788.44127401756,80.0,NORMAL
20.03628276915731,6.0,4.0,9923.0,17678.0,1387.0,169.0,3559.645078222964,12.607010500239504,498072.20045673643,80.0,NORMAL
14.030314194817526,27.0,10.0,4862.0,15651.0,572.0,1375.0,1972.2317665090209,2.2574971262688046,1954994.5102102156,443.0,NORMAL
39.71354842318322,35.0,23.0,14342.0,16449.0,504.0,820.0,1560.5855332229546,8.781590583329294,1364239.5506192334,443.0,NORMAL
39.783855448037585,19.0,40.0,4879.0,19409.0,634.0,869.0,1714.624295524472,2.736157566056425,192004.13019281137,443.0,NORMAL
1.5768927919771627,1.0,3.0,129.0,293.0,49.0,103.0,4775.419977894115,16.920232087211104,252828.81552256912,53.0,NORMAL
0.36619934124842596,4345.0,0.0,72503.0,0.0,48.0,0.0,432734.8956036676,4422.380799163474,84.16318893705764,443.0,DoS
25.219571411339462,16.0,12.0,4483.0,38977.0,226.0,532.0,1898.2587489025404,10.896594784419696,749993.9672729134,80.0,NORMAL
0.3551264368085597,1.0,2.0,140.0,71.0,60.0,112.0,582.9161850204334,16.1553850013138,359948.97999799316,53.0,NORMAL
22.133661272525234,14.0,6.0,3251.0,31734.0,591.0,777.0,2415.580995384071,7.175972862656964,398454.0024894635,80.0,NORMAL
3.565026491085449,11.0,15.0,2042.0,39040.0,454.0,118.0,4793.899187120203,6.73882585290094,313558.328386921,80.0,NORMAL
0.819962307662258,3.0,1.0,63.0,101.0,41.0,136.0,2508.6822376713826,11.284660738565467,65040.60281534157,53.0,NORMAL
35.07800858698829,38.0,6.0,11542.0,8111.0,145.0,1119.0,1525.9393305406834,8.860595632882463,950338.3146870253,443.0,NORMAL
15.72322579112086,44.0,40.0,2074.0,3060.0,1280.0,1386.0,829.9593889025622,1.0133761273050723,1303182.0709430794,443.0,NORMAL
7.699897939778112,14.0,49.0,12528.0,18570.0,1039.0,309.0,1643.6663057659134,7.769811567177205,1404977.751927943,443.0,NORMAL
41.311633669089105,30.0,34.0,5408.0,2301.0,868.0,549.0,548.3535965269576,7.044484526308249,544786.046145599,443.0,NORMAL
1.0838989638554262,2.0,1.0,190.0,141.0,107.0,131.0,1863.0557014667397,13.221277008780605,223941.34338076366,53.0,NORMAL
50.52097104900414,41.0,45.0,11355.0,8572.0,660.0,403.0,1972.2690886131998,0.5004571769959616,1921165.7117843898,443.0,NORMAL
33.69936433378898,7.0,46.0,6032.0,13979.0,1125.0,1052.0,1461.8181275291472,2.4214783379981224,1927394.5671862648,443.0,NORMAL
8.04263747311773,28.0,19.0,7071.0,2449.0,291.0,221.0,310.88035160574987,8.366783178559405,898775.7207110651,80.0,NORMAL
53.518327106364865,48.0,33.0,10243.0,15846.0,588.0,825.0,362.1069198898783,4.535972382038069,775671.9773905834,443.0,NORMAL
28.231890990767603,33.0,34.0,9762.0,6632.0,230.0,873.0,799.3324399128677,3.370616456904238,1572482.2340403255,443.0,NORMAL
0.32964421011161177,1.0,0.0,63.0,0.0,45.0,0.0,4118.269084569218,53.35068963822167,8938.828046655024,20537.0,PortScan
38.44036263546792,33.0,42.0,1540.0,7113.0,1140.0,1016.0,102.36253384559382,5.09183130219439,401444.8229298784,443.0,NORMAL
0.11742674994832786,518.0,0.0,75379.0,0.0,53.0,0.0,297742.3785037679,1828.1841279539706,331.48947359595144,22.0,DoS
1.0163479375371096,3400.0,0.0,164588.0,0.0,46.0,0.0,603238.0488193114,4453.53669772249,334.2415903395955,80.0,DoS
54.975908163017905,33.0,33.0,10001.0,15550.0,1350.0,447.0,552.9456401591186,1.1842533244381952,616118.1484139308,443.0,NORMAL
1.989839444660524,2.0,2.0,115.0,231.0,92.0,140.0,2740.507964088997,14.24529970725129,459311.5518574498,53.0,NORMAL
1.4656592624125357,10.0,28.0,4335.0,1154.0,461.0,850.0,1961.1032810787196,4.0011673567158175,153397.96348185843,80.0,NORMAL
5.108827741581939,13.0,32.0,2478.0,7114.0,621.0,108.0,1141.6102302443492,8.904852091178402,283515.73751099675,443.0,NORMAL
1.7167579447697372,1058.0,0.0,88510.0,0.0,59.0,0.0,714775.597250426,8752.331225002697,382.192573857013,443.0,DoS
2.804257883067647,28.0,3.0,9396.0,3337.0,880.0,1365.0,2376.6552652590453,5.4121263086415965,860557.7875642168,80.0,NORMAL
45.30139299969834,22.0,21.0,5019.0,12419.0,1086.0,1374.0,1312.8731792824076,4.651728722937392,519905.49541683076,443.0,NORMAL
2.9832024108136754,32.0,32.0,4838.0,8365.0,817.0,823.0,1723.4158348852877,6.578513309640019,965866.8221240449,443.0,NORMAL
0.45052399618399475,1.0,0.0,57.0,0.0,61.0,0.0,1478.5142818554655,19.90400899424602,5081.655356941063,19098.0,PortScan
1.5764799977318358,39.0,25.0,2264.0,16802.0,1113.0,1070.0,1906.2956799334568,4.654949097091887,976096.0518809888,443.0,NORMAL
14.603121181211748,26.0,8.0,3414.0,49435.0,113.0,996.0,4330.302541884026,1.3159406144575039,900501.1333519103,80.0,NORMAL
2.424781658699552,22.0,21.0,2177.0,4274.0,682.0,1352.0,4292.72673949501,7.891424079685817,477370.10360373044,80.0,NORMAL
0.40253302768413174,2.0,1.0,30.0,184.0,117.0,112.0,1316.5497708510802,4.095091035663163,473440.3337014686,53.0,NORMAL
8.557649035605802,7.0,21.0,10707.0,9689.0,587.0,1010.0,1857.0051738789807,5.958664372191131,1086050.3262943365,443.0,NORMAL
3.0028127365621318,8.0,37.0,11916.0,4763.0,647.0,895.0,609.193252711191,9.334653969914845,281266.52498980134,443.0,NORMAL
11.744957025633258,9.0,11.0,7999.0,11292.0,834.0,809.0,951.3731143122477,5.6119208869919515,155940.77801517985,443.0,NORMAL
1.7783999299792317,2.0,1.0,70.0,275.0,101.0,65.0,1103.1067572501179,13.465509340411487,394095.6601157872,53.0,NORMAL
59.58492297103872,20.0,14.0,5370.0,10759.0,1068.0,901.0,1395.3879303034562,2.362277416183323,953155.5666132803,443.0,NORMAL
15.593078633325916,35.0,26.0,8820.0,5312.0,921.0,1393.0,459.54709080361306,3.8169763139445925,460870.1676753871,443.0,NORMAL
22.933231360497164,23.0,21.0,4406.0,34194.0,1335.0,242.0,3366.5572716919323,9.713575074741067,314938.00003239635,80.0,NORMAL
18.884573000774388,49.0,24.0,9737.0,17060.0,748.0,252.0,962.109342279173,8.339542451593445,600542.4742263277,443.0,NORMAL
1.4723058196370906,2384.0,0.0,197842.0,0.0,49.0,0.0,304901.05507253966,4264.0262279270055,258.2258688016676,80.0,DoS
22.977606352168472,20.0,19.0,3209.0,34011.0,302.0,1160.0,253.75533866340803,1.0101845110047678,591355.8934756656,80.0,NORMAL
1.522933821694665,10.0,17.0,10983.0,4079.0,417.0,504.0,384.3872605838527,9.301476443316751,1510742.514963993,443.0,NORMAL
41.31442721978381,43.0,37.0,4612.0,11072.0,494.0,619.0,1580.280986044692,1.0953852796686756,1377319.9426469998,443.0,NORMAL
0.7854399570152497,2.0,1.0,108.0,263.0,47.0,134.0,3109.9638744735553,1.8023530533295657,257789.4082496932,53.0,NORMAL
15.551087077827782,14.0,17.0,6512.0,42060.0,886.0,491.0,3939.440556987781,13.915197216153393,283370.85095758934,80.0,NORMAL
1.1122478429478657,1.0,1.0,126.0,295.0,86.0,147.0,4836.1287966304535,12.728703845863317,449952.13807708584,53.0,NORMAL
11.733759699220997,43.0,22.0,9494.0,9584.0,845.0,838.0,895.1811346400993,5.131402425930102,1875674.5919435637,443.0,NORMAL
23.676947272923957,15.0,5.0,12083.0,8693.0,392.0,468.0,1231.3654171449061,6.657705803521048,1476159.563663525,443.0,NORMAL
36.76430343260192,16.0,49.0,12699.0,5473.0,558.0,673.0,273.6057370666881,1.8198110591721965,279033.3689876485,443.0,NORMAL
5.781726738551228,24.0,32.0,1080.0,9120.0,1102.0,377.0,136.3400661850877,8.967282803682274,821952.3564709756,443.0,NORMAL
0.4346161808598298,1.0,0.0,70.0,0.0,58.0,0.0,1393.6832073804876,29.185302408311923,8590.321236336145,58145.0,PortScan
0.28652694612320123,3.0,3.0,195.0,169.0,105.0,176.0,1336.6994861647024,6.412961570850439,123790.06106693659,53.0,NORMAL
11.982052879909133,6.0,8.0,4128.0,10468.0,233.0,376.0,2879.8476061607985,3.1971135810716764,407715.40449271374,80.0,NORMAL
20.80101680192072,30.0,18.0,14105.0,19516.0,152.0,134.0,1203.0773448224963,7.25313839792967,497259.98559531156,443.0,NORMAL
1.0532569653703296,3.0,1.0,182.0,153.0,95.0,98.0,1600.5514946103597,8.992979358021671,388341.9139764775,53.0,NORMAL
1.7681366272476906,1.0,3.0,91.0,194.0,99.0,112.0,3609.9872706666415,14.208656451496207,465502.4402039483,53.0,NORMAL
1.3982329577747805,1.0,2.0,145.0,250.0,104.0,95.0,1256.6445298935992,6.782545978074548,291375.22883805766,53.0,NORMAL
1.929679533839226,4.0,7.0,347.0,364.0,103.0,63.0,134.79274907006905,2.1914120036204743,329544.1002567711,22.0,BruteForce
27.51163478033888,40.0,33.0,4955.0,11842.0,851.0,514.0,1040.3714162445488,7.625323930495587,1506624.1210351815,443.0,NORMAL
10.599284884705387,43.0,49.0,6715.0,1318.0,225.0,579.0,428.64209674584276,7.8656253190575445,392017.9469128004,443.0,NORMAL
16.53538299580745,12.0,9.0,3684.0,24934.0,1289.0,821.0,3041.5630947027385,9.03266935033243,922747.0467643318,80.0,NORMAL
0.6503571453198004,4889.0,0.0,187266.0,0.0,58.0,0.0,399412.0946617269,6992.604714371938,12.17950926842633,443.0,DoS
1.8200155161929295,2.0,2.0,37.0,235.0,44.0,143.0,3814.8947846320266,15.461499517984143,236536.84202821206,53.0,NORMAL
12.681569510175445,24.0,24.0,7989.0,44053.0,242.0,800.0,1841.275356845303,9.368268350976448,763716.7213447648,80.0,NORMAL
27.47988368387867,29.0,23.0,7952.0,43610.0,832.0,824.0,699.2499852217686,13.580018842978111,521598.10343999485,80.0,NORMAL
38.33000084616745,15.0,7.0,1761.0,18142.0,404.0,1050.0,423.5616100788641,9.679951734477921,1390962.8736948464,443.0,NORMAL
0.1734932622287213,1.0,0.0,48.0,0.0,50.0,0.0,2347.4310763630674,15.325958613342177,5587.65914132283,3778.0,PortScan
1.342088309076403,1.0,2.0,75.0,100.0,40.0,87.0,1173.1463034322314,7.922183043956908,240318.26472066928,53.0,NORMAL
47.39435585051757,13.0,32.0,9051.0,2134.0,1254.0,1287.0,1847.8125962301506,2.4787130676102196,1434467.7756437028,443.0,NORMAL
1.5229328748846844,1.0,3.0,132.0,61.0,110.0,110.0,3582.380848303582,16.983371816591436,409150.26304597664,53.0,NORMAL
30.370937974023125,28.0,40.0,8871.0,10860.0,1086.0,1261.0,1185.397474040977,8.010284268245055,1879707.6546412997,443.0,NORMAL
33.90482074875259,26.0,41.0,3514.0,9581.0,675.0,771.0,1876.3032521833907,5.620424086373628,1571382.252015118,443.0,NORMAL
4.0832148778754025,10.0,31.0,6594.0,18177.0,1326.0,1188.0,395.91917052154406,1.0956085694206488,1222803.0242880424,443.0,NORMAL
14.790979627269444,14.0,24.0,9285.0,41779.0,1042.0,268.0,3878.9201523959696,7.563359213610388,917026.5283161731,80.0,NORMAL
58.40762273039429,7.0,7.0,14873.0,18101.0,1003.0,807.0,1550.0313326585037,1.6272305247392045,1140455.1735608857,443.0,NORMAL
3.326181870741848,38.0,22.0,1232.0,13683.0,1230.0,976.0,1304.5494760368401,9.494289212220448,700239.0366657083,443.0,NORMAL
4.826362074495132,30.0,25.0,5829.0,12148.0,779.0,290.0,1142.2240849352588,4.245574830450666,1826817.617976411,443.0,NORMAL
1.8155994989774031,3.0,2.0,88.0,100.0,51.0,177.0,1340.1523942041695,15.932793641539556,225164.4850602883,53.0,NORMAL
40.1644671296865,46.0,43.0,12528.0,14093.0,168.0,295.0,676.8495894654754,2.5246666010028047,1660866.1821063745,443.0,NORMAL
31.246630435558124,27.0,46.0,3196.0,9380.0,1344.0,1275.0,1661.6430231186473,6.203369512336277,1027475.8981018044,443.0,NORMAL
35.293055063934126,38.0,31.0,7476.0,6476.0,1258.0,1215.0,743.875583872481,7.380168254414944,378210.42913291004,443.0,NORMAL
39.65927685770228,9.0,25.0,10696.0,3466.0,837.0,616.0,837.5067511246021,4.704103549884287,1564701.7982312057,443.0,NORMAL
1.6375673844328136,3.0,3.0,111.0,256.0,109.0,162.0,112.28322700261866,12.529629207828238,25527.53627524664,53.0,NORMAL
16.02556670071702,39.0,46.0,2787.0,3432.0,787.0,1361.0,1087.687197594756,1.1996791287507484,1934880.5844823977,443.0,NORMAL
0.25212706707771176,2.0,2.0,57.0,71.0,103.0,151.0,3756.3546535711744,10.63534746776517,154758.89035366828,53.0,NORMAL
43.069716987424805,33.0,30.0,7163.0,12885.0,1329.0,1331.0,1014.9658387769574,6.991591609090905,677720.7212623552,443.0,NORMAL
1.2785594470401176,3.0,1.0,159.0,82.0,41.0,103.0,2752.306234392732,5.1856732445275915,40838.61765719633,53.0,NORMAL
43.76123952019692,28.0,18.0,8025.0,12231.0,1133.0,287.0,113.54703841991152,8.005254235601704,448429.2836381024,443.0,NORMAL
31.529334753547435,18.0,13.0,2525.0,9027.0,432.0,881.0,549.319573253233,1.036853938782938,1272858.2702703655,443.0,NORMAL
1.8054873890596037,2.0,3.0,169.0,161.0,75.0,165.0,282.16812788489904,3.178949994478195,116775.22463588946,53.0,NORMAL
4.085542577283052,8.0,3.0,424.0,106.0,125.0,61.0,157.533500075157,4.144082455848772,464522.83399115095,21.0,BruteForce
57.79625646599758,46.0,22.0,13500.0,9015.0,173.0,1234.0,367.1003444598564,6.048182208744536,1361410.1750209532,443.0,NORMAL
28.004276704398343,35.0,13.0,1561.0,19174.0,957.0,1149.0,1356.5446859383069,3.2737720823228615,736012.587218918,443.0,NORMAL
22.349332499103184,42.0,40.0,12041.0,6539.0,1140.0,269.0,1039.579368220805,3.874557834249816,437698.693780921,443.0,NORMAL
13.25717891302927,25.0,12.0,6257.0,32977.0,602.0,115.0,819.114587282206,7.918061744749758,887113.7988662367,80.0,NORMAL
25.04503883091342,37.0,37.0,4837.0,2284.0,348.0,1155.0,1296.6389728416236,9.263527070919308,346210.62053704954,443.0,NORMAL
45.180753880835084,13.0,6.0,7993.0,11068.0,1365.0,889.0,1082.0120669850594,7.512389702440203,456388.9998556378,443.0,NORMAL
1.7165418256617788,3.0,2.0,36.0,193.0,68.0,99.0,3961.4940789908715,14.507788027087035,474225.0623100527,53.0,NORMAL
7.478540707609627,5.0,5.0,4318.0,25475.0,1102.0,1227.0,761.4985529346352,11.713861002312063,336724.4456619993,80.0,NORMAL
0.05622115978762424,3.0,1.0,170.0,88.0,74.0,76.0,1083.161510775003,17.164751802160055,259333.67897485086,53.0,NORMAL
38.70807633111452,25.0,12.0,12228.0,7955.0,977.0,1065.0,1231.0904285025554,7.644754656531002,547538.6801509624,443.0,NORMAL
1.1993901700421747,1.0,2.0,69.0,184.0,115.0,132.0,2622.1236425868105,10.38170449080446,160351.8954593501,53.0,NORMAL
41.85941346068937,26.0,13.0,12927.0,7344.0,1201.0,319.0,1587.1961985783528,9.012784326009626,563099.6578528387,443.0,NORMAL
26.746281327761107,13.0,16.0,6158.0,41909.0,897.0,478.0,4142.246892414757,12.333718215357079,173169.22419646324,80.0,NORMAL
6.701741294873077,20.0,25.0,7374.0,4789.0,445.0,492.0,222.24409250654347,10.82632586693083,507191.2801413085,80.0,NORMAL
23.19931554632403,27.0,30.0,6873.0,1637.0,488.0,1287.0,1047.0394968264893,0.6675308759972904,348954.16104336805,443.0,NORMAL
1.117044684323636,2.0,2.0,197.0,160.0,43.0,97.0,3276.659771057353,2.9731685142104274,276410.0930585164,53.0,NORMAL
20.26121718639552,15.0,15.0,4724.0,12167.0,364.0,1063.0,306.83484862864486,4.982474906526178,1640446.789480513,443.0,NORMAL
1.3005105248265232,2.0,3.0,155.0,181.0,109.0,177.0,558.1479214547629,11.279551396617308,396011.0930994613,53.0,NORMAL
38.95400488809884,30.0,9.0,2410.0,15252.0,268.0,326.0,1398.0957881404142,6.64145094409972,244957.73229643516,443.0,NORMAL
13.475272062475971,28.0,12.0,3050.0,38697.0,531.0,539.0,2593.605152570993,10.101184560274183,664483.5152641631,80.0,NORMAL
28.453657268360246,7.0,12.0,9078.0,28214.0,793.0,1100.0,4613.524369199159,13.417334146823746,672255.9023655804,80.0,NORMAL
59.63705494508219,45.0,15.0,12563.0,9382.0,984.0,951.0,1203.377245671331,5.6205782568228475,890817.3934394912,443.0,NORMAL
18.23653426357787,9.0,32.0,10632.0,7553.0,1340.0,557.0,1208.7061428452353,9.020343297384503,349670.2064303811,443.0,NORMAL
12.880463146022489,45.0,29.0,11938.0,13020.0,1133.0,826.0,1185.7522749213495,7.440618614417863,236062.63297008464,443.0,NORMAL
22.248048040819626,47.0,14.0,5460.0,10445.0,595.0,1279.0,1446.3466962472705,6.857375769098606,754679.6359716725,443.0,NORMAL
20.859652413441314,42.0,29.0,5717.0,12643.0,293.0,1002.0,367.9470983406379,2.739734372203944,1191106.7102417063,443.0,NORMAL
2.438125182282667,5.0,7.0,349.0,142.0,84.0,106.0,328.14377923083566,4.365751759319954,136204.7258155621,21.0,BruteForce
9.307373984667889,27.0,15.0,5840.0,8211.0,895.0,1083.0,288.59428368747035,8.55860870633867,767881.5873303796,443.0,NORMAL
27.273010045157264,43.0,24.0,10990.0,9559.0,174.0,967.0,1495.5355611609968,2.9262750545622294,1987834.9948522493,443.0,NORMAL
6.745664658191492,14.0,17.0,9703.0,4213.0,994.0,861.0,4669.08967754673,1.990857487294101,180708.12861021806,80.0,NORMAL
29.057216211722775,42.0,6.0,4536.0,6083.0,1257.0,656.0,902.3963679264613,8.924693723764316,1984379.2863554743,443.0,NORMAL
0.24983846118617753,3.0,2.0,175.0,295.0,112.0,143.0,3643.536390461364,5.690534684091662,76669.71874924825,53.0,NORMAL
57.34857017761435,38.0,19.0,7457.0,14565.0,1085.0,1271.0,464.03040440040377,2.009094723516732,1209398.05608053,443.0,NORMAL
7.934048559849188,17.0,45.0,5512.0,3517.0,527.0,617.0,379.5996318310744,8.179100789754862,1820247.14256511,443.0,NORMAL
1.8233583728837146,1.0,1.0,182.0,154.0,43.0,78.0,4312.427635189457,12.348178756732953,315577.59726375417,53.0,NORMAL
1.5891186338322223,1.0,2.0,114.0,221.0,105.0,120.0,4153.325811985782,2.5726021369158882,342281.9365067317,53.0,NORMAL
24.37418880494607,36.0,33.0,8032.0,2424.0,807.0,205.0,546.3218961493533,1.0127400092336736,1519009.2522985565,443.0,NORMAL
1.113696604165937,3.0,2.0,66.0,219.0,112.0,155.0,4864.251054994939,17.64660593610947,118560.38993796745,53.0,NORMAL
23.159394205756698,34.0,16.0,13766.0,7574.0,312.0,775.0,715.4775755482641,3.2438639102952402,390520.3436954342,443.0,NORMAL
1.7715334569907562,2.0,3.0,147.0,188.0,91.0,136.0,4075.852087329147,13.859405167436337,473842.0553990383,53.0,NORMAL
1.9550824544741152,3.0,2.0,119.0,264.0,48.0,151.0,4141.801755880559,19.78815154865718,188434.77621208914,53.0,NORMAL
0.7977152494262227,2.0,2.0,170.0,265.0,84.0,65.0,2990.6325587565893,7.652768810717821,398443.9153368728,53.0,NORMAL
53.43088573565852,38.0,48.0,14470.0,17022.0,891.0,984.0,773.5301464868068,7.447258667625938,1273689.311073797,443.0,NORMAL
11.601303423344277,38.0,41.0,13462.0,7182.0,1057.0,372.0,1571.6644748377157,9.109614776098857,634023.7829987968,443.0,NORMAL
0.6608925648982404,2577.0,0.0,167478.0,0.0,47.0,0.0,731196.5878000059,3460.5653672154926,458.7334284036898,22.0,DoS
0.8472050800824653,3.0,1.0,33.0,243.0,75.0,107.0,1182.344350717343,2.1622176383805285,344857.5178232451,53.0,NORMAL
11.16687240089616,16.0,14.0,14034.0,12041.0,726.0,1355.0,411.2459608291992,2.76836257903582,1764375.9302440796,443.0,NORMAL
1.9850055067677406,3.0,3.0,129.0,235.0,119.0,79.0,749.7706323276752,7.182607271748888,418435.9887339708,53.0,NORMAL
1.834146145791831,27.0,3.0,5728.0,38066.0,562.0,525.0,1070.3825253263117,9.797109599382164,283877.85398913256,80.0,NORMAL
3.6923602213966182,6.0,3.0,189.0,107.0,99.0,77.0,353.11466798591215,6.376791436718584,478440.0627741881,3389.0,BruteForce
0.31465997755173764,1.0,0.0,41.0,0.0,78.0,0.0,1963.5147462991756,22.64403352714241,8665.515215464555,41095.0,PortScan
1.7820456970409155,2032.0,0.0,68982.0,0.0,54.0,0.0,411188.48489156406,5654.314084227121,296.6620929768276,443.0,DoS
1.3951924852776008,1.0,2.0,198.0,195.0,112.0,66.0,4339.536237704262,19.42309956102484,477118.9974340028,53.0,NORMAL
0.19116894172737872,1.0,2.0,183.0,189.0,112.0,168.0,189.62075500873513,11.825568178113427,356351.0305431491,53.0,NORMAL
11.576081102559613,8.0,10.0,1496.0,19581.0,243.0,209.0,1896.0628653810309,5.867990069758831,1440668.4292263805,443.0,NORMAL
0.6141573886877417,3532.0,0.0,50779.0,0.0,41.0,0.0,898668.1218239364,4538.074537933549,232.95551418284109,443.0,DoS
6.227678124211065,31.0,24.0,1802.0,10955.0,740.0,1288.0,259.7931751500515,1.9136200177203362,111534.18334624342,443.0,NORMAL
0.3337501032872643,588.0,0.0,41025.0,0.0,42.0,0.0,721315.8297836899,7397.5149104296825,433.1538257523631,443.0,DoS
25.56123056018727,13.0,16.0,2841.0,8609.0,589.0,621.0,3640.772335069358,12.409077168515793,906964.1662498586,80.0,NORMAL
0.8918730241752513,2.0,2.0,192.0,113.0,89.0,175.0,3065.661274621334,19.106134092427123,200603.42786098656,53.0,NORMAL
0.573884403955136,3.0,3.0,120.0,225.0,45.0,178.0,3680.0328784907792,14.37877659625726,158881.26066847116,53.0,NORMAL
0.0644526827328786,1.0,0.0,43.0,0.0,65.0,0.0,2502.534349130031,51.45435972507743,4043.588320487558,4722.0,PortScan
33.84901068782186,19.0,27.0,8678.0,12652.0,744.0,1080.0,642.3696685455865,3.6127227842556073,1492247.5366251974,443.0,NORMAL
1.5501765787683495,1.0,3.0,180.0,291.0,81.0,156.0,3204.2346281991922,13.532409459231223,98462.597160054,53.0,NORMAL
1.209238476705858,2.0,3.0,164.0,170.0,76.0,128.0,4804.566411815571,11.725228989474743,11910.53112587459,53.0,NORMAL
0.021089976212543455,1.0,0.0,47.0,0.0,76.0,0.0,3119.1908230586923,56.470636791592305,2279.865474933469,6308.0,PortScan
0.8575923009225731,3.0,3.0,92.0,68.0,74.0,152.0,4370.331147415262,7.408438054288204,310853.82949449605,53.0,NORMAL
3.6497666407413356,15.0,35.0,4312.0,11131.0,447.0,223.0,549.1675220109178,2.6338607063529182,191439.83246821683,443.0,NORMAL
1.0588082565860217,3.0,3.0,132.0,150.0,85.0,155.0,135.2653704712339,15.962939677714724,66486.21572806098,53.0,NORMAL
0.8554754954469221,2.0,3.0,194.0,295.0,67.0,173.0,676.5687225674852,7.16865930237634,11649.552695085622,53.0,NORMAL
44.8483987251646,46.0,6.0,5329.0,19855.0,1295.0,470.0,1774.3041916844759,6.365645608955657,484969.8313227358,443.0,NORMAL
22.91551107165024,26.0,27.0,3407.0,43191.0,715.0,493.0,1400.2633061159859,6.7916816281493295,182788.583373382,80.0,NORMAL
54.54904915083674,36.0,5.0,12310.0,16033.0,348.0,1219.0,1285.0717416304485,1.3271146814731876,434453.49029668106,443.0,NORMAL
23.47256054123027,36.0,14.0,3389.0,7147.0,147.0,443.0,1406.3353205038286,0.5764999054401714,1338139.1061863608,443.0,NORMAL
58.22494947106159,39.0,19.0,4553.0,12588.0,1124.0,1299.0,165.28975551203604,8.504006987232298,545362.762075098,443.0,NORMAL
14.7054168177318,8.0,24.0,5332.0,5823.0,299.0,1287.0,2018.9920200666404,14.533896822780868,839500.4322549808,80.0,NORMAL
13.84525364646371,23.0,16.0,9014.0,6514.0,1322.0,162.0,4887.20843049965,1.9515875066537398,622600.4187465679,80.0,NORMAL
0.126577302634309,1.0,0.0,77.0,0.0,41.0,0.0,4406.494760122857,28.098487822332107,529.4699519482716,59033.0,PortScan
8.748524826981416,23.0,12.0,7498.0,21373.0,138.0,827.0,3271.0745738690953,8.642785372537674,403974.5324326875,80.0,NORMAL
41.942958223558904,22.0,36.0,11078.0,9738.0,540.0,750.0,856.8751117352272,6.085451264688513,244378.43860152905,443.0,NORMAL
14.401230935938377,21.0,22.0,5601.0,25247.0,799.0,829.0,1032.370536016705,14.646795595625488,842314.6650174059,80.0,NORMAL
1.1000234137097322,2.0,1.0,137.0,275.0,66.0,157.0,2685.0390012255566,7.350789572223459,80599.50974906643,53.0,NORMAL
32.68928596729432,42.0,13.0,3520.0,16861.0,912.0,648.0,663.6486346243156,4.545262891861165,579507.7053907947,443.0,NORMAL
7.942852384733381,29.0,9.0,4514.0,33348.0,987.0,540.0,1820.9994023278757,9.544456639963588,849606.2502089358,80.0,NORMAL
28.161138000913652,46.0,38.0,9787.0,6891.0,757.0,979.0,520.0251435897117,2.015161021396495,1724473.4281809092,443.0,NORMAL
5.092316751634762,20.0,14.0,1598.0,7406.0,1276.0,1035.0,1504.8817653677138,9.789547329616541,1560825.014310646,443.0,NORMAL
1.6571452697186808,3.0,1.0,152.0,188.0,46.0,62.0,1262.9840416351099,16.695059259280896,416033.6191031875,53.0,NORMAL
0.27486555497052767,2.0,3.0,123.0,285.0,57.0,162.0,920.371716920378,16.59423146381449,387434.2055678004,53.0,NORMAL
2.373044208413726,23.0,35.0,14892.0,4188.0,635.0,238.0,1037.2024247997024,4.929439040615047,1821705.2056105973,443.0,NORMAL
0.9975925415242304,3.0,1.0,187.0,260.0,66.0,167.0,3312.5536394998926,13.77537058377094,462052.63132567867,53.0,NORMAL
49.93428522667197,23.0,11.0,4823.0,16389.0,1104.0,1047.0,1718.9326918742581,3.8765710398255186,1563530.5791357555,443.0,NORMAL
20.691517119121468,16.0,17.0,1039.0,48703.0,704.0,1196.0,4837.683378642215,8.367748340508452,934395.9756257134,80.0,NORMAL
20.13569143380716,15.0,11.0,1890.0,5599.0,465.0,1356.0,913.4562049510794,2.537691806699134,1425244.319548292,443.0,NORMAL
1.822475864365425,1501.0,0.0,91391.0,0.0,49.0,0.0,683133.3006998835,7152.820587705489,478.84452436295805,80.0,DoS
1.484859675587236,3.0,3.0,75.0,163.0,93.0,146.0,441.10083752388675,2.907346862878711,20768.579508003146,53.0,NORMAL
15.475597471197936,36.0,34.0,5833.0,19747.0,418.0,1368.0,1653.4071069137383,5.623866952065516,105662.2484864288,443.0,NORMAL
0.29961369502220747,1.0,0.0,63.0,0.0,59.0,0.0,1470.0023134998712,97.2387845190526,6071.248513577146,24054.0,PortScan
0.12060765296412478,1.0,0.0,76.0,0.0,54.0,0.0,1596.7223382631616,42.244833390736694,3358.5782184331183,44775.0,PortScan
0.8848786130498277,2356.0,0.0,58127.0,0.0,42.0,0.0,701094.1309686058,2060.9761073431305,399.76861107935474,22.0,DoS
34.95297649467686,47.0,16.0,2502.0,2360.0,1047.0,1185.0,1586.9794992463176,7.32485963813442,1520881.4857762873,443.0,NORMAL
0.8191049658319602,1.0,2.0,161.0,213.0,108.0,61.0,2847.59985114141,15.671922582139704,423052.72151225794,53.0,NORMAL
1.0213631763596527,1.0,2.0,92.0,250.0,56.0,122.0,471.9535285413715,5.949190588734412,196328.39274570113,53.0,NORMAL
8.743447783260866,26.0,19.0,2118.0,16398.0,731.0,1048.0,800.9060926891278,2.634950619631131,1988026.2572416007,443.0,NORMAL
1.8573350501267312,15.0,4.0,682.0,1944.0,881.0,383.0,2801.695780255225,2.63466659369376,95995.62638820327,80.0,NORMAL
1.782393283895148,1.0,1.0,161.0,122.0,75.0,75.0,2420.4626933036725,7.063934738041624,163553.61685772325,53.0,NORMAL
1.4414344347194568,1431.0,0.0,82422.0,0.0,42.0,0.0,914780.0330019112,6525.956232063578,390.32340134617056,80.0,DoS
17.5792654356141,36.0,16.0,14769.0,9573.0,1099.0,835.0,1851.5462274785493,8.671953553463903,255455.9186730023,443.0,NORMAL
0.7468070200056358,3.0,3.0,117.0,126.0,80.0,85.0,4369.489552510124,13.395107861531693,371515.08578296914,53.0,NORMAL
9.923562895361139,25.0,32.0,6037.0,12640.0,855.0,319.0,1308.403427579025,1.1479592300558918,185196.8299958343,443.0,NORMAL
8.521831077586963,21.0,19.0,4080.0,9204.0,854.0,1337.0,1833.9447913039119,8.371238380417893,1603909.035213605,443.0,NORMAL
0.002056539333182011,3105.0,0.0,28391.0,0.0,41.0,0.0,343657.0153226886,2171.836245476382,454.32760657814606,443.0,DoS
1.7395408135548547,3.0,1.0,178.0,255.0,85.0,94.0,1737.0690098224086,3.8834706643503294,80532.84167244207,53.0,NORMAL
0.14111889273510306,1.0,0.0,64.0,0.0,45.0,0.0,3474.1232034613163,99.15848872011618,4639.201483507698,18899.0,PortScan
1.6299913547277796,3037.0,0.0,54670.0,0.0,47.0,0.0,355736.1158378036,4699.051867843313,236.870259028291,22.0,DoS
47.61179574211662,46.0,17.0,5861.0,10709.0,827.0,1230.0,440.02745255650194,1.987231411814629,246905.7064298345,443.0,NORMAL
23.78005563024568,13.0,16.0,5001.0,18412.0,260.0,576.0,1717.9471223937978,7.00624923025505,243892.39117300356,443.0,NORMAL
1.106490966665274,2.0,2.0,86.0,152.0,47.0,153.0,1504.7772791676198,4.942370549292069,53178.31653145169,53.0,NORMAL
0.9665622273313829,2.0,1.0,57.0,170.0,107.0,133.0,929.3130172176759,18.49594453578212,495362.55121257,53.0,NORMAL
1.2053708948005704,3.0,2.0,86.0,207.0,116.0,108.0,640.0713368794201,4.292095731143804,368652.8224989969,53.0,NORMAL
30.65806237050283,32.0,18.0,5242.0,11547.0,708.0,1304.0,174.7070265700992,6.6340917496472205,1611593.0203960007,443.0,NORMAL
1.7671013157676643,2739.0,0.0,93879.0,0.0,41.0,0.0,892713.8439611602,7535.226523418395,60.71914775327803,22.0,DoS
0.01652944673049828,1.0,2.0,64.0,203.0,44.0,96.0,581.6013674548764,15.969854276451564,60839.6343075422,53.0,NORMAL
20.294340051246476,25.0,29.0,5846.0,40834.0,336.0,702.0,3059.8485821593204,2.881188140628038,530633.3441562656,80.0,NORMAL
1.6394214373376033,7.0,10.0,5729.0,13312.0,186.0,699.0,1600.8721700061722,5.597089849444249,1361737.4985993255,443.0,NORMAL
0.2237529323296664,1.0,0.0,50.0,0.0,40.0,0.0,2470.4005287928853,79.67858155686132,4105.338186032508,43384.0,PortScan
1.0005402888127837,1.0,2.0,171.0,142.0,118.0,106.0,374.57476875216565,10.91677768803096,301931.7484247305,53.0,NORMAL
1.9427712474318988,3.0,3.0,65.0,243.0,71.0,133.0,3182.8991289555092,1.9642935313460779,144166.45645476913,53.0,NORMAL
0.3209540521387148,2.0,3.0,93.0,287.0,95.0,81.0,260.6104678896464,16.777388454584475,71378.54138388403,53.0,NORMAL
1.8418002260059003,2.0,1.0,123.0,203.0,57.0,68.0,3829.6448790297213,7.144811516119957,314765.2195944322,53.0,NORMAL
36.17992283044113,37.0,12.0,10911.0,1997.0,208.0,1158.0,1481.4761855260485,9.390221205585902,550035.347936682,443.0,NORMAL
12.050902694014418,6.0,12.0,7325.0,35878.0,375.0,1159.0,305.4261254846848,10.035079940140195,843946.1276901298,80.0,NORMAL
12.250575519156328,19.0,22.0,2292.0,14476.0,1087.0,1273.0,457.94666656679027,0.9879301938107912,1501669.3987195597,443.0,NORMAL
1.7361046512399754,2.0,3.0,149.0,200.0,68.0,72.0,1376.152141674918,7.4132209669961036,14569.497927696433,53.0,NORMAL
22.149477984112085,47.0,20.0,1636.0,18675.0,704.0,777.0,1579.481863298896,3.995856615908225,1198782.6339506854,443.0,NORMAL
50.05103734875688,21.0,23.0,4956.0,12498.0,865.0,1202.0,316.11173688607624,2.2477957273036333,845730.6223450373,443.0,NORMAL
28.630016511122673,6.0,24.0,4250.0,49311.0,327.0,989.0,4314.370812028094,9.73720393449661,632485.1173315009,80.0,NORMAL
0.8613635816235365,4662.0,0.0,185666.0,0.0,41.0,0.0,508086.73059193813,6445.1802214397885,156.61636722770953,443.0,DoS
1.8249918312641404,1737.0,0.0,139462.0,0.0,53.0,0.0,160749.11829369483,5967.921756805903,439.9040099535977,443.0,DoS
0.24432006146779536,1.0,0.0,62.0,0.0,48.0,0.0,3248.8826027757423,89.87033750768404,4508.278570929383,9768.0,PortScan
28.258342415003828,11.0,20.0,4916.0,12939.0,1003.0,192.0,1620.7791203176967,5.779367256686471,488708.4070858332,443.0,NORMAL
5.185000751892632,31.0,33.0,6430.0,2955.0,429.0,116.0,1571.022163196425,8.033620886353969,1315566.2699265326,443.0,NORMAL
0.8228906288310545,1.0,2.0,57.0,90.0,54.0,130.0,596.0982363211342,4.148499254360901,271309.44991767814,53.0,NORMAL
1.6972899904619567,2.0,3.0,33.0,84.0,117.0,144.0,4811.892388471295,18.141061223825492,364794.67746126326,53.0,NORMAL
1.6714415759867203,3100.0,0.0,143011.0,0.0,55.0,0.0,475033.36851564486,8732.402599147805,94.14462964124216,443.0,DoS
26.944190484989033,17.0,25.0,2488.0,11020.0,597.0,1043.0,907.4078169641695,2.5383573037213183,94018.53896706633,80.0,NORMAL
0.14098780569690644,2.0,2.0,38.0,269.0,91.0,176.0,2859.9560276050315,12.810525354154558,248611.26584849117,53.0,NORMAL
8.737218191513074,21.0,6.0,9723.0,38770.0,242.0,1185.0,2045.5758769670463,10.83332727858804,379464.7072731325,80.0,NORMAL
4.3959668409820125,38.0,41.0,6206.0,3994.0,1115.0,1173.0,1061.147867204508,3.494197607400945,1304691.9152290935,443.0,NORMAL
22.94906706177421,16.0,26.0,12204.0,8218.0,403.0,249.0,190.69420038963653,1.0041914306279878,262517.18266897777,443.0,NORMAL
29.932890394125835,10.0,19.0,3266.0,17666.0,1153.0,1107.0,4638.8925023288175,1.6804628715955174,103531.60377447536,80.0,NORMAL
0.180330318398259,1.0,0.0,56.0,0.0,42.0,0.0,4260.0699244607895,68.15443244276813,3776.907903517441,29172.0,PortScan
0.2007806526693546,1.0,3.0,60.0,143.0,45.0,165.0,4901.061259262398,1.26481589549225,128431.69454074658,53.0,NORMAL
43.079206113674445,6.0,41.0,4859.0,19023.0,360.0,132.0,1396.3455313510253,9.115987029912308,565106.5221899643,443.0,NORMAL
4.071028772815975,9.0,6.0,329.0,227.0,74.0,59.0,493.9354809591691,4.39322033197274,53736.21000005689,22.0,BruteForce
0.11409063848427448,1.0,1.0,140.0,86.0,97.0,153.0,1745.54859228408,4.267475808533959,190955.31681405322,53.0,NORMAL
0.6138873594200703,2.0,3.0,155.0,118.0,84.0,157.0,1804.4175259532701,5.557019826028428,250010.37305478772,53.0,NORMAL
39.874242743726775,31.0,31.0,13714.0,1395.0,623.0,975.0,1828.266214077533,7.3488592092481575,465528.0443260746,443.0,NORMAL
17.835277183302157,10.0,4.0,8262.0,26312.0,1378.0,368.0,4556.373535182894,5.948400242675056,68764.99376164716,80.0,NORMAL
0.8146886155104944,26.0,5.0,8145.0,2273.0,401.0,1213.0,2596.3319848144415,14.305264281324131,333616.1716003072,80.0,NORMAL
0.18149586658179157,1.0,2.0,144.0,172.0,73.0,89.0,2938.1882156112283,5.785814896065948,133638.03702610405,53.0,NORMAL
10.475251788298841,27.0,12.0,2983.0,28957.0,693.0,915.0,3886.4902753570395,12.00368406065513,652768.1241720637,80.0,NORMAL
0.36673045114814434,1.0,0.0,73.0,0.0,74.0,0.0,627.8470109774806,85.99855031765318,5689.402855496142,530.0,PortScan
0.14296809681758962,1.0,0.0,72.0,0.0,58.0,0.0,2692.8774971277267,66.9368603940285,641.1812188528746,65485.0,PortScan
8.112946567817724,20.0,6.0,9437.0,2064.0,143.0,519.0,1145.9578674634138,9.332126237321733,616718.5183296241,443.0,NORMAL
45.95220694368733,10.0,25.0,8436.0,15484.0,637.0,287.0,1581.027858295914,5.469078635243993,975328.1249213548,443.0,NORMAL
15.419449497196702,15.0,23.0,4125.0,41403.0,1370.0,689.0,2464.887842007647,12.663742846264444,635997.1363707628,80.0,NORMAL
57.76818035999797,44.0,14.0,5180.0,19262.0,276.0,1028.0,1814.092958440532,3.754150573763834,641630.7968973541,443.0,NORMAL
32.610706360410745,43.0,45.0,7823.0,17916.0,1304.0,841.0,662.6225481626269,4.479271291337448,1909467.8575222052,443.0,NORMAL
1.134935496334317,4543.0,0.0,28903.0,0.0,43.0,0.0,602740.797349384,4003.6405092826712,283.3218803594658,22.0,DoS
0.9773376427334689,1720.0,0.0,165273.0,0.0,56.0,0.0,350320.3210601964,7784.486527611864,76.36096945078758,22.0,DoS
0.4809516599178113,1.0,0.0,68.0,0.0,44.0,0.0,3216.194420873777,55.95320049935763,8109.003536243281,42724.0,PortScan
3.0590789635326785,9.0,7.0,329.0,292.0,121.0,51.0,151.73789842739,9.691023571473925,312139.54858694994,3389.0,BruteForce
29.766700426729674,20.0,33.0,14516.0,2127.0,143.0,145.0,1059.800045393517,3.3733261083946013,1373328.114911976,443.0,NORMAL
1.8048436035949336,1.0,2.0,66.0,270.0,41.0,110.0,2826.0273356437333,18.793793536016068,371999.55059931433,53.0,NORMAL
13.265289053615613,48.0,7.0,9493.0,5096.0,1090.0,1322.0,1360.5443479140354,0.6359211530452296,708930.3108041884,443.0,NORMAL
11.69143316726521,19.0,9.0,3426.0,21061.0,343.0,506.0,3471.310061796873,2.916204088066049,110491.01044378435,80.0,NORMAL
31.477785078312763,39.0,20.0,4116.0,16173.0,1284.0,708.0,1953.595605427562,5.471612140273912,1881058.6235979362,443.0,NORMAL
1.317089336151337,1.0,3.0,77.0,196.0,62.0,89.0,4675.283455169935,10.766801346949965,446418.91362949996,53.0,NORMAL
0.8691700472266031,2.0,2.0,68.0,172.0,77.0,103.0,4868.92858266091,19.828597502914466,343378.6333157069,53.0,NORMAL
26.327943935003812,15.0,23.0,2746.0,19132.0,1041.0,1160.0,1954.0306117052514,11.081298967242716,176831.6104771138,80.0,NORMAL
9.852871216945072,13.0,12.0,9953.0,14671.0,1383.0,250.0,130.75087097059327,6.559791914198026,556591.5671265428,443.0,NORMAL
38.35593116004732,9.0,18.0,8640.0,5382.0,1053.0,1189.0,459.6196503189634,8.880099028344477,408384.90644327557,443.0,NORMAL
1.4796612606770734,1.0,3.0,118.0,56.0,69.0,81.0,2457.845620010074,9.596864046607479,125385.83356338076,53.0,NORMAL
26.029952661188236,15.0,29.0,7460.0,26522.0,895.0,797.0,2101.819948899204,2.7971961433602566,856056.1325405879,80.0,NORMAL
51.74824190761666,28.0,27.0,1081.0,5238.0,1175.0,771.0,1332.7691653511667,9.271248048244722,1419877.0061102011,443.0,NORMAL
52.72917256894322,46.0,16.0,10781.0,4678.0,724.0,944.0,1302.1495889357661,3.4296975225657764,1528590.6041197572,443.0,NORMAL
36.86640047481323,18.0,41.0,2660.0,8988.0,628.0,268.0,748.6832799921518,9.972211330674865,1674288.976334668,443.0,NORMAL
3.4508007363159328,7.0,4.0,455.0,121.0,96.0,56.0,403.8862617002773,9.420385283320694,189414.88319400745,3389.0,BruteForce
0.8401009241926543,1.0,1.0,105.0,194.0,97.0,83.0,1865.8007488392007,5.3703484545848434,393820.4241106661,53.0,NORMAL
1.3590368000723407,1.0,2.0,171.0,65.0,43.0,154.0,946.618297561541,1.1013946574618738,175092.27791831954,53.0,NORMAL
29.452423127906755,22.0,5.0,3583.0,33700.0,254.0,413.0,773.4896513567959,10.577869909391294,493532.1464342837,80.0,NORMAL
28.400433687627192,22.0,13.0,4948.0,21708.0,1073.0,543.0,1836.3756677745494,12.05684147054646,493532.97675483016,80.0,NORMAL
0.935363198102549,2.0,2.0,134.0,111.0,119.0,146.0,1408.7573950933252,13.816633746886295,87367.20794294847,53.0,NORMAL
20.776637257108156,7.0,35.0,5635.0,1329.0,924.0,432.0,1594.2451640694044,2.968856451273165,1435549.896317739,443.0,NORMAL
44.44771888887279,23.0,15.0,5027.0,18564.0,1056.0,554.0,733.8392036003268,2.974134717523274,874455.5861139927,443.0,NORMAL
58.19532701778196,13.0,30.0,13118.0,12055.0,1166.0,363.0,720.6883972380732,4.346718277003654,525892.6084050273,443.0,NORMAL
30.158534387767695,6.0,40.0,9532.0,12774.0,445.0,210.0,1524.2139511459495,7.318414738918724,787078.5966255305,443.0,NORMAL
59.55652662734414,24.0,20.0,9592.0,13084.0,493.0,1342.0,1494.2772269007662,9.141930758098303,1349587.1242059977,443.0,NORMAL
0.08850771594447807,1.0,0.0,48.0,0.0,62.0,0.0,4199.751212792122,83.45790416859164,509.61646974057726,26280.0,PortScan
45.518029570996255,6.0,11.0,13419.0,10780.0,328.0,978.0,1732.4455912102846,4.232476810396202,1503589.1003785655,443.0,NORMAL
2.1629217275074852,17.0,17.0,6220.0,18510.0,1097.0,935.0,1737.8966282546428,4.6747016723071315,1025576.1892835369,443.0,NORMAL
0.6518336144103428,3.0,2.0,178.0,117.0,73.0,77.0,3589.8598042084045,7.511864536234727,334996.67220085865,53.0,NORMAL
0.6780778152347244,3727.0,0.0,42463.0,0.0,49.0,0.0,694869.7715751044,5438.389483984271,146.54445495066759,443.0,DoS
32.9347281418905,36.0,6.0,8630.0,13882.0,944.0,576.0,1372.5170341087144,6.263474688817267,428959.9034202818,443.0,NORMAL
0.9181894205634108,2.0,3.0,48.0,216.0,64.0,172.0,2959.5060095015992,15.87817160792082,18210.452520485633,53.0,NORMAL
0.8940454023966208,3.0,3.0,113.0,142.0,40.0,100.0,602.6714930706797,3.1628572456424195,313875.5153686055,53.0,NORMAL
10.571770941166282,35.0,5.0,1258.0,6901.0,910.0,909.0,1639.7788721965574,9.167577830441823,1431181.2873034193,443.0,NORMAL
1.669865041277725,26.0,24.0,8188.0,11139.0,167.0,958.0,180.9228125435949,5.353840477644402,1482967.4819352292,443.0,NORMAL
6.227425351097416,36.0,43.0,12375.0,10015.0,680.0,1049.0,1148.7509710163815,9.164646568939023,886601.2974809774,443.0,NORMAL
12.035581164893879,43.0,11.0,13376.0,1633.0,1254.0,143.0,1599.7137196862109,5.542675316858954,821723.7946486591,443.0,NORMAL
25.16749314529873,21.0,4.0,1299.0,11572.0,1059.0,773.0,2870.357149892977,10.005583095958425,845174.6659175484,80.0,NORMAL
44.4041237401122,37.0,8.0,10895.0,19230.0,1082.0,705.0,1674.4348289289412,1.404989623441831,757319.2311142124,443.0,NORMAL
46.615370561201615,11.0,28.0,11032.0,15761.0,913.0,154.0,360.320954508014,1.8655419321873326,396599.4955110605,443.0,NORMAL
10.795676538492376,27.0,20.0,9312.0,48776.0,434.0,771.0,1272.1963439685314,6.947482241373802,453616.0834028366,80.0,NORMAL
1.3197677714324427,2.0,1.0,79.0,235.0,48.0,177.0,3871.4600280992063,1.9460180355104753,233302.89165494073,53.0,NORMAL
0.10037518840419887,3148.0,0.0,146478.0,0.0,57.0,0.0,731804.7435176899,7266.052577290226,370.21379260463914,443.0,DoS
10.444226462319806,32.0,33.0,2477.0,3268.0,497.0,964.0,1433.334067291147,8.78085463806037,1868833.7185314335,443.0,NORMAL
2.4346543681039012,7.0,3.0,134.0,288.0,92.0,109.0,183.5913378206321,9.89502751191283,299812.7348432578,22.0,BruteForce
0.9340236954175213,4496.0,0.0,163091.0,0.0,55.0,0.0,357076.3146972653,4086.519053356288,436.3241565166306,80.0,DoS
31.165252269844316,5.0,21.0,12745.0,14421.0,953.0,127.0,1321.0153742635503,2.8360789043510333,1064459.728222834,443.0,NORMAL
1.5811093304696313,1.0,1.0,141.0,294.0,114.0,95.0,3126.0964909019112,10.738410449937497,66278.43966258722,53.0,NORMAL
1.0829238695040104,2.0,3.0,48.0,185.0,54.0,89.0,3251.0943504428988,17.353667618824304,107957.87655871574,53.0,NORMAL
25.4628232998944,8.0,14.0,2340.0,18743.0,1058.0,504.0,1953.0691234347719,9.349623636496556,1235334.311601718,443.0,NORMAL
14.4899255247043,47.0,24.0,1096.0,8319.0,725.0,564.0,921.9683724568868,3.9806422264375585,1421080.7874443633,443.0,NORMAL
0.714222008862584,2.0,1.0,162.0,211.0,100.0,179.0,621.6730927048683,8.56537790829431,456014.07697522076,53.0,NORMAL
1.2097459041192984,2.0,3.0,57.0,111.0,48.0,137.0,3282.59127171311,9.909053345731724,183140.4510106095,53.0,NORMAL
1.3602254013852209,3.0,1.0,78.0,85.0,98.0,69.0,793.8838449151248,8.575239562294641,76636.88890956521,53.0,NORMAL
27.955839085101157,28.0,13.0,6425.0,42595.0,440.0,947.0,3139.7119779484387,2.3534140722343047,251127.921228362,80.0,NORMAL
8.271527338263947,23.0,25.0,8673.0,19166.0,783.0,248.0,1516.7565774963475,2.7753223215914926,320233.28624811454,80.0,NORMAL
1.1351450407894974,2.0,3.0,84.0,67.0,78.0,159.0,2862.1651959756764,6.430670245344391,195896.19491622914,53.0,NORMAL
51.535696201127685,16.0,40.0,10488.0,18374.0,851.0,413.0,1694.8663533995605,8.545772472043055,1362281.5141438243,443.0,NORMAL
59.871430485236715,49.0,43.0,4527.0,7295.0,1007.0,591.0,1517.015636495576,5.450257112988156,546188.4933803125,443.0,NORMAL
52.33583356015486,39.0,44.0,14262.0,1226.0,341.0,1244.0,1051.8939895631715,3.9308064125043827,1841584.409988414,443.0,NORMAL
7.981835264479852,20.0,29.0,6289.0,19118.0,676.0,940.0,1353.0113887448929,3.118620187301635,1482315.8473317802,443.0,NORMAL
40.932456632586344,37.0,32.0,5543.0,14703.0,897.0,456.0,454.35110846912744,9.90989359677702,657322.2562524407,443.0,NORMAL
14.256303332255271,5.0,19.0,5390.0,14546.0,1114.0,460.0,781.1873293266755,6.03128062729828,346272.69965153845,80.0,NORMAL
2.4346420194557767,25.0,10.0,6890.0,17738.0,1399.0,1302.0,1802.147184399949,8.538973813850149,1130351.2641215972,443.0,NORMAL
13.990808915038869,10.0,49.0,3083.0,12064.0,303.0,152.0,1972.4867781154442,5.0857454392718475,1780333.7181623308,443.0,NORMAL
12.658024656357561,24.0,14.0,7273.0,12720.0,378.0,1068.0,2491.028632947234,3.272282594684647,524785.5725515417,80.0,NORMAL
0.026921252064498927,3.0,3.0,71.0,292.0,98.0,163.0,3922.032857954239,7.641118276702567,454479.17711041466,53.0,NORMAL
12.104338613681408,23.0,21.0,5712.0,36550.0,626.0,115.0,4953.328216101938,10.809575115337351,856429.3658873724,80.0,NORMAL
3.134088127469389,13.0,12.0,1165.0,40810.0,949.0,747.0,2646.796890044145,12.930730874589642,932726.3520303533,80.0,NORMAL
26.9687416270857,26.0,21.0,4035.0,44722.0,598.0,569.0,823.9836090742734,5.559590559377499,197014.3960699171,80.0,NORMAL
42.51828699811401,19.0,47.0,13684.0,11590.0,733.0,1244.0,741.342744890618,5.383498325288702,1847697.945578485,443.0,NORMAL
1.9348030656082378,3443.0,0.0,94957.0,0.0,56.0,0.0,415364.96233925363,5745.532510358219,290.9233035788592,443.0,DoS
10.152866489597713,12.0,14.0,7045.0,21752.0,1308.0,828.0,4546.965895670958,12.31141491827439,441500.3776398362,80.0,NORMAL
0.793583196755331,2.0,3.0,136.0,148.0,101.0,83.0,4864.590353756885,12.656772994111382,11239.404429434657,53.0,NORMAL
0.45650113792393604,3.0,1.0,138.0,180.0,44.0,99.0,4572.943744434601,9.566650854776904,65032.25724542711,53.0,NORMAL
0.6438519674047155,2.0,3.0,80.0,227.0,87.0,167.0,664.6326180803235,14.118754733705497,358734.8593272233,53.0,NORMAL
0.5944678039701462,3211.0,0.0,157584.0,0.0,44.0,0.0,631807.3067208516,8480.59289676579,76.54193912223015,80.0,DoS
1.1989914361242453,1.0,3.0,45.0,223.0,99.0,74.0,1096.2201737516398,6.800333547592217,70526.72992472132,53.0,NORMAL
0.8726285031417396,749.0,0.0,57264.0,0.0,44.0,0.0,500929.0168515004,4952.515670183639,208.67813468235022,80.0,DoS
0.6662086536526534,3.0,3.0,193.0,235.0,102.0,91.0,3096.389019778004,18.135742330797097,20958.200577070125,53.0,NORMAL
3.4751221824665395,25.0,27.0,1071.0,19693.0,1394.0,126.0,1490.3059498126497,1.2405256595937282,1959316.736114586,443.0,NORMAL
21.394369716107928,32.0,7.0,13782.0,13443.0,987.0,1049.0,220.12624457620393,9.13385853392087,1360107.2218670666,443.0,NORMAL
18.872028001158366,48.0,46.0,12295.0,5133.0,400.0,834.0,1297.099184084294,4.869355867941193,234769.0299049176,443.0,NORMAL
0.7437018793730923,2.0,2.0,116.0,263.0,43.0,128.0,4911.8686904558235,18.404219396553852,281877.59862211096,53.0,NORMAL
42.54070631785419,39.0,23.0,14824.0,8140.0,1038.0,249.0,1357.4756503883966,7.57446690103304,556710.5126597858,443.0,NORMAL
19.095973686283696,16.0,14.0,1670.0,48889.0,918.0,1068.0,748.8475613104488,11.900564449837429,533191.8464453801,80.0,NORMAL
0.6155768923883699,3667.0,0.0,53859.0,0.0,54.0,0.0,768381.6205352263,2173.3031185514046,407.94222966003196,22.0,DoS
22.839363315071218,39.0,23.0,3982.0,15690.0,900.0,566.0,191.48649942908176,3.806845806390989,1000041.7946096861,443.0,NORMAL
1.8761025675107745,2.0,3.0,47.0,222.0,97.0,61.0,3517.5343488025965,9.491545585153164,417572.76644663396,53.0,NORMAL
1.0107472330034795,2.0,2.0,150.0,212.0,43.0,125.0,4939.017377618825,19.855831480000667,495452.18425300164,53.0,NORMAL
53.835870481275826,46.0,28.0,8973.0,8078.0,1056.0,652.0,1082.031198520903,4.428634966063143,1375902.7968467285,443.0,NORMAL
40.68352497528245,11.0,6.0,12847.0,6419.0,1351.0,675.0,124.95341004887408,4.809863546187426,760132.8901720867,443.0,NORMAL
59.413177156151534,46.0,43.0,5927.0,7762.0,295.0,168.0,442.51591843491457,9.98002960116506,1819062.6227017075,443.0,NORMAL
1.2184438286668118,2.0,1.0,65.0,133.0,61.0,97.0,4585.571185786223,18.140011427446748,445506.89827381575,53.0,NORMAL
1.0028410854537688,3310.0,0.0,35959.0,0.0,51.0,0.0,136779.20891658287,6798.736651781634,387.9724035484788,22.0,DoS
46.12377825327673,11.0,11.0,8351.0,12103.0,1067.0,896.0,1412.8508871879715,8.539169069596404,871326.7670452198,443.0,NORMAL
4.6752160896736985,34.0,29.0,11686.0,9637.0,1041.0,780.0,256.31659228479225,4.661956543514965,1503861.0313881086,443.0,NORMAL
35.059462724754745,14.0,13.0,1559.0,12103.0,463.0,1094.0,1117.2553021084059,3.4296262151674846,1128338.2516461737,443.0,NORMAL
0.19689673627317877,1.0,3.0,115.0,89.0,41.0,170.0,4583.7187490809,1.41510054090297,202340.39319232522,53.0,NORMAL
30.00533663189311,33.0,24.0,14285.0,16037.0,993.0,1037.0,904.1923712550755,4.56838165246908,1030933.8350215468,443.0,NORMAL
0.20484483294065728,1.0,0.0,58.0,0.0,56.0,0.0,1879.6136083613515,29.563807535493847,4613.0308045152215,49937.0,PortScan
20.078922164815726,9.0,47.0,2233.0,7374.0,1220.0,627.0,1347.2937483851913,3.91509279235852,1189265.0031646616,443.0,NORMAL
1.7310135560822189,2.0,2.0,49.0,158.0,104.0,122.0,4766.553988799686,14.618845459857702,332394.37563500216,53.0,NORMAL
0.9264678774555816,3.0,1.0,95.0,93.0,89.0,163.0,806.4907852140279,15.017377258421744,306233.7912689879,53.0,NORMAL
4.742194206206548,7.0,6.0,112.0,161.0,85.0,68.0,462.2862831406976,4.5847021599127595,114529.49750216135,3389.0,BruteForce
15.276650688705677,33.0,13.0,2977.0,16589.0,1269.0,1195.0,390.37353767919535,8.453168044575133,684204.2768906067,443.0,NORMAL
6.9838288785037745,28.0,11.0,5926.0,1755.0,213.0,304.0,872.8105356634917,8.880897896865964,441199.6451600127,443.0,NORMAL
0.1984778423147187,1.0,0.0,77.0,0.0,57.0,0.0,2697.112212743699,49.52653958093333,1977.756549860636,21861.0,PortScan
1.3636821147358875,3939.0,0.0,148381.0,0.0,47.0,0.0,187659.9494724486,6836.211004607261,71.63818687451553,22.0,DoS
0.17901910825620967,3004.0,0.0,151118.0,0.0,44.0,0.0,516986.63711708714,2970.214207118663,447.1349489125056,443.0,DoS
44.50406756588018,12.0,42.0,13171.0,17563.0,236.0,1180.0,1202.3703161711562,1.055553004351158,1280464.3650118993,443.0,NORMAL
4.099425806305382,9.0,3.0,192.0,234.0,110.0,74.0,240.86409664592446,8.779686264636574,173982.11502302677,22.0,BruteForce
0.9022167130113138,2.0,1.0,112.0,196.0,109.0,97.0,267.9732985841147,5.189112311987918,33094.44682433986,53.0,NORMAL
1.5317306751748265,2115.0,0.0,195604.0,0.0,53.0,0.0,723322.5252496568,8819.325287545598,319.43724304516354,22.0,DoS
11.794492011190863,19.0,3.0,894.0,36005.0,191.0,317.0,3454.690301784566,5.933691566220733,930333.814676757,80.0,NORMAL
0.027151561893296164,1.0,0.0,65.0,0.0,76.0,0.0,3754.76154687032,72.25679253319227,9302.671306850965,8331.0,PortScan
33.19139056964016,29.0,46.0,11097.0,4925.0,606.0,1181.0,1367.302912093643,2.9244201781481802,853171.6920787466,443.0,NORMAL
4.974987614769506,5.0,4.0,495.0,165.0,82.0,92.0,89.0150173895372,4.035842536843966,433365.4506219408,3389.0,BruteForce
1.3108096399693627,4963.0,0.0,169326.0,0.0,51.0,0.0,506844.89917824214,5941.564496493938,266.76696818062214,443.0,DoS
0.7071030798738189,2.0,1.0,70.0,201.0,118.0,170.0,1593.723260447492,4.085104695853895,170578.49757079233,53.0,NORMAL
13.011313674144724,23.0,26.0,2112.0,41160.0,1108.0,739.0,1472.294280251193,8.466335579586111,998897.8172929911,80.0,NORMAL
0.24191288912546677,4405.0,0.0,118193.0,0.0,45.0,0.0,920978.9997212107,1837.2842655346021,33.44502938343662,22.0,DoS
3.963334676374452,45.0,18.0,13260.0,10114.0,1391.0,1056.0,1197.8608619160664,0.8940586974972976,1161874.1167940963,443.0,NORMAL
0.32983162609766337,1.0,3.0,170.0,277.0,112.0,68.0,3619.1273216239,2.584663364364846,165241.24664606084,53.0,NORMAL
1.0935701857914664,4553.0,0.0,167702.0,0.0,46.0,0.0,430344.70610012626,3988.8723404843827,397.79666015054363,443.0,DoS
1.137238981905064,3.0,3.0,187.0,69.0,41.0,113.0,418.6304543992517,7.611834990912504,240759.90347001184,53.0,NORMAL
1.416211572278311,2501.0,0.0,96916.0,0.0,55.0,0.0,159057.62054791936,9220.566358592887,216.7879406286406,443.0,DoS
10.319334547285532,20.0,10.0,6134.0,3696.0,736.0,268.0,1252.8206116185083,8.147296744978163,1221206.2489777675,443.0,NORMAL
31.1889690848243,33.0,6.0,7182.0,1590.0,1311.0,400.0,550.2170889174979,3.0954174008933295,1284744.143893508,443.0,NORMAL
23.805889902558643,32.0,40.0,3107.0,16190.0,561.0,470.0,1767.5716089183456,7.616028315979876,1985822.3328204076,443.0,NORMAL
18.422787176738133,29.0,49.0,5687.0,19447.0,868.0,905.0,834.459960089836,7.76404194570725,275504.5946242036,443.0,NORMAL
0.2540632161935811,4503.0,0.0,138695.0,0.0,55.0,0.0,817765.3405930952,9597.564004484342,15.443425165837253,22.0,DoS
0.03755679465769999,1.0,1.0,169.0,292.0,41.0,179.0,4130.718050006924,19.708653608111117,99854.80574820147,53.0,NORMAL
1.3949602872842795,804.0,0.0,67340.0,0.0,58.0,0.0,321094.9509208574,5222.232776691262,179.4360412552119,22.0,DoS
0.16874189752288585,1.0,1.0,178.0,148.0,60.0,130.0,1798.6023211905379,11.143752772715064,257811.4561102076,53.0,NORMAL
7.754770645888402,35.0,18.0,12292.0,7734.0,997.0,111.0,1936.1548545611458,3.9208559102287324,1741383.4620900184,443.0,NORMAL
26.77955923578071,19.0,27.0,1736.0,15508.0,182.0,1335.0,212.3013704155646,4.507138509777048,366506.97567116196,80.0,NORMAL
0.6423710063031156,3.0,1.0,80.0,64.0,85.0,77.0,626.5857728149942,14.79685169922181,482268.366981682,53.0,NORMAL
1.0024912683165528,3.0,1.0,189.0,109.0,96.0,77.0,1944.5948059215082,10.933888275389341,344658.8449422013,53.0,NORMAL
0.45027544937997727,3.0,1.0,79.0,299.0,110.0,82.0,4449.0232524923285,17.844459143356065,183773.2796773289,53.0,NORMAL
1.8562268203346817,2.0,1.0,76.0,185.0,113.0,81.0,1672.9902019158005,16.930349040749682,415273.05995463807,53.0,NORMAL
36.603467009501294,30.0,12.0,7629.0,18693.0,926.0,581.0,1341.2514650430187,9.937458698517725,1960908.2520806838,443.0,NORMAL
5.23100144201141,46.0,35.0,12711.0,8925.0,1378.0,1237.0,962.723987030823,3.648345264910823,1075247.884734341,443.0,NORMAL
1.3938032826719082,2.0,1.0,87.0,198.0,42.0,121.0,1840.2189412716896,2.806669689097191,317172.0835829369,53.0,NORMAL
13.573177537479914,15.0,28.0,7554.0,5014.0,1278.0,1267.0,1807.741076752101,3.7266305691841404,841529.8415782494,443.0,NORMAL
52.92924753736762,41.0,14.0,8035.0,2965.0,1024.0,1295.0,532.1704098985492,7.0211242530741345,1481236.0544759757,443.0,NORMAL
1.714083889790338,38.0,13.0,9269.0,16935.0,555.0,580.0,309.4645246930764,9.625626734633702,1703689.234198942,443.0,NORMAL
0.26275528008052634,1946.0,0.0,107427.0,0.0,42.0,0.0,734119.1933498671,9865.106438157829,140.21351705984745,80.0,DoS
8.430198312706606,12.0,24.0,7027.0,30176.0,1164.0,1266.0,3741.8536755981713,9.489766467486541,207116.97459275302,80.0,NORMAL
0.9198885074074065,3.0,3.0,155.0,266.0,49.0,144.0,1108.3340515323378,19.63247107996733,118805.78290555518,53.0,NORMAL
22.33376745171795,14.0,3.0,9788.0,14584.0,1383.0,242.0,3249.116724042856,2.486060490421748,257759.83114585222,80.0,NORMAL
1.3104103206895268,3.0,1.0,53.0,204.0,49.0,105.0,849.8159602060842,17.14401187755287,367204.26462131325,53.0,NORMAL
19.70755824788874,5.0,18.0,6831.0,8704.0,1084.0,356.0,446.2404204521745,13.211017829327544,634041.3838120056,80.0,NORMAL
1.8488126132223988,8.0,7.0,256.0,199.0,75.0,104.0,345.62512847574305,6.947359790734295,431341.0499029169,22.0,BruteForce
53.309648699187534,42.0,47.0,14493.0,13008.0,601.0,841.0,1678.506173394241,1.7621866100614871,1938110.2209577262,443.0,NORMAL
14.102476370905913,9.0,35.0,14285.0,16234.0,499.0,867.0,345.23996408297603,5.1233518615839815,1863999.35079346,443.0,NORMAL
22.39326055375953,28.0,22.0,1553.0,29005.0,169.0,1091.0,3181.817085583364,10.279986168599352,796815.6792702272,80.0,NORMAL
0.6745731491254473,3.0,1.0,125.0,229.0,111.0,151.0,4689.6017362519015,19.973401215043545,429067.1381862548,53.0,NORMAL
52.32818041921341,23.0,18.0,14026.0,4358.0,996.0,456.0,1278.4370998160366,0.6067703353210808,206301.09853737906,443.0,NORMAL
24.76952367532559,27.0,47.0,11523.0,9367.0,352.0,705.0,1006.2389930822945,1.329918239309309,165428.34232839214,443.0,NORMAL
23.991409212934634,23.0,19.0,2260.0,4103.0,524.0,332.0,4646.087593142566,10.098171267553997,879775.9644452876,80.0,NORMAL
29.80390829475901,9.0,15.0,3499.0,12069.0,170.0,1398.0,3466.8222895411213,1.7184167880559011,937150.1793346971,80.0,NORMAL
48.78259230542346,41.0,22.0,6539.0,6807.0,1365.0,548.0,509.01067066243365,7.239090337943947,1438815.6569373675,443.0,NORMAL
1.730666649394667,2.0,3.0,164.0,109.0,76.0,138.0,369.5668032766833,19.80894146840748,342701.5587282467,53.0,NORMAL
29.614250935139115,27.0,25.0,6570.0,47021.0,609.0,460.0,1024.5704981987492,3.2937184095143026,378198.5133085551,80.0,NORMAL
2.3328699633376555,16.0,8.0,9162.0,46546.0,500.0,601.0,2822.1208783887446,9.134191511540969,112057.81771848345,80.0,NORMAL
1.3258049102925415,6.0,33.0,5943.0,3460.0,429.0,1090.0,478.5595693107745,3.27204914387539,1151705.0280206539,443.0,NORMAL
0.09037409191586666,1.0,1.0,87.0,294.0,47.0,175.0,4090.3234781402557,5.504319932096795,57493.30004699139,53.0,NORMAL
0.3231588989457114,1.0,0.0,72.0,0.0,77.0,0.0,2928.528219453901,82.13320074294656,8418.428126044693,25913.0,PortScan
4.97368548665753,43.0,16.0,9953.0,13589.0,1113.0,957.0,1154.2001617060553,1.68658747395809,1004483.9474864427,443.0,NORMAL
4.205590054551326,19.0,49.0,3868.0,19477.0,169.0,334.0,1469.8150899189775,5.151426398396657,1477466.2924982337,443.0,NORMAL
33.50058486593922,26.0,5.0,7539.0,8824.0,857.0,756.0,376.9082341605577,5.474205444062755,1628302.2875156563,443.0,NORMAL
46.81921431471276,9.0,30.0,14986.0,8248.0,1382.0,1144.0,152.67811704751347,7.937755702938503,582148.9634554901,443.0,NORMAL
3.611453926689215,8.0,6.0,493.0,368.0,132.0,78.0,237.00046926169446,3.962174493663893,189838.77675519936,22.0,BruteForce
1.4727571584569805,1574.0,0.0,131227.0,0.0,48.0,0.0,830118.4283938274,4669.003829314817,53.84129325424884,80.0,DoS
1.314260175197027,1.0,3.0,39.0,57.0,52.0,133.0,3856.336856333104,3.786032199774081,163513.20404823124,53.0,NORMAL
0.4241864558634307,3.0,2.0,58.0,105.0,44.0,80.0,1788.6891353636067,19.405052324793566,396139.09747942886,53.0,NORMAL
38.876318526152694,18.0,47.0,5567.0,7752.0,350.0,952.0,1258.642150159533,7.499225649954949,324897.75519360503,443.0,NORMAL
1.2240359936814016,2.0,1.0,123.0,67.0,86.0,79.0,2002.8919368287839,15.956533918913403,428200.09777297504,53.0,NORMAL
1.7165526393942592,1.0,1.0,195.0,229.0,55.0,130.0,1211.6512688588261,9.284158328630832,313839.45377734076,53.0,NORMAL
0.11248237705670153,1.0,2.0,117.0,138.0,108.0,62.0,3798.9603170964288,3.4330734541491568,91945.70310950781,53.0,NORMAL
43.902975116212176,7.0,22.0,6154.0,11110.0,866.0,757.0,1290.3562838055832,4.345905272859641,1758455.808433552,443.0,NORMAL
4.686167044807157,7.0,6.0,378.0,227.0,72.0,57.0,431.631120177807,8.163211261990856,250072.027652208,21.0,BruteForce
6.005425131026323,11.0,39.0,9719.0,14254.0,1328.0,1082.0,830.4145928280275,5.443726146933142,1815443.1082041177,443.0,NORMAL
4.412717917240386,42.0,45.0,1242.0,12977.0,1060.0,294.0,1015.0192047049677,6.290265165710521,1381056.5332622416,443.0,NORMAL
45.901229624796194,49.0,27.0,8635.0,8443.0,1310.0,1124.0,1401.8062811669538,9.714544454263272,1689818.0303296722,443.0,NORMAL
0.09046385007516282,2.0,3.0,92.0,177.0,75.0,70.0,1194.4234389398475,12.049194626129314,170559.7192229201,53.0,NORMAL
30.40808973681438,6.0,35.0,2589.0,9875.0,249.0,380.0,659.7747694013165,3.725915691649898,299051.3295941258,443.0,NORMAL
48.55356043673433,36.0,49.0,5276.0,8511.0,825.0,1343.0,1634.2720329797828,6.469871216166259,1397665.7854212557,443.0,NORMAL
19.986580488558378,14.0,27.0,6943.0,29046.0,435.0,944.0,4050.8796313855737,14.284117867891016,294450.8366796068,80.0,NORMAL
0.6322358860424008,4683.0,0.0,88208.0,0.0,42.0,0.0,391890.49863824225,8363.86174445417,197.80192118743605,80.0,DoS
12.30398379835472,34.0,22.0,8254.0,7259.0,1204.0,837.0,1190.1140608347143,4.615003083798375,1481075.907005335,443.0,NORMAL
1.4167889790244883,1.0,2.0,144.0,252.0,62.0,162.0,133.92735637910704,5.2108495265772765,296798.8074211506,53.0,NORMAL
25.039355609804705,18.0,26.0,5954.0,8515.0,250.0,1289.0,3762.9234084517166,14.536739026754262,316496.11658237525,80.0,NORMAL
43.087625567188596,26.0,47.0,6041.0,5228.0,963.0,870.0,1402.27258377661,1.3200235981185626,302419.7178559067,443.0,NORMAL
37.38236855672354,26.0,25.0,1660.0,4195.0,1294.0,1121.0,709.9376400467094,4.795643078109189,1274520.2443659536,443.0,NORMAL
1.877187976153695,2.0,1.0,83.0,234.0,44.0,134.0,2903.0594724946295,3.800185643827478,279231.2322841784,53.0,NORMAL
27.81792282129862,22.0,49.0,3576.0,2849.0,322.0,1298.0,218.26307970168375,9.338148615366324,372603.83785500797,443.0,NORMAL
59.27934569267835,32.0,6.0,10308.0,3606.0,1322.0,1265.0,1775.90336812966,2.6219231609752827,1452604.7755827024,443.0,NORMAL
0.6234513359426361,2.0,2.0,138.0,226.0,85.0,110.0,609.8727826301463,17.17664649469701,114966.40455496144,53.0,NORMAL
7.288988788171452,6.0,41.0,6741.0,19394.0,1258.0,671.0,1260.4845765480998,3.9938593854655045,943578.3912406726,443.0,NORMAL
1.9716775355913787,2.0,3.0,109.0,109.0,110.0,93.0,1630.116537288234,6.9382340270062475,316686.9872221393,53.0,NORMAL
21.256430928067516,19.0,25.0,6814.0,6699.0,1318.0,639.0,1269.8714330478142,1.9097559829317525,374321.4558996502,80.0,NORMAL
1.56105249465367,3.0,1.0,65.0,236.0,81.0,130.0,2552.965366072479,13.150360825104121,492333.39474036434,53.0,NORMAL
1.02933476547741,3.0,1.0,38.0,52.0,51.0,120.0,2368.8030612895086,2.6509088137549144,486544.39800626645,53.0,NORMAL
1.9424964505384268,2.0,3.0,184.0,52.0,56.0,143.0,1916.3999406020314,17.65590980066132,153722.21189589292,53.0,NORMAL
0.3691088663955449,2.0,3.0,103.0,64.0,84.0,114.0,4866.987951770923,2.7231750596733617,301602.6152982442,53.0,NORMAL
1.5622599141107414,3.0,1.0,133.0,117.0,119.0,139.0,2824.2441498232397,16.077303237672872,12127.544602863647,53.0,NORMAL
3.483498188545351,48.0,9.0,8313.0,15263.0,119.0,127.0,1030.411080105675,5.975844587636222,1614896.8737645878,443.0,NORMAL
42.52756840642554,25.0,13.0,13511.0,18148.0,793.0,1009.0,141.83061976752532,4.8186630160698405,533492.0836922503,443.0,NORMAL
36.43506566827642,27.0,29.0,9250.0,19269.0,718.0,1049.0,1281.526562420694,1.9341674347378013,1835278.958421675,443.0,NORMAL
54.10490779797236,11.0,30.0,2563.0,2865.0,805.0,1393.0,133.44479503255542,9.575222831570207,542832.6840202172,443.0,NORMAL
29.836624508455454,9.0,29.0,8765.0,41486.0,128.0,1162.0,2837.8889703018654,1.4298862357486146,318067.58217760094,80.0,NORMAL
0.8860335733629001,6.0,8.0,6080.0,45300.0,311.0,566.0,948.0348448023536,13.071881831999722,906582.4597028198,80.0,NORMAL
0.9582004420076823,1.0,1.0,144.0,221.0,82.0,142.0,3079.7800838957864,2.6188841869372887,399384.3432766087,53.0,NORMAL
1.2076767837939877,1.0,1.0,174.0,142.0,108.0,138.0,2504.4233612737175,7.067699693565374,127019.38773645785,53.0,NORMAL
1.6511824637984311,4006.0,0.0,127235.0,0.0,56.0,0.0,199939.1891842832,7407.210365341968,306.36051732929513,443.0,DoS
0.28505132349767487,1.0,0.0,49.0,0.0,76.0,0.0,2355.890556074079,4.712515306078597,4838.172856481749,1301.0,PortScan
0.2257554923767124,1.0,3.0,130.0,264.0,100.0,178.0,163.35753716440632,8.711899336613715,164932.61988081003,53.0,NORMAL
6.876016675140055,28.0,3.0,842.0,32606.0,843.0,534.0,3863.984322409,11.299603709276518,241278.79999573345,80.0,NORMAL
35.535907499408374,25.0,47.0,10679.0,4925.0,1154.0,947.0,1705.7007178624976,9.589847358618165,525300.5382704568,443.0,NORMAL
15.200869998117792,35.0,27.0,2900.0,10566.0,650.0,906.0,1766.6015457131007,1.9635775404400757,760192.318845481,443.0,NORMAL
5.204146938150258,30.0,30.0,11002.0,13069.0,721.0,275.0,1058.7868975702254,6.653824389933043,1491655.220147882,443.0,NORMAL
1.3662926055554727,2.0,2.0,34.0,121.0,56.0,135.0,1368.0639226360101,13.82166694059406,312861.217384557,53.0,NORMAL
40.3880097482515,46.0,47.0,12636.0,17339.0,533.0,1346.0,1770.573181847791,4.783418818918486,841595.103847822,443.0,NORMAL
48.69544353887121,11.0,8.0,6720.0,11048.0,802.0,466.0,1217.3763038765187,0.8710188749192829,176256.59582639113,443.0,NORMAL
48.95517446819265,10.0,17.0,1892.0,9888.0,209.0,215.0,697.3790501102111,6.415534230117208,1445145.8645157765,443.0,NORMAL
9.386090303814003,43.0,40.0,8644.0,9512.0,522.0,1065.0,982.2362598597324,2.394574153887589,1399975.7126018933,443.0,NORMAL
0.14242020206527323,1.0,3.0,46.0,162.0,119.0,83.0,3675.992549073234,11.354498985023104,143036.39419547157,53.0,NORMAL
0.4103906802203692,3.0,3.0,34.0,119.0,54.0,142.0,3707.3418276704097,9.32338352010478,125184.90412535114,53.0,NORMAL
6.184123449545168,25.0,20.0,3722.0,10639.0,326.0,428.0,1255.1186492390857,8.898988218008006,1542611.8973604445,443.0,NORMAL
1.235654884105545,1956.0,0.0,184782.0,0.0,49.0,0.0,844510.7840592273,8021.014436049793,306.4661397718838,443.0,DoS
1.2013315204181225,2.0,1.0,62.0,223.0,59.0,170.0,2142.884166598048,1.7637805914713662,133461.45037930232,53.0,NORMAL
1.1180507898023835,1.0,1.0,43.0,52.0,59.0,87.0,2534.359325137936,7.370807066584728,479667.9741133769,53.0,NORMAL
44.15829293008138,30.0,28.0,5341.0,4332.0,1186.0,799.0,928.9075561283977,6.662055006813742,1701727.274205429,443.0,NORMAL
57.99680280259196,14.0,27.0,13919.0,12058.0,557.0,612.0,570.6050690485424,6.274614435524018,194370.54121153767,443.0,NORMAL
1.1328208100865675,3.0,2.0,67.0,127.0,52.0,151.0,2516.957230591786,12.885253297438352,495431.22913464607,53.0,NORMAL
0.47226134621708327,1.0,0.0,76.0,0.0,70.0,0.0,4406.71428556008,51.573984245122425,5556.915942895166,60510.0,PortScan
58.56100185073498,10.0,11.0,6565.0,18316.0,1242.0,186.0,1098.9988027175382,6.4539358235434605,448186.14290921815,443.0,NORMAL
15.67483421609672,5.0,27.0,9396.0,2710.0,602.0,1189.0,4750.746874878353,1.3129834308320782,93152.7128662491,80.0,NORMAL
24.521118638566474,8.0,30.0,3956.0,9753.0,559.0,424.0,1566.1174006710733,6.091772064091626,315107.88555880124,443.0,NORMAL
26.92583457601801,14.0,23.0,1074.0,13094.0,377.0,1384.0,3301.4117782720637,8.829616732850932,963053.9826429372,80.0,NORMAL
25.263884620326635,14.0,16.0,7803.0,20620.0,323.0,781.0,3626.060913395153,7.89800988298259,310378.4923423288,80.0,NORMAL
0.8450080216589168,2.0,3.0,141.0,220.0,61.0,91.0,1711.3428483369837,13.505566536790147,23967.35147108186,53.0,NORMAL
6.572134684599775,45.0,48.0,11124.0,18824.0,1272.0,1005.0,1949.8545327213274,4.910535573048077,796446.7825165214,443.0,NORMAL
26.888425556081774,29.0,11.0,7888.0,15458.0,1244.0,713.0,3253.0238059374255,3.785506607584505,710839.2078276033,80.0,NORMAL
0.09882811277567308,1.0,0.0,57.0,0.0,67.0,0.0,1306.730012940474,3.37926631880977,245.99027608914182,65346.0,PortScan
57.78439040158456,42.0,21.0,13931.0,4514.0,212.0,1035.0,440.49871416594885,1.2094546117587415,693342.5941895848,443.0,NORMAL
1.3473967958571231,3.0,3.0,103.0,80.0,68.0,156.0,516.9595316192456,2.1698399492967,30988.954734284227,53.0,NORMAL
0.25104079057939993,1.0,0.0,77.0,0.0,57.0,0.0,2432.401403159207,87.57182743504222,3719.9615643980765,10699.0,PortScan
3.7535083943200886,4.0,17.0,7895.0,15668.0,977.0,327.0,465.2886706274092,1.9762812180452027,891843.9115523823,80.0,NORMAL
21.58322772603672,48.0,43.0,4148.0,4759.0,160.0,234.0,360.4191223509411,9.14715839318325,1866700.7379040418,443.0,NORMAL
0.7997499396779452,2.0,1.0,108.0,236.0,89.0,172.0,4277.920308716583,1.0966916161373677,183007.81743715858,53.0,NORMAL
0.7464091156857838,2385.0,0.0,124427.0,0.0,52.0,0.0,701465.6665251863,2036.9412335880204,285.1411769743004,22.0,DoS
0.3434891418147988,3.0,3.0,110.0,130.0,99.0,140.0,3956.9448211579065,7.188729840163473,32003.46402736098,53.0,NORMAL
0.5882823793942187,2.0,1.0,91.0,174.0,101.0,157.0,4796.447679636366,16.916647671976587,260117.2772841735,53.0,NORMAL
23.962899045315623,33.0,21.0,10697.0,19130.0,969.0,581.0,1819.659671745812,4.050123112494118,287991.36189599446,443.0,NORMAL
37.09932078862039,32.0,16.0,13697.0,10393.0,525.0,1047.0,1967.731218341682,8.51853516147779,303299.94581883866,443.0,NORMAL
48.58710772382553,7.0,26.0,8423.0,7177.0,1242.0,225.0,126.587479323879,9.710502326078924,1072336.1863586316,443.0,NORMAL
9.292625087123286,22.0,10.0,3322.0,15642.0,344.0,1263.0,107.45950827960426,3.271579098291092,177596.84160497785,443.0,NORMAL
29.77004077036544,9.0,19.0,3582.0,3804.0,1099.0,1239.0,109.62751754479831,5.55799318756639,1454097.350483719,443.0,NORMAL
23.09862033418716,37.0,15.0,7393.0,13045.0,1279.0,349.0,646.8852465728723,5.305488193361061,178236.86802973005,443.0,NORMAL
1.5580938999850673,8.0,3.0,308.0,382.0,110.0,106.0,348.86540906634104,9.698522460824407,374871.3733915254,3389.0,BruteForce
3.0289227457978853,24.0,47.0,12906.0,13552.0,387.0,1084.0,1015.2067604569221,6.019864079626813,569426.6263059969,443.0,NORMAL
29.37251864957753,10.0,49.0,11985.0,14788.0,1141.0,189.0,1589.779931101711,9.388383885122243,1665766.4631244133,443.0,NORMAL
1.2287783824300769,1.0,2.0,191.0,83.0,106.0,167.0,4882.569744059554,12.007168493587054,184805.1472759336,53.0,NORMAL
1.1132400369501618,3.0,2.0,188.0,279.0,68.0,157.0,1421.0354865111624,8.77853219844908,139972.53182874987,53.0,NORMAL
1.512702310774921,1.0,1.0,172.0,209.0,77.0,95.0,2507.803475650123,6.607476038827313,193018.73856681917,53.0,NORMAL
1.2292233630025895,2.0,2.0,198.0,154.0,45.0,139.0,1577.6417332840954,1.8828814732825443,108593.44736123024,53.0,NORMAL
58.224681277557664,16.0,46.0,1559.0,1978.0,1320.0,886.0,783.949684535672,2.3966561822226744,368336.0967347603,443.0,NORMAL
1.0379570397056104,1.0,1.0,55.0,127.0,97.0,82.0,3115.7936240973777,16.77316273353705,344519.06055519317,53.0,NORMAL
7.311857690790546,30.0,24.0,1658.0,12884.0,318.0,927.0,242.989442485591,9.94708670240257,1047934.4592501943,443.0,NORMAL
9.699699075670752,36.0,47.0,11979.0,10519.0,1089.0,354.0,266.6237474083877,6.2595276035575305,1254314.2034282954,443.0,NORMAL
46.10713988462834,48.0,36.0,14856.0,19366.0,174.0,213.0,176.3188465061043,7.084555065697043,1349700.4500761975,443.0,NORMAL
35.31571528636242,48.0,23.0,2126.0,7651.0,1350.0,169.0,1129.573812168094,6.438008943218481,1632815.012597279,443.0,NORMAL
0.4867793608031263,3.0,3.0,171.0,125.0,57.0,158.0,2151.4050096190454,1.3918004540111788,69352.9733654864,53.0,NORMAL
51.86051640836949,25.0,46.0,12882.0,6283.0,851.0,1077.0,529.3101506211824,3.3869318957228076,129020.292319481,443.0,NORMAL
0.1229936711200507,3.0,3.0,157.0,284.0,104.0,170.0,4564.033184803194,18.08273237290055,256011.22753866494,53.0,NORMAL
51.89578779780156,5.0,15.0,7639.0,10580.0,1223.0,1121.0,526.2596541063526,5.968178613284556,1174257.1217792325,443.0,NORMAL
36.5859744585169,17.0,47.0,7032.0,4646.0,592.0,1062.0,1762.6120319209913,7.232957159366215,1315407.3940763152,443.0,NORMAL
50.31372974672045,30.0,30.0,10394.0,9469.0,1115.0,1293.0,662.1172139028838,3.8330543284957077,1228493.7003330318,443.0,NORMAL
1.361068251624148,3.0,2.0,152.0,79.0,44.0,117.0,2458.5737803677316,15.368991508764644,271918.4133699157,53.0,NORMAL
0.9795116328240021,2.0,3.0,45.0,117.0,99.0,178.0,4551.6598650029055,3.147480739017682,427558.04911830765,53.0,NORMAL
0.43654452965843815,1.0,3.0,73.0,227.0,119.0,161.0,3632.885781939194,14.68354691235379,345501.49517494347,53.0,NORMAL
52.75483190797339,28.0,39.0,2472.0,3076.0,392.0,1082.0,772.5915821348667,4.489865085331527,1380447.7607606193,443.0,NORMAL
1.2976257018595683,2.0,1.0,50.0,187.0,70.0,152.0,2194.495534420468,3.9390174017260335,153076.40171417373,53.0,NORMAL
58.22481072032895,32.0,49.0,2421.0,19004.0,424.0,1123.0,1462.9227953776522,9.933167517283561,550178.1709027166,443.0,NORMAL
29.10380826476483,25.0,33.0,14927.0,4977.0,429.0,608.0,167.2960492336411,5.070678222012292,823588.1723473371,443.0,NORMAL
0.9105063700444921,2.0,2.0,154.0,136.0,51.0,96.0,4486.025112950412,19.726168976748525,133225.29555675096,53.0,NORMAL
18.37347981297314,5.0,39.0,9261.0,3755.0,522.0,362.0,1229.649868485801,4.125287570835891,284447.23189994914,443.0,NORMAL
6.476717145234654,11.0,15.0,6173.0,15789.0,142.0,508.0,2816.160757581438,1.3686887234643699,253051.71422723203,80.0,NORMAL
5.675924149543848,24.0,8.0,8929.0,2548.0,943.0,1247.0,3650.016074799112,1.7787370763908321,412052.2873701365,80.0,NORMAL
1.6318487857927442,3.0,2.0,190.0,284.0,51.0,128.0,2121.940263252323,18.788113466175222,211980.72563403723,53.0,NORMAL
0.14197700382805886,968.0,0.0,49212.0,0.0,55.0,0.0,239434.33072075786,1039.7737800903706,323.28770983488016,22.0,DoS
4.754484409712319,4.0,6.0,445.0,201.0,58.0,113.0,116.905151707587,2.619716137134829,408238.9605204968,21.0,BruteForce
48.61096396215562,47.0,14.0,6434.0,18527.0,1188.0,1191.0,154.93246420645883,5.461029956463383,1206666.6478921871,443.0,NORMAL
11.34287359910192,33.0,47.0,2471.0,14286.0,1230.0,957.0,1926.345937395159,3.6708605265608734,967541.7559910499,443.0,NORMAL
11.0474861510667,8.0,27.0,2964.0,13816.0,908.0,1129.0,4766.8642177824295,10.745122123267759,155976.9397100337,80.0,NORMAL
1.2732893572715687,38.0,41.0,6901.0,2645.0,164.0,416.0,1679.9361295513133,4.858621995903775,1063990.732126671,443.0,NORMAL
54.632918719272816,27.0,47.0,2203.0,16591.0,684.0,326.0,824.0342852254023,4.366060933505429,1887897.9628676844,443.0,NORMAL
1.1026153503167613,3.0,2.0,145.0,283.0,91.0,125.0,4320.563216106313,3.5402628037355486,253303.37014047746,53.0,NORMAL
0.25484303270178366,1548.0,0.0,181123.0,0.0,45.0,0.0,417669.0792570825,6533.31149955983,135.16270670425249,80.0,DoS
4.957512165917221,17.0,46.0,2361.0,5478.0,686.0,770.0,504.5593059169423,2.726031526456249,1274338.0914711575,443.0,NORMAL
11.92284280147856,23.0,32.0,10089.0,6400.0,881.0,1018.0,1980.2154408672727,3.813510591054199,1915829.1619458566,443.0,NORMAL
27.903280363261366,27.0,5.0,3542.0,31286.0,837.0,953.0,2161.412197546394,11.581081033632298,726694.6174496143,80.0,NORMAL
1.8926268521180465,3.0,3.0,199.0,78.0,95.0,86.0,2025.9508514272068,16.358277825706363,231367.47509079124,53.0,NORMAL
9.992544786494628,49.0,37.0,12275.0,14513.0,1047.0,453.0,222.43148855011532,2.8875302019499967,649056.2928712609,443.0,NORMAL
55.90511766399106,43.0,43.0,7999.0,13210.0,152.0,578.0,996.6273088377163,7.995104182598288,205843.10181750584,443.0,NORMAL
1.0210802670094905,1.0,2.0,155.0,216.0,73.0,118.0,2578.1200911435603,18.53835917664253,348602.4884766513,53.0,NORMAL
0.10132879707134797,1.0,1.0,192.0,77.0,103.0,152.0,578.7178023664808,1.0258765263316219,299482.856911692,53.0,NORMAL
11.137612478000968,5.0,20.0,852.0,33676.0,1279.0,621.0,3201.176242163182,11.462337926332536,142645.72370867347,80.0,NORMAL
22.89128701609156,17.0,39.0,2525.0,2031.0,859.0,1165.0,1440.7272790897252,5.04257095112857,1235860.6193170133,443.0,NORMAL
9.592634591391768,21.0,13.0,2571.0,2394.0,578.0,134.0,2045.55019789902,13.451056172052827,508759.46188371326,80.0,NORMAL
1.0099349465611729,1.0,3.0,48.0,227.0,110.0,64.0,3246.3249625074654,4.50822550750723,431041.9423170718,53.0,NORMAL
1.5630431012532382,3.0,3.0,144.0,229.0,116.0,169.0,4091.203675814074,11.048731167546274,475882.55515930563,53.0,NORMAL
19.150523168098204,23.0,10.0,7434.0,39038.0,487.0,339.0,3515.0144469575685,5.205727728676641,143299.88304422883,80.0,NORMAL
1.8092395399412284,1.0,1.0,189.0,247.0,53.0,85.0,4925.827607449571,4.303098945317213,205133.5149764289,53.0,NORMAL
0.8943233840741642,1.0,3.0,179.0,155.0,40.0,162.0,4552.491375022875,1.3456220237159524,256530.06281173258,53.0,NORMAL
21.83378820222118,22.0,16.0,2075.0,32656.0,403.0,774.0,1088.4905106610138,10.570668697538224,317700.1586832599,80.0,NORMAL
8.93046593939948,28.0,7.0,4271.0,10492.0,1066.0,497.0,1956.9085797146558,8.999471156160345,270439.2663797389,443.0,NORMAL
0.14257749841099845,1.0,0.0,46.0,0.0,77.0,0.0,2292.1631361573554,34.16627357522525,3092.8258766980694,7705.0,PortScan
1.5858739388069982,1.0,2.0,62.0,91.0,72.0,164.0,3776.4860760330803,15.168714110003242,32059.873233981056,53.0,NORMAL
0.010219361285626692,1.0,2.0,89.0,205.0,53.0,98.0,1160.5634738660917,15.292028512454923,83654.87387026864,53.0,NORMAL
59.29412200317992,46.0,43.0,7849.0,18197.0,840.0,809.0,1990.5593275114675,5.744728614671854,1537377.975693213,443.0,NORMAL
47.59221192140627,30.0,35.0,14166.0,18189.0,877.0,479.0,1949.2834510507155,2.5537606575973437,1531432.3056296578,443.0,NORMAL
0.45123744841931746,1.0,0.0,77.0,0.0,48.0,0.0,3900.657870902238,74.04704912309448,5735.3050289609655,24824.0,PortScan
19.830335717632746,10.0,3.0,7645.0,18935.0,176.0,1166.0,579.493451629203,6.977063004986463,189525.18151615385,80.0,NORMAL
1.1635411368254789,1.0,2.0,183.0,238.0,62.0,83.0,4376.970759624238,5.857972068785324,84072.36604956143,53.0,NORMAL
10.008536199122481,15.0,21.0,3402.0,21143.0,666.0,1213.0,2894.6012148629434,2.374464688478831,124098.63596064807,80.0,NORMAL
41.615741389236426,35.0,37.0,8342.0,2126.0,759.0,843.0,106.74308454306549,5.257405163935714,879284.4677884156,443.0,NORMAL
0.49162868650709163,1.0,0.0,60.0,0.0,58.0,0.0,1397.3647989855162,97.85051803714921,2310.4482936020345,4527.0,PortScan
0.5902619761331791,789.0,0.0,90023.0,0.0,42.0,0.0,660219.4927563573,5885.9455498439975,337.3671292215827,22.0,DoS
0.6022467444823983,2405.0,0.0,189930.0,0.0,49.0,0.0,319340.1482286843,6833.449150603684,467.25987505361593,443.0,DoS
6.998264950009286,4.0,22.0,6193.0,37366.0,469.0,1357.0,226.15053307898626,6.445944175182486,900038.8003446145,80.0,NORMAL
0.4191234258820146,3.0,2.0,98.0,255.0,109.0,117.0,3242.678407359892,2.6870690409212763,46604.05883905345,53.0,NORMAL
0.5445371634218171,3.0,1.0,39.0,117.0,97.0,104.0,978.334335524772,11.689245126135024,397562.6762127292,53.0,NORMAL
32.469811097156395,7.0,24.0,14643.0,3069.0,1171.0,128.0,1649.530631096114,2.5898622038120562,1798610.2879895007,443.0,NORMAL
0.3691486252209374,3.0,1.0,102.0,120.0,62.0,71.0,4799.187094541361,2.6757744156272385,451667.4994826138,53.0,NORMAL
45.22945807283256,20.0,43.0,10855.0,7611.0,119.0,500.0,1821.905005888794,2.456512124813372,1842487.6603077136,443.0,NORMAL
1.2948230423283267,3.0,1.0,163.0,288.0,41.0,113.0,4375.672105624757,18.157533402090944,109613.84647841417,53.0,NORMAL
15.365455498001657,25.0,8.0,5549.0,5454.0,222.0,235.0,980.1875483495551,9.709856384796723,1997706.4166255228,443.0,NORMAL
0.2532541468800835,1.0,0.0,63.0,0.0,63.0,0.0,2240.316338361969,65.07091339210685,8048.356500141362,42253.0,PortScan
1.7144000388583596,11.0,26.0,8887.0,1981.0,375.0,584.0,797.1017575442125,7.166869819631754,317226.98985938716,443.0,NORMAL
42.62893517842562,27.0,34.0,11118.0,17717.0,138.0,209.0,317.8308257421353,5.53708095429944,1201124.7526380783,443.0,NORMAL
1.4101757013402514,13.0,35.0,8069.0,5395.0,883.0,225.0,1424.980326984164,6.303812416486274,740924.675983825,443.0,NORMAL
44.253668322501575,34.0,16.0,10691.0,7601.0,620.0,590.0,1761.9803599202955,6.453793260986563,488871.00042850024,443.0,NORMAL
0.5062867621851791,4711.0,0.0,109048.0,0.0,43.0,0.0,357437.6640631433,6628.515671128879,173.51945838831122,443.0,DoS
1.9155034836435336,1.0,2.0,45.0,77.0,85.0,99.0,3875.993721474483,16.226521232175834,116566.81363748817,53.0,NORMAL
51.48609161827086,13.0,48.0,1227.0,6492.0,913.0,394.0,1179.77969873019,2.6667119246970086,921774.6520184389,443.0,NORMAL
16.31296520738933,42.0,26.0,11559.0,1084.0,996.0,327.0,1968.2331448928305,5.256432210652025,638547.1330603464,443.0,NORMAL
25.525596863938933,5.0,7.0,6944.0,39899.0,395.0,485.0,2763.6339715824256,5.70166213281272,534798.5080093322,80.0,NORMAL
0.7667676441857342,3.0,2.0,73.0,130.0,48.0,88.0,1563.3386711618039,15.306174752683615,39563.29502762733,53.0,NORMAL
0.37284633065352224,1.0,0.0,45.0,0.0,49.0,0.0,1822.7374812459523,25.67446550076261,5765.271729716189,20171.0,PortScan
0.7080987019837862,3349.0,0.0,40791.0,0.0,43.0,0.0,515829.89162327885,6463.335184178151,69.9745072353,22.0,DoS
1.289883630087444,3.0,1.0,147.0,71.0,41.0,81.0,4286.87544018274,4.744627283215615,307875.4669914961,53.0,NORMAL
17.143973310618286,47.0,28.0,8378.0,19228.0,622.0,1105.0,1987.6186912418739,0.7149047927074564,1920787.7891355762,443.0,NORMAL
0.9000090093747332,2.0,1.0,187.0,172.0,84.0,144.0,3178.3881444690064,9.510084657938208,162885.25068973663,53.0,NORMAL
4.949707278665526,4.0,3.0,273.0,324.0,69.0,98.0,486.8811605618842,5.4321098614482555,201038.90400144926,3389.0,BruteForce
0.951245047402883,3.0,3.0,106.0,263.0,63.0,115.0,3601.6400369312787,6.344314605131291,343430.42846691195,53.0,NORMAL
1.9707647228555871,25.0,25.0,1454.0,32283.0,838.0,1374.0,3396.8794496638793,11.062342630451656,728660.2145216872,80.0,NORMAL
11.946005426484147,45.0,20.0,8358.0,14189.0,1303.0,1191.0,972.3468247733291,9.452622964974951,1881510.2436015033,443.0,NORMAL
12.569765051565183,40.0,8.0,10474.0,10511.0,450.0,922.0,1923.1514871698098,6.5195081540280775,393379.2049003038,443.0,NORMAL
22.575164147420907,27.0,28.0,14842.0,16115.0,527.0,1282.0,1324.5082493617786,3.601269696638009,801043.3981175208,443.0,NORMAL
30.589461386544777,46.0,8.0,7327.0,1158.0,354.0,1308.0,757.7520846559139,1.0032985363746707,1057005.3678199942,443.0,NORMAL
1.6423981846124245,1.0,3.0,67.0,241.0,47.0,76.0,4161.3055675781825,10.377947820086707,402061.488880572,53.0,NORMAL
42.08103777681025,29.0,33.0,7507.0,19063.0,414.0,364.0,487.2570380613715,1.5599054276558575,141480.5650696039,443.0,NORMAL
25.15070637258754,10.0,20.0,5292.0,1794.0,768.0,675.0,1486.0572702158288,6.298906435089828,751007.2440935251,443.0,NORMAL
15.73041252269197,39.0,37.0,8825.0,19756.0,1159.0,694.0,587.727238282674,1.098290125873014,1582254.313470675,443.0,NORMAL
0.9481981183527874,3.0,1.0,92.0,153.0,42.0,107.0,1294.9207284283816,6.110874726063286,64664.067561412376,53.0,NORMAL
18.382544384425398,27.0,28.0,13103.0,9558.0,954.0,851.0,1606.6662478771916,1.600594363862992,1967940.1789650668,443.0,NORMAL
0.060469936549849085,3.0,2.0,133.0,244.0,100.0,162.0,352.4088624358743,18.72566633832439,400825.92542235897,53.0,NORMAL
29.31266159793062,9.0,17.0,6145.0,19129.0,115.0,392.0,1588.9798267372473,8.689061486551587,1690842.9779145462,443.0,NORMAL
19.10852093605274,11.0,24.0,8002.0,28270.0,739.0,1189.0,3856.9886731740194,12.04066321127577,892805.538191192,80.0,NORMAL
20.941714254240612,7.0,23.0,3233.0,8803.0,523.0,1130.0,445.68866332202396,6.25560319964701,1762332.483184098,443.0,NORMAL
37.927591209783536,8.0,39.0,3538.0,4743.0,554.0,1258.0,1934.8089414647015,3.429376672675039,1211350.0799771764,443.0,NORMAL
32.057756995230676,11.0,37.0,13139.0,1908.0,1045.0,1201.0,553.6030461889399,6.627331489504847,444455.69682643376,443.0,NORMAL
34.41787377751693,44.0,29.0,11077.0,13984.0,1116.0,906.0,270.73004420008897,0.88122349624343,1940655.4751795672,443.0,NORMAL
51.59617792201574,26.0,12.0,3504.0,3574.0,773.0,749.0,1117.44945930251,3.2181486243259783,827302.1170439783,443.0,NORMAL
2.5763624939053567,8.0,7.0,212.0,138.0,134.0,79.0,114.92909975981361,5.207346559085571,458466.88466233417,3389.0,BruteForce
5.546438468925539,22.0,15.0,5274.0,19065.0,1275.0,578.0,1401.5858338463772,6.69336406501963,923115.4068379054,443.0,NORMAL
8.71397154148552,6.0,3.0,4715.0,10615.0,590.0,613.0,1813.8789478287244,8.367983820087183,350075.0889551954,80.0,NORMAL
29.349909888211908,18.0,39.0,5019.0,17160.0,1254.0,1033.0,944.3315506123064,6.632949550295126,919350.2836421535,443.0,NORMAL
45.147321732635845,14.0,12.0,8938.0,13071.0,664.0,309.0,1958.6249703046117,1.7162352471802294,658559.3984403297,443.0,NORMAL
17.5193593316887,13.0,23.0,5660.0,28105.0,843.0,889.0,4422.510622570333,10.381717701340103,374573.9919200795,80.0,NORMAL
46.388988724839045,26.0,7.0,12080.0,13464.0,1029.0,1291.0,822.8444583553263,6.722275069089247,591777.5891316329,443.0,NORMAL
14.926977337441373,41.0,22.0,5414.0,11995.0,1002.0,100.0,1868.59035996383,8.788052158408977,1176628.7648729174,443.0,NORMAL
4.747705469473833,5.0,29.0,3045.0,6665.0,516.0,488.0,4117.223499898895,10.835284551074956,57383.78255530953,80.0,NORMAL
33.25514735013013,47.0,48.0,8862.0,5776.0,212.0,1318.0,302.09185275161474,5.214469791397468,586063.7475912796,443.0,NORMAL
56.28051155883271,12.0,45.0,1270.0,11335.0,929.0,525.0,662.7311977430445,7.129129306600147,494018.1628290492,443.0,NORMAL
0.03229021962258806,1.0,1.0,94.0,215.0,93.0,83.0,2067.1348071034367,3.6614448303523566,13768.607628882837,53.0,NORMAL
37.141834632344334,20.0,15.0,7041.0,17058.0,970.0,955.0,369.25889567038763,9.64519533216056,1716518.8188072662,443.0,NORMAL
2.0623867804268157,29.0,43.0,8062.0,5294.0,400.0,361.0,931.5394929764022,8.269933550223119,1364164.3013007762,443.0,NORMAL
3.559786076928139,8.0,6.0,459.0,380.0,107.0,52.0,290.6348029939554,7.040103085504283,148184.0640210124,3389.0,BruteForce
1.4067796942992574,1.0,2.0,131.0,295.0,109.0,105.0,3268.480327419121,18.021272088703213,461058.914258965,53.0,NORMAL
1.787372119516657,3.0,1.0,125.0,204.0,99.0,64.0,4879.319572793528,13.109866432342269,418001.55092606903,53.0,NORMAL
48.30195690111772,17.0,29.0,5403.0,15776.0,428.0,610.0,755.4279610425411,0.9902241595353115,141660.21659895414,443.0,NORMAL
57.021716795800884,25.0,35.0,11745.0,2744.0,1047.0,522.0,1910.2552045913328,5.541053938323696,873560.2883668268,443.0,NORMAL
1.6906900331233399,38.0,29.0,7560.0,4957.0,590.0,1351.0,855.8496307322915,9.725202983525307,371695.3472713337,443.0,NORMAL
37.471188324769024,39.0,14.0,13929.0,9998.0,120.0,1144.0,802.0095749040931,1.6431032452765826,1839124.9948647358,443.0,NORMAL
1.5494010525041726,5.0,25.0,8595.0,4916.0,1387.0,385.0,4494.1993702816135,14.952680245184682,440238.9942987864,80.0,NORMAL
6.939570479892231,21.0,17.0,4150.0,39741.0,707.0,560.0,858.0917472990029,10.361148326457826,420095.8559187909,80.0,NORMAL
8.985890854383445,32.0,10.0,7099.0,13576.0,1136.0,223.0,298.06207788107724,5.364008137834517,1373778.5755421252,443.0,NORMAL
42.44988959055361,22.0,20.0,4281.0,18084.0,1021.0,480.0,780.1388685633646,6.602418325309392,1785994.4796456385,443.0,NORMAL
18.32191881160511,49.0,34.0,10475.0,3060.0,384.0,1324.0,508.7474302068904,9.983392006769432,1204669.0634059492,443.0,NORMAL
15.893779716297225,26.0,20.0,5817.0,12881.0,322.0,671.0,1671.8262142566844,2.0552052723149803,186216.78028261266,443.0,NORMAL
8.554087682368497,27.0,12.0,7502.0,31214.0,1041.0,1083.0,522.7069386717737,6.230351264791778,480927.9468206007,80.0,NORMAL
0.8388860411907235,2.0,2.0,100.0,271.0,44.0,81.0,2770.1856630866605,17.07678855010492,461519.5545758163,53.0,NORMAL
1.0001955503766697,1.0,1.0,76.0,220.0,106.0,92.0,65.89142853003264,7.003457401665152,354889.07036795333,53.0,NORMAL
1.9697363008814466,2036.0,0.0,174662.0,0.0,44.0,0.0,325192.9555642203,2714.6235061076513,479.83220136471607,22.0,DoS
0.937287914431034,2.0,2.0,113.0,258.0,42.0,122.0,4900.678421919857,4.63977156143382,425250.6532556945,53.0,NORMAL
0.7340282826018855,2.0,3.0,60.0,107.0,107.0,74.0,4910.504888592728,2.443828920325701,210309.95098787185,53.0,NORMAL
0.21729563313347927,1.0,0.0,68.0,0.0,73.0,0.0,221.4753843744953,63.48440013635151,9608.66249327716,57948.0,PortScan
4.992433352100093,46.0,15.0,7999.0,6651.0,1137.0,210.0,514.2313472106833,7.638055520901101,1730509.0866464793,443.0,NORMAL
0.08414184926872127,1.0,2.0,43.0,96.0,47.0,152.0,1053.854954044637,18.313725487046057,488718.887171427,53.0,NORMAL
5.864237217571871,19.0,11.0,7688.0,14640.0,396.0,938.0,4455.320303519445,9.121334139929784,407450.54202130914,80.0,NORMAL
53.74539289046435,38.0,22.0,4659.0,1941.0,181.0,600.0,465.2408086014214,8.763328084426798,290564.23716298956,443.0,NORMAL
31.339831866403085,9.0,17.0,6167.0,8273.0,217.0,478.0,1729.3509414898351,7.439144796360067,1849170.5600287262,443.0,NORMAL
51.18634741262713,31.0,47.0,7319.0,11613.0,1341.0,508.0,1979.174559336012,6.571593719703131,1462625.644910709,443.0,NORMAL
1.3241887637617713,1.0,3.0,127.0,218.0,75.0,112.0,1642.1928788124594,12.306445322329033,372695.2653735127,53.0,NORMAL
0.7672585349051652,2356.0,0.0,46799.0,0.0,45.0,0.0,587581.4757600839,3039.9339443021995,32.0943636426954,443.0,DoS
0.23067413125590064,3.0,1.0,167.0,160.0,85.0,172.0,3304.075231039687,7.566344507343067,188058.05761346288,53.0,NORMAL
0.18164517384862114,1.0,0.0,41.0,0.0,54.0,0.0,3755.417996422267,50.13303925924523,7929.019401778963,15462.0,PortScan
1.0810151708604332,1.0,2.0,180.0,82.0,76.0,116.0,4047.1682307366564,10.040070734187836,135175.41419211225,53.0,NORMAL
31.13409085207638,40.0,48.0,4810.0,16290.0,431.0,444.0,526.5129523421838,8.598752316855048,1931639.3736187336,443.0,NORMAL
23.46076267876204,12.0,20.0,6027.0,29885.0,1252.0,288.0,1721.6941079268634,4.462941519004189,798191.7246991466,80.0,NORMAL
4.905817062912673,4.0,7.0,240.0,211.0,95.0,83.0,424.35147631298577,4.292988331387984,60566.50769438966,22.0,BruteForce
0.17964599757298508,2.0,1.0,152.0,257.0,73.0,131.0,574.592080373366,7.2175935993533695,81654.85922991454,53.0,NORMAL
13.528007530018293,9.0,48.0,5593.0,1056.0,697.0,141.0,1168.6529884156957,6.935629502239855,635804.8819097835,443.0,NORMAL
1.90755306969617,3738.0,0.0,149847.0,0.0,55.0,0.0,958200.339086015,5817.383837693069,174.4355853419557,80.0,DoS
0.41621130647976234,3.0,2.0,90.0,271.0,48.0,64.0,4349.953482490926,15.826430330547407,89392.81909474268,53.0,NORMAL
16.149817495509968,38.0,32.0,10304.0,18211.0,775.0,423.0,1890.8976905964857,3.1420568505313864,132047.6452962315,443.0,NORMAL
3.580605266227894,29.0,16.0,5898.0,15687.0,1226.0,722.0,783.5505772237802,1.0119250600580576,1588612.2821667406,443.0,NORMAL
1.3058958803121221,1.0,3.0,80.0,280.0,90.0,113.0,4548.979513495378,7.587313617790117,299372.2442010664,53.0,NORMAL
0.972748533778482,1.0,3.0,95.0,187.0,105.0,103.0,1703.890384759769,7.585328356010367,103451.59552111514,53.0,NORMAL
0.8233645972697669,3.0,3.0,158.0,224.0,40.0,123.0,4414.447377959182,8.381077253497864,168046.92347500683,53.0,NORMAL
45.31950482069667,6.0,35.0,5155.0,8851.0,1233.0,179.0,1061.0830413475446,8.963714165366579,912211.9448730871,443.0,NORMAL
5.20013025915351,18.0,8.0,4041.0,11074.0,230.0,810.0,1014.3625652159894,5.7550511568782055,572154.4222543198,443.0,NORMAL
27.90874487621576,21.0,24.0,5295.0,29795.0,969.0,815.0,3429.003104482733,14.261261665967943,319448.5252618875,80.0,NORMAL
0.133558570289033,4194.0,0.0,117881.0,0.0,56.0,0.0,344844.9801598073,2409.925690200561,221.79798298754298,80.0,DoS
35.01447205534096,39.0,7.0,1154.0,12279.0,1180.0,1088.0,570.69871166672,7.975352379299148,351096.7748782132,443.0,NORMAL
0.19741981941736228,1.0,0.0,78.0,0.0,67.0,0.0,4582.857641530802,10.220315475850857,3280.147659996664,29470.0,PortScan
1.727144350416477,2.0,1.0,90.0,145.0,104.0,66.0,385.83020842859116,13.920049239103585,249937.3149375676,53.0,NORMAL
22.110097654201066,22.0,18.0,10552.0,13763.0,732.0,363.0,1775.5928334013647,1.3298058905735775,588243.1476663745,443.0,NORMAL
0.7525655885363907,1.0,1.0,184.0,246.0,116.0,106.0,232.74233323284795,3.5432239715154523,154931.49243479068,53.0,NORMAL
12.52973574851799,13.0,24.0,4809.0,49917.0,588.0,780.0,3566.0999598700714,2.6835444127488555,597421.9348476402,80.0,NORMAL
3.137867056644071,6.0,6.0,209.0,148.0,138.0,61.0,316.6859359200624,8.361951827121512,85004.71373775265,3389.0,BruteForce
2.0737578702746955,17.0,13.0,9136.0,31843.0,475.0,297.0,2884.3602522563115,5.200982473850616,70976.195036687,80.0,NORMAL
1.7111893593187193,1.0,2.0,70.0,72.0,46.0,179.0,4102.689430803025,4.9179500503235705,438973.34293474373,53.0,NORMAL
52.01862019904814,11.0,42.0,12273.0,2607.0,651.0,907.0,819.6277520372802,7.848071432096148,305450.7474448127,443.0,NORMAL
1.0478706352086813,3.0,3.0,77.0,240.0,92.0,133.0,84.69896783630355,18.52496462729471,337210.79434793646,53.0,NORMAL
0.9860843567576698,2.0,2.0,131.0,121.0,59.0,136.0,2857.49398627677,9.617849369037094,205629.17031604587,53.0,NORMAL
18.20809214384889,32.0,36.0,14465.0,1947.0,756.0,1344.0,135.58755491479775,4.232931214265304,375596.2175227099,443.0,NORMAL
1.4305461372991548,2.0,1.0,127.0,142.0,88.0,102.0,3138.4233132456657,14.195315157704082,81930.98861141673,53.0,NORMAL
20.883187409445892,48.0,13.0,13985.0,5348.0,320.0,1320.0,1267.423944186681,5.2716612280510144,875329.5857682686,443.0,NORMAL
1.0846278326559695,1.0,3.0,171.0,277.0,55.0,118.0,3978.260025090601,12.007443105119208,424897.52443680185,53.0,NORMAL
0.5253400174714056,1.0,2.0,72.0,183.0,117.0,91.0,3766.16577601787,4.524110563772023,268082.28357716737,53.0,NORMAL
1.0413767272738936,2.0,1.0,148.0,235.0,103.0,109.0,4759.862984725863,15.797153561095461,313985.06622906594,53.0,NORMAL
5.252975823921728,22.0,36.0,7386.0,4257.0,206.0,459.0,879.5806657638387,4.683457346198582,282790.9091589296,443.0,NORMAL
58.245169473837365,46.0,26.0,10273.0,8662.0,371.0,149.0,824.9238006997384,9.858407471728079,1195104.158725534,443.0,NORMAL
6.540142231575685,46.0,6.0,8512.0,13055.0,1000.0,1256.0,1684.6803090606736,3.98030775473232,1431886.4985793827,443.0,NORMAL
18.02512855260457,20.0,8.0,6318.0,7402.0,1282.0,116.0,1849.689208678519,14.769292968159107,290385.75361600774,80.0,NORMAL
3.0877764439359803,5.0,3.0,259.0,202.0,71.0,55.0,127.15578902909128,7.349420291454465,412608.29584244994,22.0,BruteForce
0.5143216443628797,3.0,1.0,144.0,271.0,57.0,152.0,1619.5214053129641,5.160105119231049,98528.85280865167,53.0,NORMAL
3.3375106955530716,14.0,10.0,8607.0,17161.0,1166.0,112.0,901.1951290204993,8.382014259785493,1462690.4117994332,443.0,NORMAL
0.6075369733450864,2.0,3.0,155.0,266.0,110.0,162.0,3192.921024536565,9.702296746656987,387549.71485208033,53.0,NORMAL
47.06493357803795,49.0,44.0,12417.0,12143.0,1213.0,724.0,363.24014064491917,7.656128907747384,1073223.809150324,443.0,NORMAL
23.60517316672035,41.0,25.0,13732.0,3098.0,1138.0,1303.0,948.8842097596183,7.824570666793911,1740434.4730997884,443.0,NORMAL
12.859890992449012,11.0,12.0,2546.0,5053.0,620.0,417.0,1181.0938452093676,4.396464606074023,613739.8321594234,80.0,NORMAL
14.934284553992583,24.0,21.0,6289.0,35314.0,1298.0,968.0,2888.5416588830517,1.4454623293253677,714327.3527383483,80.0,NORMAL
1.7903103267316232,732.0,0.0,87181.0,0.0,45.0,0.0,932538.8817902646,4415.313253044796,95.54021681864526,443.0,DoS
0.9111619738290927,2262.0,0.0,49172.0,0.0,56.0,0.0,149814.9434471649,1367.053119604977,52.02350895210145,22.0,DoS
49.760990500356755,24.0,14.0,7264.0,1944.0,901.0,1238.0,1682.7942990310826,7.256468026973215,101884.54249229142,443.0,NORMAL
31.643765710732303,15.0,42.0,8550.0,16675.0,255.0,1133.0,1777.9906741064806,8.642620530927067,1995340.7470729845,443.0,NORMAL
0.4421846972660799,1.0,0.0,78.0,0.0,78.0,0.0,622.358706691375,72.68883919769715,9385.500534213435,34220.0,PortScan
26.34975195159717,23.0,18.0,1754.0,3840.0,271.0,1132.0,989.2659165531813,9.898964104242697,930463.1453229093,443.0,NORMAL
15.02061509555158,45.0,6.0,4499.0,3249.0,1093.0,1083.0,701.0344274582492,3.4904462502217,1520398.4270043527,443.0,NORMAL
1.4441616580399173,2.0,1.0,174.0,205.0,70.0,73.0,3925.03059369072,14.584919844498284,173470.41839439102,53.0,NORMAL
11.704690670298042,15.0,16.0,2420.0,10476.0,939.0,505.0,868.0479360950108,8.834408807964547,1470442.542335869,443.0,NORMAL
39.862924265517755,5.0,8.0,6080.0,16256.0,669.0,1030.0,1196.684248639319,4.396947550193557,474420.71468420076,443.0,NORMAL
1.197932922149864,1.0,1.0,39.0,182.0,91.0,152.0,2491.0270038068525,19.515259526516168,319603.80825481314,53.0,NORMAL
0.4526614820302643,2.0,2.0,60.0,201.0,110.0,148.0,690.2361294815635,16.76917581317824,485578.9462972421,53.0,NORMAL
9.217052287139849,35.0,39.0,2100.0,5549.0,656.0,799.0,1924.9115279658572,5.245840481381774,1075445.564038786,443.0,NORMAL
10.61908487896387,41.0,43.0,7998.0,17312.0,585.0,1338.0,694.6794467383645,8.492916190113657,1269894.2836160758,443.0,NORMAL
3.9269764808501293,4.0,5.0,140.0,186.0,130.0,79.0,217.67919354572118,2.1547613630555773,465266.3676264928,3389.0,BruteForce
20.192412907358836,37.0,38.0,13888.0,8699.0,311.0,329.0,778.4256636312815,0.9561127232873305,1863109.2844347009,443.0,NORMAL
5.628926499193692,38.0,43.0,8338.0,19030.0,1099.0,1039.0,1899.521356149119,1.565886362470359,1949464.9569638767,443.0,NORMAL
1.7583949445079208,2.0,2.0,186.0,69.0,105.0,150.0,4817.862186878863,10.185266095164199,216373.91495176824,53.0,NORMAL
59.204399678785805,24.0,41.0,7704.0,2620.0,289.0,583.0,1118.5070732214658,0.9447325937251616,1707213.1681305144,443.0,NORMAL
44.04098549049141,27.0,26.0,3984.0,9155.0,106.0,213.0,588.2408224086146,7.13061725533527,1600490.350308022,443.0,NORMAL
0.13053446549624959,1.0,2.0,138.0,57.0,113.0,111.0,1910.9313478307597,14.944057537795723,211815.63654024745,53.0,NORMAL
31.461720549770522,36.0,25.0,8400.0,1567.0,938.0,679.0,650.9208114271948,8.97885913389603,1148808.1317821036,443.0,NORMAL
23.64649409965379,29.0,15.0,13558.0,18464.0,317.0,1314.0,761.937314193909,5.033778810684847,155634.63105947786,443.0,NORMAL
0.9617614090036851,1.0,1.0,112.0,152.0,52.0,151.0,467.37175793993475,1.8860012127702974,183360.8550502948,53.0,NORMAL
54.24474512986466,6.0,41.0,11350.0,10080.0,131.0,315.0,1442.3053257168654,7.5356448950237755,1227576.3226584888,443.0,NORMAL
0.19151641471777303,2.0,3.0,58.0,179.0,113.0,125.0,2584.8799394029124,2.1404930392776516,288265.26902244013,53.0,NORMAL
0.12293485252431752,1.0,1.0,31.0,237.0,111.0,175.0,218.77696691072592,13.68801788308138,384618.1984841525,53.0,NORMAL
29.3774005032813,29.0,41.0,6974.0,10669.0,1265.0,1305.0,252.42615442195694,9.353857669788509,916718.7587507183,443.0,NORMAL
1.2237029223095344,1324.0,0.0,151991.0,0.0,43.0,0.0,193001.13998725533,5351.885679758339,249.03538084709464,443.0,DoS
0.7272275473665227,2.0,1.0,136.0,142.0,40.0,135.0,58.771159038732094,14.462673521433652,125787.78905452907,53.0,NORMAL
37.83004175892553,48.0,19.0,5185.0,3473.0,615.0,1030.0,1180.3480057828754,1.3000278136715269,1196522.5987293073,443.0,NORMAL
0.6051865473152549,3.0,2.0,198.0,269.0,87.0,147.0,3478.123672203549,15.91465290797782,439614.8046678327,53.0,NORMAL
0.13500588233620234,1.0,0.0,57.0,0.0,68.0,0.0,960.2110995497052,94.14686927980273,5373.160283864747,58312.0,PortScan
24.157119827994403,27.0,22.0,14962.0,19109.0,108.0,951.0,1350.5750756053967,3.498188935212958,658301.5456433641,443.0,NORMAL
4.802972809823463,24.0,26.0,7834.0,48592.0,957.0,137.0,987.2186802851179,5.090303990250925,606736.6284956677,80.0,NORMAL
0.4669475817710094,1.0,0.0,45.0,0.0,58.0,0.0,389.2705109608791,85.54271265741275,4479.166745719924,17531.0,PortScan
0.44975362943302977,3.0,3.0,144.0,202.0,84.0,76.0,2989.8107106224834,5.852722366346459,257525.50647707985,53.0,NORMAL
43.44186371978036,13.0,24.0,2118.0,12560.0,1119.0,595.0,561.1193570658957,4.557982390921906,1405752.987241823,443.0,NORMAL
1.9171176203727716,3.0,1.0,97.0,58.0,63.0,117.0,4654.2562245869185,7.9051097327139335,342696.7268827961,53.0,NORMAL
1.9215197762350935,3.0,3.0,113.0,156.0,47.0,177.0,2163.602674175204,10.433957416738203,151744.87895348168,53.0,NORMAL
0.49871090286499414,1.0,3.0,82.0,79.0,92.0,163.0,3258.5985134187613,19.05394958888571,446748.25679444027,53.0,NORMAL
3.667901536265175,32.0,9.0,14579.0,1131.0,1367.0,648.0,814.3260941065724,3.406965883193747,1160693.2993723387,443.0,NORMAL
0.7243263360677981,1487.0,0.0,108890.0,0.0,50.0,0.0,110230.85880518884,8311.348123485946,453.85760277372157,22.0,DoS
6.38591393038188,7.0,9.0,12136.0,10751.0,1148.0,434.0,514.6694040841923,8.95116639979384,999377.7053820863,443.0,NORMAL
0.02529354823613717,2071.0,0.0,52310.0,0.0,50.0,0.0,301082.66979051154,6388.179739013092,106.25315181044392,80.0,DoS
2.9713794589050586,9.0,6.0,303.0,343.0,112.0,80.0,358.0471770665897,9.526494021611185,191123.35872086926,3389.0,BruteForce
0.9859640836838602,8.0,6.0,109.0,176.0,129.0,77.0,432.07725737184967,4.054145873832422,158540.99106642522,21.0,BruteForce
1.1302601373320875,4567.0,0.0,196558.0,0.0,48.0,0.0,795327.3370004502,5775.6053190462035,460.76090698956,22.0,DoS
40.14660437737529,40.0,24.0,2440.0,5008.0,378.0,586.0,1541.254934086903,1.4945508986947178,966254.2200307129,443.0,NORMAL
4.321893265228404,16.0,43.0,8768.0,3128.0,291.0,732.0,1441.1379157028869,1.0738177535328062,717109.5554404004,443.0,NORMAL
51.148546917359056,35.0,16.0,5183.0,9697.0,341.0,182.0,1491.2133641004366,2.5629587234342806,1899082.344311772,443.0,NORMAL
36.57362971228823,10.0,17.0,1321.0,9163.0,353.0,1342.0,1596.6465886841956,9.792490318549811,1754131.7040799404,443.0,NORMAL
18.372484632105557,46.0,21.0,3580.0,1730.0,756.0,283.0,1712.4704836755484,7.4859926724590045,1371281.3452249886,443.0,NORMAL
19.607339830111783,13.0,3.0,8825.0,13204.0,1053.0,561.0,4867.1218856447995,9.73569553465417,838079.1589866518,80.0,NORMAL
45.73607006654139,30.0,27.0,5330.0,17275.0,633.0,151.0,1803.3220180207434,3.181955049614964,1951783.9219343746,443.0,NORMAL
11.158657259582737,22.0,22.0,4081.0,22905.0,886.0,522.0,589.4782450137493,8.679624875775971,262577.54587658,80.0,NORMAL
28.12822500238989,27.0,19.0,12687.0,7825.0,788.0,700.0,158.43058696846103,9.588417602255161,933824.553519211,443.0,NORMAL
1.6367175446273499,2.0,3.0,121.0,270.0,49.0,128.0,2248.1145791539693,5.266480431211107,368119.86669915967,53.0,NORMAL
55.842219510621725,27.0,28.0,1768.0,16683.0,263.0,753.0,1188.231192571509,0.9136924895120657,1513377.9107907538,443.0,NORMAL
33.56250348769465,19.0,9.0,5088.0,15341.0,1135.0,599.0,1164.3658530450432,7.6028818157615,250014.17116997956,443.0,NORMAL
40.73251356617012,5.0,16.0,1331.0,13097.0,730.0,1007.0,1946.620797038174,8.504958389195014,1378498.2275796486,443.0,NORMAL
7.149263365692512,12.0,10.0,3259.0,4830.0,626.0,942.0,1302.1587361718841,8.457195891304817,961720.5028548648,443.0,NORMAL
0.012886130016343037,3.0,3.0,181.0,187.0,66.0,112.0,2605.0235126071325,3.2189157854625945,318245.5901022677,53.0,NORMAL
0.40173586410951617,1.0,0.0,40.0,0.0,60.0,0.0,1303.8507962133563,47.31447594679966,1321.2637507563356,5463.0,PortScan
6.486447749564798,29.0,43.0,2068.0,18491.0,1392.0,1372.0,875.9955442475159,1.680894049741725,1170143.2866126634,443.0,NORMAL
7.3231486690467875,24.0,42.0,14923.0,3708.0,753.0,101.0,999.5319488927215,7.109704210925717,869111.2711373026,443.0,NORMAL
25.128223720441923,18.0,32.0,6241.0,17740.0,787.0,102.0,139.45898474974328,5.082433456415026,997148.8526054882,443.0,NORMAL
0.49270466212336306,1.0,0.0,48.0,0.0,53.0,0.0,2953.874111808423,13.739084072895404,4405.555107844496,56632.0,PortScan
53.374546782739685,40.0,35.0,1798.0,8377.0,737.0,741.0,436.5214804889087,9.021149656250861,1779304.1779502514,443.0,NORMAL
29.688908154890893,21.0,21.0,5776.0,15807.0,958.0,814.0,1536.1701266348314,3.6840105817358793,300235.5522824958,80.0,NORMAL
15.708241519783622,40.0,35.0,14288.0,14473.0,1137.0,543.0,850.2219813669889,5.382094769221892,1245803.1090717153,443.0,NORMAL
1.6020367780823503,2.0,3.0,62.0,270.0,97.0,68.0,2811.8270753594006,19.40927266475445,100290.06389765613,53.0,NORMAL
0.5063376039906374,2.0,1.0,193.0,196.0,93.0,175.0,4994.246918210938,3.7289022247601125,72096.91689458789,53.0,NORMAL
20.18113691047024,41.0,43.0,11788.0,2171.0,1165.0,948.0,1292.4527705309208,8.404839017967891,1917314.0847393312,443.0,NORMAL
39.36186445149105,32.0,31.0,6539.0,19288.0,1364.0,1234.0,1704.6571138531044,8.760497791514634,812958.6730914722,443.0,NORMAL
28.86068058455501,24.0,28.0,14693.0,17760.0,770.0,378.0,1090.6499988995765,5.190993317435877,139809.1235595973,443.0,NORMAL
3.045545736862516,28.0,29.0,13468.0,16729.0,165.0,493.0,1415.285240232219,4.968765352017737,727661.2226236087,443.0,NORMAL
1.6236133293423949,1.0,1.0,138.0,104.0,54.0,126.0,781.8818839945613,18.844213181682715,456385.3384453509,53.0,NORMAL
3.2022147234190044,10.0,23.0,9935.0,11123.0,121.0,1130.0,4412.226551147454,9.805687050585652,158644.83454782187,80.0,NORMAL
26.60714260425864,44.0,47.0,6896.0,9948.0,229.0,156.0,1727.7266239423807,3.3087564325094325,864391.5102309078,443.0,NORMAL
0.1572282596825209,3.0,2.0,82.0,95.0,97.0,107.0,1941.7573990943558,1.8553385525095316,127088.36647328711,53.0,NORMAL
34.280367701177546,25.0,24.0,14477.0,6942.0,455.0,731.0,1997.5190807578424,7.546715030464157,1017039.5947944658,443.0,NORMAL
57.09214407818505,12.0,43.0,14742.0,13269.0,971.0,1203.0,754.8789679238407,5.3438377202238625,1808782.479384731,443.0,NORMAL
1.9128072892782457,1.0,2.0,104.0,190.0,66.0,76.0,2152.1203343953675,7.381584386925971,112645.98502937058,53.0,NORMAL
17.066132264642768,41.0,41.0,6467.0,16889.0,238.0,718.0,1035.6031098573299,4.344890458726889,1071071.3821971952,443.0,NORMAL
1.5158642578335573,4123.0,0.0,71704.0,0.0,50.0,0.0,170267.4014276872,7022.397361182437,230.01198920767925,22.0,DoS
54.015075675815524,18.0,12.0,10732.0,17617.0,278.0,1210.0,1990.598331222511,2.496118019207407,264177.40354426403,443.0,NORMAL
38.81160994338966,15.0,42.0,7142.0,4275.0,150.0,269.0,417.2579762351198,9.551790586944024,421603.0263592961,443.0,NORMAL
11.523491270085271,13.0,27.0,3933.0,36389.0,816.0,838.0,4151.611315592601,2.2740710528881327,773106.4926265845,80.0,NORMAL
47.05727132810787,38.0,15.0,13819.0,4712.0,527.0,904.0,1983.6205150517617,5.679990208845144,937672.4429562417,443.0,NORMAL
4.401207349742468,5.0,42.0,13688.0,11117.0,275.0,629.0,1512.386375927056,9.480995760714025,479298.2324790254,443.0,NORMAL
2.3946765767338474,44.0,10.0,1340.0,17126.0,1220.0,1242.0,135.25552423273479,9.931004392517126,1768691.5137343784,443.0,NORMAL
21.303498884055887,10.0,15.0,2424.0,21612.0,1119.0,1322.0,4344.575102957232,7.779691280028156,779779.8465021093,80.0,NORMAL
14.231889258173027,38.0,22.0,10341.0,5030.0,691.0,305.0,1032.9851613675169,8.913191401073435,1347091.2405219132,443.0,NORMAL
43.48215565621839,31.0,24.0,9009.0,11135.0,612.0,213.0,1814.0228864203277,7.167796867315957,1728929.603252053,443.0,NORMAL
1.355537860060506,1.0,3.0,171.0,159.0,111.0,66.0,3005.598154251772,14.32526487928509,259631.21242069008,53.0,NORMAL
9.629573474126207,5.0,6.0,9925.0,4046.0,409.0,678.0,2955.1630065469294,1.5956631727145978,493670.3738597413,80.0,NORMAL
7.771363440283831,22.0,25.0,13879.0,12467.0,1398.0,265.0,1358.5060863528731,6.639502081886911,129213.6856845443,443.0,NORMAL
0.3292338070474846,782.0,0.0,132627.0,0.0,54.0,0.0,112488.95081546853,8667.97862494195,104.2696379886917,443.0,DoS
6.636583516245422,48.0,34.0,12894.0,12554.0,1171.0,1191.0,1816.09266904,5.702848227867291,324073.0703008316,443.0,NORMAL
50.28284723976504,36.0,43.0,14908.0,9167.0,1112.0,679.0,673.8928444297463,2.0727552078595917,901218.0560645453,443.0,NORMAL
0.4399200467024237,1.0,2.0,73.0,106.0,51.0,169.0,2067.6176744010054,15.195040763087457,326296.0887008809,53.0,NORMAL
0.6974689283959247,2.0,2.0,134.0,264.0,115.0,142.0,2722.225008110162,9.37407022206389,229716.30645322317,53.0,NORMAL
6.34970788434825,10.0,28.0,4633.0,11636.0,1256.0,420.0,2275.9229416289795,6.216760434825418,107692.15966185735,80.0,NORMAL
0.3652236291341042,1.0,0.0,41.0,0.0,76.0,0.0,1420.09454791025,37.36250212213788,3390.9399805795897,15491.0,PortScan
9.215476895938114,12.0,7.0,11247.0,13646.0,1277.0,902.0,1917.1614809234916,8.465221668636037,1382509.6683064785,443.0,NORMAL
54.88119260083181,45.0,33.0,11825.0,10429.0,478.0,539.0,482.24987011663825,7.049411230089872,1217817.4894786482,443.0,NORMAL
1.710519415475715,1.0,2.0,31.0,165.0,91.0,117.0,3630.2960130201077,8.918450974419649,485266.4077440737,53.0,NORMAL
0.8274192453826038,1.0,1.0,145.0,237.0,79.0,133.0,803.4021152658732,4.2205811789079775,103370.94175136235,53.0,NORMAL
12.54957169021885,28.0,13.0,4283.0,17344.0,1386.0,419.0,1689.0055819797599,9.664638982386693,380166.2489275105,80.0,NORMAL
0.8306834759058186,3.0,2.0,37.0,299.0,119.0,119.0,2672.638919848277,8.717068370880591,288949.07064118393,53.0,NORMAL
21.10740887492805,40.0,14.0,7107.0,1615.0,669.0,480.0,1112.8497624168006,6.826335296596459,361000.44369231525,443.0,NORMAL
20.396345006962985,6.0,39.0,8262.0,18897.0,893.0,846.0,1919.5473013385254,8.77879461387901,912629.0780035655,443.0,NORMAL
3.2220619846229006,8.0,3.0,147.0,107.0,82.0,77.0,347.7941166283699,4.279994045389503,388292.45188055537,3389.0,BruteForce
0.9900432554723579,3766.0,0.0,21286.0,0.0,55.0,0.0,883056.1167566316,5261.35343749012,400.9971820229852,22.0,DoS
29.021077971375927,4.0,7.0,3760.0,42910.0,1247.0,379.0,4255.404454672913,9.038137058851845,122339.58088462574,80.0,NORMAL
0.10177564467181958,1.0,0.0,58.0,0.0,78.0,0.0,657.1916445383678,52.712600685862455,8540.571425907428,37067.0,PortScan
36.05371220577597,25.0,35.0,11939.0,16660.0,1277.0,1256.0,1988.432777640386,8.062352971203842,1572547.6056960374,443.0,NORMAL
29.806227084284913,34.0,23.0,7859.0,16389.0,118.0,730.0,623.2137948023948,5.04311009138962,601189.7946517207,443.0,NORMAL
32.99199512401905,36.0,5.0,1255.0,6828.0,815.0,429.0,637.0457402389547,4.378693375620371,1150121.8086492922,443.0,NORMAL
0.8825299882774129,2.0,3.0,67.0,52.0,73.0,112.0,2603.7818337061344,5.897574436497312,203500.14168716667,53.0,NORMAL
1.95574794904311,3.0,3.0,77.0,121.0,50.0,70.0,3374.2916133855106,12.466724025468466,262906.36367181165,53.0,NORMAL
49.92792115968857,7.0,5.0,7875.0,14523.0,101.0,1265.0,1521.42952021076,6.045117536632447,1157712.1046795878,443.0,NORMAL
1.2325157867108538,1.0,2.0,95.0,141.0,104.0,154.0,537.3782151229389,18.3015814432152,131564.9849408788,53.0,NORMAL
25.474350637922246,29.0,27.0,10399.0,17399.0,1253.0,1025.0,692.9746402234559,9.368841960225964,421018.3780925053,443.0,NORMAL
31.317413388199295,30.0,22.0,6531.0,5622.0,502.0,963.0,1934.4327830317911,4.450423477546282,725307.6340191911,443.0,NORMAL
0.12942152952361458,2.0,1.0,175.0,70.0,44.0,163.0,2055.166377777563,13.978469040599293,458605.7775465625,53.0,NORMAL
1.914629638551682,2.0,1.0,123.0,85.0,79.0,70.0,4295.930329466168,17.38143504704364,236735.9917001823,53.0,NORMAL
30.949012342382847,46.0,45.0,13500.0,16131.0,419.0,1200.0,1624.9978010400641,0.7103220479503861,1358795.4297290375,443.0,NORMAL
0.4384559585227444,1.0,0.0,59.0,0.0,48.0,0.0,323.7559899179725,28.222477446967694,6329.240145763967,31078.0,PortScan
0.8516617640127931,1.0,1.0,199.0,120.0,68.0,151.0,4441.128910450183,10.006050943080755,416806.2726457584,53.0,NORMAL
0.7624355258865185,3.0,1.0,163.0,209.0,80.0,143.0,4653.778163213117,4.439226349417034,454387.0067523395,53.0,NORMAL
52.607398688367766,44.0,17.0,8388.0,17027.0,1001.0,982.0,1566.6218624601695,2.6927114479195167,247791.88038088914,443.0,NORMAL
9.190803186315199,28.0,47.0,14071.0,18996.0,1238.0,483.0,1857.0932284566259,6.136764743290481,925447.3073177694,443.0,NORMAL
9.874596575108162,10.0,34.0,5261.0,9221.0,1330.0,362.0,1441.83352292015,3.0965335395928455,779000.4903833256,443.0,NORMAL
1.7900381743008351,2.0,3.0,97.0,218.0,99.0,93.0,373.9403865090167,10.504867978105526,461037.3699024199,53.0,NORMAL
1.6834875544115946,1.0,1.0,158.0,225.0,68.0,79.0,4118.114899600538,11.3689476372422,101143.0541374209,53.0,NORMAL
2.831513189334618,14.0,7.0,4512.0,2504.0,1390.0,1021.0,2878.6427619191268,12.35386294785707,539520.434980398,80.0,NORMAL
48.22103396151933,48.0,12.0,7044.0,18175.0,500.0,1355.0,1274.2423294948735,8.261877896787203,761278.0338527075,443.0,NORMAL
1.7786662807508655,1.0,1.0,133.0,278.0,73.0,83.0,629.4500875366411,19.533146471647143,492888.1682302248,53.0,NORMAL
0.0972392800732492,1.0,0.0,73.0,0.0,44.0,0.0,4099.132627658253,26.087004159064474,1673.6768896677493,58928.0,PortScan
6.805343333090441,28.0,13.0,13610.0,3861.0,1033.0,173.0,200.6361706584492,6.233302282771388,407398.3115448975,443.0,NORMAL
35.58756008899104,20.0,9.0,14435.0,7560.0,1007.0,198.0,380.0282084349622,7.105427026888542,274313.6966719568,443.0,NORMAL
30.847432054183493,43.0,26.0,5114.0,6510.0,1088.0,324.0,716.6950376957981,1.1712585304066692,710828.5163013627,443.0,NORMAL
0.25706754614602995,1.0,0.0,62.0,0.0,53.0,0.0,561.952466577505,38.9910851619047,233.22769326634773,18457.0,PortScan
15.882220190228333,48.0,21.0,1815.0,19227.0,370.0,1009.0,799.1993567513824,3.450030908749054,1182521.639210251,443.0,NORMAL
11.979983652930361,30.0,21.0,1726.0,14262.0,493.0,422.0,1613.5408673469162,7.667056777019316,764611.6985094129,443.0,NORMAL
0.7418774102996775,2.0,1.0,60.0,116.0,65.0,118.0,3484.941528363741,18.490867869699617,97910.45125389534,53.0,NORMAL
1.219150916806137,2.0,3.0,198.0,271.0,101.0,83.0,2470.709673699602,14.914451488695779,288929.31686139107,53.0,NORMAL
32.01572075585847,26.0,29.0,6790.0,19414.0,1068.0,553.0,706.5009681858178,4.910139078797389,1149787.582697258,443.0,NORMAL
1.343828035980432,2.0,1.0,129.0,108.0,86.0,83.0,2606.545647098489,18.26920736469645,167242.79698104976,53.0,NORMAL
11.265696581962839,23.0,15.0,7392.0,2056.0,1126.0,435.0,911.9573977168715,10.810345736625282,143526.28488257038,80.0,NORMAL
1.3057521993911236,4802.0,0.0,131446.0,0.0,58.0,0.0,145161.8898325785,1814.202830079657,458.8911349120342,80.0,DoS
0.29174689030697787,1.0,2.0,82.0,279.0,78.0,147.0,2150.6355182202497,9.666904596049047,303472.48854541575,53.0,NORMAL
1.0115869614530884,2.0,1.0,145.0,164.0,49.0,63.0,2550.354753072795,17.129674341076385,253895.61973071456,53.0,NORMAL
0.9500065405203026,2506.0,0.0,81737.0,0.0,56.0,0.0,356850.15817763086,5350.016827276242,152.5124722872476,443.0,DoS
0.3976839061927428,1.0,1.0,64.0,263.0,63.0,60.0,1146.7295111524872,17.880437363417254,474915.90824104234,53.0,NORMAL
15.537719961107301,18.0,41.0,7884.0,8716.0,1188.0,1260.0,156.56662407355077,9.03739117785456,1410234.8516226928,443.0,NORMAL
21.35898098583789,20.0,24.0,2195.0,41550.0,519.0,1290.0,2759.870555076037,6.7518536478325215,829985.3765977356,80.0,NORMAL
1.646759829247051,3.0,3.0,131.0,178.0,74.0,89.0,1394.0562620264402,10.606305293721716,343135.9236683083,53.0,NORMAL
0.641012597382367,3793.0,0.0,49055.0,0.0,47.0,0.0,310794.25879276596,7643.080082082756,384.14094144196054,80.0,DoS
1.4836284311193348,2.0,1.0,38.0,84.0,67.0,171.0,125.92943312040552,4.787508460073916,439276.7902315506,53.0,NORMAL
29.73360968305497,24.0,24.0,6322.0,40411.0,307.0,606.0,4202.015229975823,10.425938414274846,66771.48076108549,80.0,NORMAL
0.7043432284011029,1.0,3.0,192.0,271.0,61.0,67.0,3404.1850197174563,19.378160824539357,34776.02881192649,53.0,NORMAL
0.9100028974219807,1.0,1.0,66.0,167.0,74.0,151.0,2386.0783182670743,19.551062530827483,191692.54192518906,53.0,NORMAL
25.18366285476744,28.0,28.0,2446.0,43540.0,1358.0,389.0,702.1540466214809,3.120328461489175,922614.9856011687,80.0,NORMAL
1.3637425117419477,2.0,2.0,127.0,194.0,84.0,141.0,209.0194838843902,6.250536140515401,470599.17563891446,53.0,NORMAL
0.6763471490669862,3608.0,0.0,169761.0,0.0,51.0,0.0,625011.9894391929,2992.1452266332662,205.07988879832988,22.0,DoS
46.99548394043845,21.0,35.0,9107.0,3673.0,1270.0,686.0,163.07299862456733,8.531176002128388,222329.80126449355,443.0,NORMAL
0.8614156384698806,916.0,0.0,65561.0,0.0,55.0,0.0,513076.0008143467,8829.038586885325,494.7114887129168,80.0,DoS
35.050232576260925,33.0,19.0,4898.0,15585.0,1350.0,1299.0,1132.257384705043,2.113052546888954,1475038.4093373583,443.0,NORMAL
39.51202036326061,25.0,32.0,14452.0,1825.0,291.0,563.0,1120.88949210686,8.692245313656823,749226.8469314234,443.0,NORMAL
2.1854151153572996,8.0,4.0,320.0,332.0,133.0,79.0,251.35444921389154,2.3427701741446354,200747.53963516722,22.0,BruteForce
4.044225192118141,5.0,17.0,7953.0,8558.0,472.0,1030.0,2645.2608741938243,11.557311130164017,469514.03638800664,80.0,NORMAL
2.555651495337868,12.0,43.0,4082.0,6443.0,706.0,300.0,1804.409189907355,4.227381624574818,1456392.8298406617,443.0,NORMAL
0.9371509740451393,3736.0,0.0,57367.0,0.0,53.0,0.0,100348.67167340008,3483.744174842421,142.87007623673247,443.0,DoS
0.8905973515711763,2.0,2.0,149.0,164.0,94.0,82.0,1265.043127196233,12.48266208977641,160472.59620202862,53.0,NORMAL
34.66597505169095,15.0,34.0,14145.0,6644.0,832.0,519.0,560.5559648785891,2.57841648149559,399301.91855168104,443.0,NORMAL
0.2578894200316849,2.0,1.0,140.0,246.0,93.0,148.0,4359.548412965358,18.323934446295436,26548.365084713838,53.0,NORMAL
1.4713978686644518,1.0,2.0,88.0,273.0,53.0,156.0,749.9478740260586,6.4672544575073765,308136.51396295696,53.0,NORMAL
1.7306263821924892,1.0,1.0,79.0,132.0,47.0,124.0,2388.492543360998,1.5698221174437967,179157.82967154655,53.0,NORMAL
51.383756050369904,49.0,12.0,4439.0,9633.0,686.0,793.0,1912.414676145575,8.369099337881085,560074.9295045761,443.0,NORMAL
8.77118668616652,41.0,26.0,14380.0,6235.0,1320.0,1116.0,644.1534990123992,9.050919708899618,903985.5993833296,443.0,NORMAL
1.046340734890658,1.0,1.0,149.0,109.0,50.0,169.0,2188.6334120444844,3.6634600748863315,97070.3975362072,53.0,NORMAL
0.4867058053941301,1.0,0.0,44.0,0.0,62.0,0.0,2388.51807260401,99.68204471074088,4143.1127180706735,9464.0,PortScan
49.229170142568016,36.0,34.0,10596.0,12464.0,118.0,997.0,1117.5196878146703,8.032217377473476,880005.3164987604,443.0,NORMAL
35.952459562860504,6.0,43.0,12591.0,11033.0,1058.0,1029.0,811.8408741411959,7.136845407105648,1535540.679098584,443.0,NORMAL
0.5446821423307491,3988.0,0.0,142668.0,0.0,59.0,0.0,726465.3608512051,6214.831470873013,96.63629153393543,22.0,DoS
26.90983918139115,8.0,8.0,4928.0,9462.0,755.0,304.0,1776.0703970291358,4.917519123753582,1752182.5153910276,443.0,NORMAL
19.524036325263815,11.0,40.0,14827.0,14647.0,165.0,960.0,730.7562091063429,3.874807179598374,885886.744960503,443.0,NORMAL
22.941126396062632,21.0,4.0,4926.0,34275.0,307.0,1080.0,3342.025051639939,4.310180095449595,241813.44489197843,80.0,NORMAL
15.660859249053479,22.0,46.0,4523.0,7763.0,954.0,579.0,539.5237933832207,6.173520594766935,1438420.4592304311,443.0,NORMAL
0.06554051074701286,1.0,1.0,135.0,97.0,57.0,67.0,1262.7213568288241,15.184195092466606,446471.17543865,53.0,NORMAL
1.9150635483108707,3.0,3.0,196.0,107.0,48.0,156.0,3739.46119721887,2.8008296490628224,390685.97466832324,53.0,NORMAL
35.11852831877427,13.0,21.0,11731.0,18522.0,1235.0,375.0,1905.8402447711962,8.084763415528414,605518.1616173573,443.0,NORMAL
34.72514867872409,35.0,33.0,7212.0,5942.0,973.0,729.0,665.5767607579771,3.5384412712736872,337635.35495608125,443.0,NORMAL
0.0804876501993187,4800.0,0.0,182100.0,0.0,40.0,0.0,867411.8790162359,1583.5908668405336,147.54672611932284,22.0,DoS
52.54821701451436,47.0,24.0,11470.0,7655.0,242.0,698.0,988.6913151174939,6.69014218408104,1578888.3012096155,443.0,NORMAL
20.107357873123693,13.0,14.0,952.0,39787.0,523.0,598.0,3119.376916626246,5.675321268094175,430519.6728633945,80.0,NORMAL
1.9935564407937574,3946.0,0.0,42064.0,0.0,50.0,0.0,228302.13656287943,6433.022687798387,186.9385992333695,22.0,DoS
9.230137778470468,18.0,9.0,9652.0,1947.0,1096.0,259.0,210.19538769814602,7.501306159350941,932461.3856021769,443.0,NORMAL
16.334393775327136,40.0,21.0,14819.0,13288.0,484.0,905.0,1801.0601468970438,9.14990209435406,1023581.0760705442,443.0,NORMAL
11.534135061205683,34.0,37.0,1684.0,7571.0,1207.0,589.0,158.38164133594913,2.7784948015470112,902030.9583953453,443.0,NORMAL
56.958745110767246,47.0,27.0,14765.0,18905.0,1142.0,405.0,910.5882096051496,8.329419349398968,1815075.22352257,443.0,NORMAL
32.8299862501449,47.0,30.0,9326.0,16608.0,737.0,1294.0,1648.8481413562304,5.789500030729043,1126177.5000856575,443.0,NORMAL
28.344037356038857,25.0,25.0,750.0,19110.0,992.0,482.0,3764.2685387619204,4.373465690315106,677640.4768110927,80.0,NORMAL
5.274366379878974,9.0,44.0,2897.0,12576.0,141.0,248.0,721.7890100293621,8.586372331048235,1127997.3233781029,443.0,NORMAL
1.1187746014443316,2.0,2.0,136.0,255.0,87.0,79.0,4465.658158928194,10.67399024928347,34714.47399924464,53.0,NORMAL
1.246522461615243,3762.0,0.0,101866.0,0.0,41.0,0.0,194485.2052982531,9201.25199163691,424.6789046145285,80.0,DoS
39.34787191588814,21.0,18.0,3176.0,6229.0,791.0,615.0,541.0443439959013,0.6972588523823793,1571284.7337450173,443.0,NORMAL
25.639620726591083,11.0,12.0,7232.0,6053.0,766.0,934.0,3297.1545071832907,12.77612577336662,436497.3868297041,80.0,NORMAL
32.78340607921014,22.0,15.0,8980.0,11547.0,1132.0,1046.0,1929.2943667733332,5.6567035086570385,606535.3959777928,443.0,NORMAL
37.94699897625351,39.0,18.0,12036.0,6415.0,625.0,210.0,1052.216594270027,8.328989176624606,282321.20674003125,443.0,NORMAL
55.081478914631234,26.0,17.0,10656.0,6272.0,273.0,1060.0,131.22851007142162,5.185541014158139,1636722.1016573638,443.0,NORMAL
47.23552775172744,39.0,31.0,2159.0,18195.0,934.0,315.0,789.7027549668668,3.5482179277277126,771751.2260576366,443.0,NORMAL
2.7684418024879993,37.0,18.0,9000.0,13196.0,722.0,729.0,1445.90869244318,1.8766339838586437,474330.1712685367,443.0,NORMAL
1.7725971443915434,1.0,3.0,122.0,181.0,63.0,164.0,107.07232937312617,9.456872885050325,39650.665057162085,53.0,NORMAL
2.3988679481465085,21.0,8.0,812.0,9000.0,1115.0,388.0,4305.165501552614,14.17289567333044,294180.23173100915,80.0,NORMAL
2.919044589983863,5.0,37.0,9744.0,9115.0,507.0,962.0,300.67238599729836,3.6932395645898826,1530042.602301432,443.0,NORMAL
1.4091133235952205,2.0,1.0,85.0,133.0,84.0,126.0,3612.315396003156,1.9744507075103959,40884.137906924705,53.0,NORMAL
0.010387776051261103,1.0,3.0,132.0,130.0,49.0,173.0,4908.633272028893,1.4471405769913535,266395.44729879894,53.0,NORMAL
37.968958154499404,6.0,31.0,2760.0,3291.0,863.0,1244.0,1402.7856090340188,5.529916093728933,634392.6519977466,443.0,NORMAL
51.10254344235384,19.0,32.0,4215.0,15037.0,853.0,377.0,1605.4668322743678,4.693291365263377,1811098.0680700128,443.0,NORMAL
1.1251487691053295,3.0,2.0,158.0,167.0,119.0,99.0,1089.5429228751523,6.529190558808166,441501.3322064488,53.0,NORMAL
1.3035670316317267,2.0,3.0,140.0,236.0,63.0,99.0,1368.4746521647928,16.72311727085193,365049.4519233486,53.0,NORMAL
1.3308238563173178,4155.0,0.0,100952.0,0.0,52.0,0.0,603911.7373693403,8813.889981767587,151.84202441993233,443.0,DoS
0.6929084069957873,745.0,0.0,159388.0,0.0,44.0,0.0,544870.1664296486,3625.2900558794076,145.139014724885,80.0,DoS
4.065438075701836,21.0,45.0,11742.0,9767.0,1279.0,432.0,118.16725441590866,7.368264338331895,1813160.48788584,443.0,NORMAL
5.153673346910204,25.0,11.0,4974.0,18579.0,196.0,456.0,2925.978561644857,2.4204016052052593,211177.15797081953,80.0,NORMAL
11.31547900836434,15.0,43.0,6911.0,16174.0,585.0,1303.0,1785.1744664474866,8.273261267823333,1115337.132142957,443.0,NORMAL
0.6274338874907406,920.0,0.0,79907.0,0.0,40.0,0.0,111525.67148612447,6740.289860372017,331.2657633459451,80.0,DoS
5.755489311670354,45.0,21.0,11238.0,4260.0,114.0,244.0,550.6185944673332,1.783168384906373,1137966.3327698736,443.0,NORMAL
8.496570246461202,25.0,13.0,5284.0,14242.0,189.0,561.0,616.0379548027556,6.698844931474154,215964.06528915183,443.0,NORMAL
33.46336598721945,49.0,46.0,13306.0,6465.0,405.0,374.0,1014.7795435110313,7.735456241498301,830636.4740208227,443.0,NORMAL
54.479809747320246,49.0,28.0,6044.0,8611.0,633.0,186.0,1579.3055125692222,9.981676909126254,440674.3030091245,443.0,NORMAL
8.554704498508574,23.0,5.0,1952.0,4124.0,549.0,880.0,1481.3236639294755,7.467694191201252,673949.718619644,443.0,NORMAL
1.9520135141595318,1.0,1.0,56.0,218.0,113.0,145.0,2204.3582791433923,7.149239194088966,347235.580512967,53.0,NORMAL
19.36183220874022,40.0,8.0,11102.0,9722.0,913.0,360.0,1841.1845443908126,2.6832939949879235,1946135.9460700504,443.0,NORMAL
26.221891587316293,13.0,38.0,10664.0,2326.0,198.0,1351.0,810.5987973486324,2.9775181624823217,835599.6416535272,443.0,NORMAL
0.11736275322546337,2.0,2.0,55.0,213.0,115.0,79.0,1441.9941303505277,18.493357022868413,213243.40603956432,53.0,NORMAL
1.1820603102670868,2161.0,0.0,124809.0,0.0,48.0,0.0,162974.95499463927,2921.6398902594055,61.76347278320121,80.0,DoS
1.4817171864476157,1.0,2.0,87.0,117.0,45.0,86.0,2783.5601821338882,9.954526169649618,51458.01115795387,53.0,NORMAL
0.16684113189662805,1.0,1.0,35.0,152.0,97.0,89.0,738.4229232025311,1.4748631386317148,386285.1613094981,53.0,NORMAL
2.3921029140862187,6.0,27.0,10617.0,12577.0,913.0,564.0,1018.9357204346569,6.066403682031314,1910368.0983983064,443.0,NORMAL
1.5672993556824206,3.0,1.0,153.0,198.0,82.0,168.0,637.4222132524225,8.55941847376571,284348.9472903241,53.0,NORMAL
12.273762740997906,7.0,18.0,6381.0,44013.0,1381.0,286.0,2716.8734073019036,10.084862563097888,379675.1493440513,80.0,NORMAL
0.9964311390077921,988.0,0.0,35195.0,0.0,42.0,0.0,830069.1252746291,8828.871820826098,414.54976142632387,80.0,DoS
1.7740359287062044,4090.0,0.0,165578.0,0.0,52.0,0.0,833867.290029465,3803.2760263500454,486.9474058152519,80.0,DoS
8.906898478587802,15.0,19.0,2937.0,14697.0,314.0,1235.0,1093.3723018907644,0.6445570320642834,336655.23795902974,443.0,NORMAL
1.5747346439938315,2.0,3.0,131.0,144.0,84.0,166.0,3114.8974894866856,6.852394017489269,250062.57074710124,53.0,NORMAL
33.03845045350213,18.0,15.0,12842.0,9816.0,819.0,790.0,581.3618924984321,2.0303003457125595,1283878.097122783,443.0,NORMAL
0.8842677005584686,1.0,2.0,88.0,96.0,75.0,164.0,701.0167978451632,4.320023754753219,80167.38158342835,53.0,NORMAL
0.44394451997959916,2.0,3.0,74.0,208.0,66.0,134.0,4963.538448439617,10.820732805499876,259488.30862403923,53.0,NORMAL
6.55076449219494,4.0,11.0,9969.0,44364.0,784.0,579.0,2143.864822406572,3.0734972938195906,447283.2815944547,80.0,NORMAL
4.409053098785631,30.0,46.0,13807.0,3713.0,792.0,1198.0,1638.3394309338585,2.570983891690129,691353.850468352,443.0,NORMAL
1.0079468872646338,26.0,26.0,9776.0,9496.0,1335.0,1177.0,950.2513254731572,8.550832176351848,239801.31250352794,443.0,NORMAL
23.12254299534827,7.0,19.0,6228.0,40659.0,391.0,1271.0,1931.2726628491191,4.543876504212513,795243.4517985369,80.0,NORMAL
26.9311896293417,8.0,6.0,11107.0,11386.0,1193.0,147.0,1358.2703402908126,2.7930210610380373,1919794.6086091928,443.0,NORMAL
51.63244613627268,21.0,16.0,2658.0,3820.0,685.0,726.0,1820.1667144213702,5.74270454042774,1818105.9861231502,443.0,NORMAL
0.052119240748027824,3.0,1.0,88.0,278.0,89.0,102.0,2063.496135158619,12.994022384206023,16599.110486510293,53.0,NORMAL
26.428128010284478,38.0,19.0,9289.0,17532.0,304.0,1172.0,577.494621578343,4.772477760164752,1131172.497182684,443.0,NORMAL
1.6678877406650763,3.0,3.0,49.0,165.0,60.0,135.0,378.73798899458785,10.087598454175298,229615.99970604258,53.0,NORMAL
31.544986959697976,15.0,31.0,11979.0,3324.0,283.0,175.0,162.53616045623,5.236681307771646,1666694.1536259446,443.0,NORMAL
16.38915411742972,4.0,26.0,7100.0,20222.0,1198.0,723.0,3073.8446502875963,13.747694086763769,902155.5460171989,80.0,NORMAL
1.9385020453366788,4070.0,0.0,66748.0,0.0,59.0,0.0,906115.3829192407,9004.607119815244,161.88804471422148,443.0,DoS
0.5641045352103125,2.0,2.0,103.0,296.0,103.0,101.0,4936.6457169283185,2.305835829875596,213467.82970157595,53.0,NORMAL
6.404545465280269,19.0,10.0,7889.0,6752.0,194.0,474.0,1939.0299464060718,7.853442945594428,166735.94484204924,80.0,NORMAL
59.48410362842911,39.0,41.0,12846.0,4071.0,651.0,480.0,416.4758751603715,4.348891164401851,581984.6880307472,443.0,NORMAL
0.22318376228657835,640.0,0.0,116975.0,0.0,44.0,0.0,394065.39721969893,8551.631564786392,395.46070983113935,22.0,DoS
21.79012184996961,39.0,5.0,4598.0,18890.0,483.0,897.0,320.0858508486025,9.285302521141066,1941369.0780947336,443.0,NORMAL
10.113125086176103,31.0,14.0,12883.0,18370.0,1109.0,557.0,1737.7368366985054,9.898872643711432,182820.19690270262,443.0,NORMAL
11.2243648841799,43.0,22.0,8394.0,8485.0,674.0,503.0,851.4920588776964,7.066182873485518,1081845.2051639194,443.0,NORMAL
1.3297270565923924,617.0,0.0,197001.0,0.0,50.0,0.0,204942.91334102285,2877.1954188701084,382.1300741431882,22.0,DoS
1.6379425049417946,1.0,2.0,54.0,85.0,98.0,150.0,4647.59749820516,9.057316639788798,374259.5925763433,53.0,NORMAL
20.382460634533892,13.0,13.0,2805.0,3229.0,1103.0,1251.0,4005.9694432651067,4.400929795575861,362933.5825172631,80.0,NORMAL
21.00091972541002,7.0,27.0,1638.0,23219.0,673.0,1393.0,2797.899934215735,13.122989337748612,891825.7901226244,80.0,NORMAL
0.37791102859686343,1.0,0.0,62.0,0.0,66.0,0.0,1825.25560014391,58.65834520847714,2204.5570341096013,37233.0,PortScan
0.6584350929775684,2.0,2.0,130.0,171.0,98.0,61.0,3386.694959127401,17.348555669151168,327248.9386256907,53.0,NORMAL
52.45531062770494,36.0,49.0,9095.0,13429.0,199.0,819.0,1563.3030938636898,3.4479462496631483,1695250.3568819812,443.0,NORMAL
0.1471572104768391,2.0,3.0,158.0,69.0,61.0,134.0,460.29793216934524,5.488182409797634,327096.8272841069,53.0,NORMAL
4.619627999529421,27.0,35.0,12199.0,15521.0,234.0,231.0,1713.5913903493285,4.171335933005451,470423.0424636699,443.0,NORMAL
0.4291766692860408,3.0,3.0,141.0,211.0,111.0,130.0,1952.0851688369435,9.072815720093372,399222.5936718191,53.0,NORMAL
18.97221238122887,19.0,37.0,8616.0,3311.0,636.0,580.0,1536.960355334748,7.554416052053332,1847814.0387538052,443.0,NORMAL
1.2731415922592564,2.0,1.0,181.0,132.0,40.0,105.0,4387.5463937880495,6.56069403768684,91677.05541535042,53.0,NORMAL
25.155287479283185,12.0,17.0,2331.0,16330.0,100.0,1312.0,1657.7760493929504,8.17610849091935,1826457.172705596,443.0,NORMAL
17.154973323465338,26.0,9.0,1852.0,4008.0,987.0,628.0,4987.714058030484,12.20589037228422,180497.2477116024,80.0,NORMAL
1.9770677828614085,1.0,1.0,139.0,279.0,111.0,96.0,841.4903019241949,12.124552395625248,422857.1329759328,53.0,NORMAL
0.5972678410843937,1.0,2.0,146.0,234.0,106.0,135.0,1975.4417016852065,5.106823305797775,416965.70441269607,53.0,NORMAL
2.8398049686157956,37.0,23.0,12384.0,10286.0,594.0,977.0,636.5682248071422,8.415312642138641,1329418.193393194,443.0,NORMAL
5.433129122412717,13.0,33.0,2189.0,7387.0,1252.0,472.0,1805.770729684597,1.7213985137282044,1155437.643283485,443.0,NORMAL
1.361215524018911,1410.0,0.0,79665.0,0.0,54.0,0.0,216584.9631195194,3307.024134672891,399.72219635230323,22.0,DoS
27.67974266872268,21.0,8.0,10283.0,11414.0,1061.0,520.0,889.5639894305701,7.555025687241448,1062086.963297966,443.0,NORMAL
21.85186137886037,21.0,23.0,5675.0,8975.0,254.0,1234.0,1391.4463956302807,2.8193311276024913,837293.1588027653,443.0,NORMAL
1.743998273194397,1.0,3.0,110.0,237.0,84.0,91.0,4950.539633446645,7.49171366084392,466606.8823106543,53.0,NORMAL
0.9164996878319254,6.0,18.0,3007.0,45267.0,175.0,532.0,2731.7794288638547,9.439440678804393,339344.76705951814,80.0,NORMAL
1.874597592523565,3.0,2.0,187.0,203.0,98.0,78.0,2718.9637081308165,7.100390800450846,43586.8596481102,53.0,NORMAL
52.53197104681797,10.0,39.0,13108.0,2550.0,338.0,295.0,635.7208215710264,3.6565623280921775,806665.9655124227,443.0,NORMAL
0.4264137716909278,1.0,0.0,70.0,0.0,52.0,0.0,3304.4407813654793,39.246000484400575,4800.393014450967,46938.0,PortScan
0.32014793887723225,1.0,0.0,64.0,0.0,76.0,0.0,2783.7731160465073,39.9359840861075,8809.075178223362,34889.0,PortScan
26.654812977621027,28.0,23.0,13288.0,14348.0,531.0,150.0,1265.5098968903405,4.131083042417465,376290.6851759683,443.0,NORMAL
1.8669099306422767,30.0,36.0,7213.0,3818.0,741.0,1170.0,537.1379800970365,4.661995501651974,1104115.8018231392,443.0,NORMAL
18.61238714482904,20.0,16.0,7988.0,8557.0,777.0,187.0,4033.661441289834,1.5047490575729525,761486.4272524101,80.0,NORMAL
32.857470686553015,43.0,13.0,1723.0,16068.0,817.0,1004.0,477.30765862955843,4.0302484433581345,1658521.1584285183,443.0,NORMAL
24.418473295894167,11.0,11.0,3550.0,19895.0,1192.0,171.0,989.355080061687,0.7763323765952563,1391603.2824155453,443.0,NORMAL
1.0295372079864702,2.0,2.0,134.0,208.0,87.0,78.0,1738.4581854231005,12.6918828716176,435025.25154374377,53.0,NORMAL
10.647908482516343,19.0,42.0,8507.0,6639.0,1141.0,774.0,767.4995359810335,7.565745405402457,1939757.7607186076,443.0,NORMAL
36.605772329190835,27.0,42.0,11411.0,4951.0,677.0,930.0,270.3886876528222,9.742148430105043,405052.4910201315,443.0,NORMAL
0.37754061571722897,3.0,2.0,116.0,188.0,85.0,163.0,1598.0480451982378,1.807500856681321,425377.27192981855,53.0,NORMAL
24.525103671152934,4.0,8.0,8936.0,6768.0,691.0,1131.0,3499.031370300335,7.721746212039526,715267.2998786258,80.0,NORMAL
1.0634383151205447,2.0,1.0,174.0,271.0,107.0,129.0,3486.5600869466507,16.994697195620343,243177.13126337415,53.0,NORMAL
12.687760332824668,34.0,18.0,11796.0,17575.0,883.0,490.0,420.9937737580114,3.701896040637377,176457.6309949226,443.0,NORMAL
49.9829720094525,14.0,9.0,3328.0,8111.0,225.0,1338.0,1616.437591212216,1.1653346406460676,179925.1097088231,443.0,NORMAL
0.05500476174673075,3.0,3.0,144.0,235.0,119.0,108.0,130.02422209230565,5.892560319382931,185471.18501969485,53.0,NORMAL
1.0872468543159748,2.0,3.0,175.0,140.0,43.0,72.0,3489.304903619574,18.016250251525484,390339.6989609926,53.0,NORMAL
1.787099717690099,3.0,2.0,108.0,286.0,114.0,159.0,2470.6556594844574,18.627542575085023,45229.489092155985,53.0,NORMAL
44.1876425668729,11.0,44.0,13153.0,18861.0,812.0,1358.0,764.8642141656745,6.567750526747308,400910.4048683653,443.0,NORMAL
59.0277668901981,20.0,42.0,11951.0,12668.0,427.0,301.0,1463.6153900285315,5.215560675742115,447461.0714241452,443.0,NORMAL
36.127716021882584,24.0,49.0,6189.0,5606.0,1068.0,385.0,522.40459750703,5.2224333149350075,247380.92379805556,443.0,NORMAL
33.124457635215514,6.0,17.0,12655.0,13333.0,1392.0,1392.0,746.3248057381302,2.3861319268649925,1912765.970767857,443.0,NORMAL
24.3131268525948,22.0,20.0,2179.0,9031.0,605.0,745.0,1678.4456469451304,4.582860927192978,1875779.596672425,443.0,NORMAL
27.46802722631801,38.0,6.0,13386.0,2711.0,918.0,173.0,502.06912196382484,2.0521238364132297,1461916.2556775096,443.0,NORMAL
17.175479327028548,29.0,49.0,6435.0,3685.0,130.0,620.0,1082.5963439290203,6.049849035678338,655360.05513745,443.0,NORMAL
22.73026229990405,42.0,35.0,7609.0,14850.0,134.0,962.0,327.78315456560813,2.25889214652479,781715.92859897,443.0,NORMAL
1.9227633763497314,9.0,23.0,1827.0,19841.0,762.0,303.0,3841.1220284528176,2.598225445865757,884731.5052906562,80.0,NORMAL
0.4849161730645265,1.0,0.0,59.0,0.0,47.0,0.0,1363.1563881082177,86.18370028737111,1479.0841690527657,55445.0,PortScan
59.488346192289015,44.0,19.0,7189.0,19061.0,520.0,507.0,947.0613859361905,8.673356801285108,467049.4341927434,443.0,NORMAL
9.24657022095108,36.0,28.0,13124.0,2954.0,1341.0,1127.0,1379.958597797525,5.945965917510689,1140602.8737553738,443.0,NORMAL
53.79481367523128,6.0,22.0,5515.0,1869.0,480.0,703.0,755.7991818583623,4.4496666829182185,1883666.0609273405,443.0,NORMAL
43.263079895698255,40.0,29.0,8973.0,6267.0,1154.0,943.0,920.6735043906056,0.6305664295640934,1934562.5148054506,443.0,NORMAL
1.2697554177166888,1.0,3.0,147.0,263.0,77.0,109.0,1660.8970963623865,16.80628928284362,472016.1300544894,53.0,NORMAL
56.91359353190378,33.0,6.0,3552.0,9631.0,486.0,1056.0,1886.9267002415747,8.699202986610448,1939988.2391216743,443.0,NORMAL
47.763111861014615,14.0,47.0,1543.0,9822.0,474.0,1175.0,1274.044687992183,3.4230763147041947,372687.36187028687,443.0,NORMAL
2.0850499163005374,49.0,34.0,1797.0,10657.0,196.0,736.0,1727.0713627456664,8.315140297889844,210662.5602657954,443.0,NORMAL
24.60989126426258,29.0,28.0,4560.0,31681.0,394.0,747.0,2745.6782411615654,13.229362066233442,758547.5756285945,80.0,NORMAL
32.70634057333745,36.0,37.0,12748.0,18383.0,1347.0,600.0,659.4184781039634,3.3565662738755497,436483.7191587592,443.0,NORMAL
1.4125566662333129,2.0,1.0,92.0,286.0,63.0,151.0,1218.019948501653,17.960253856145062,228991.43300005113,53.0,NORMAL
1.3079535092897987,1.0,2.0,132.0,263.0,103.0,86.0,1984.7158191309227,19.725226050306844,321075.38975288975,53.0,NORMAL
27.773582941634714,15.0,41.0,6756.0,1452.0,1265.0,541.0,1509.3883286904363,0.8635093773983624,720835.7831308289,443.0,NORMAL
0.29987046820871494,2.0,3.0,128.0,288.0,70.0,89.0,3899.0600721970245,9.832393168139982,422104.4903298987,53.0,NORMAL
48.19504903701817,25.0,18.0,7818.0,10424.0,527.0,1362.0,773.9774391003023,9.774580204151878,1334393.5920962295,443.0,NORMAL
1.4131734000573344,3.0,3.0,156.0,294.0,106.0,129.0,561.904461708772,13.764310097658804,460900.09789530764,53.0,NORMAL
8.771997633819153,49.0,22.0,5513.0,7655.0,1351.0,273.0,1656.8026540752812,6.052193909336041,1500112.607126245,443.0,NORMAL
9.077872754162051,23.0,13.0,6396.0,28194.0,470.0,830.0,3343.3402761874595,9.245156339325048,446458.41867305926,80.0,NORMAL
2.2144851634523444,37.0,35.0,3985.0,17979.0,1196.0,140.0,1092.3499992912266,6.6765535589176155,143602.01593589492,443.0,NORMAL
1.791310629932771,1.0,3.0,123.0,253.0,105.0,165.0,1363.1781510087035,3.5241977287606145,470954.61784523196,53.0,NORMAL
39.812872971579125,34.0,28.0,1277.0,14138.0,756.0,153.0,705.2698864393802,7.017158991809572,1567447.8535523007,443.0,NORMAL
56.12765387137188,35.0,6.0,7250.0,14200.0,115.0,1221.0,1921.2526151041034,2.1515369793199515,847121.3417280487,443.0,NORMAL
22.59397155345339,21.0,16.0,8929.0,28736.0,1224.0,1142.0,1155.8016919448046,14.06791071195944,406006.5595443787,80.0,NORMAL
6.693081270704796,27.0,18.0,5995.0,48838.0,398.0,509.0,2344.2704592194495,7.836678984140324,651982.2418584335,80.0,NORMAL
0.874359524493481,1.0,1.0,187.0,253.0,64.0,131.0,1353.7278513955216,5.392172228892889,311259.3268012617,53.0,NORMAL
17.337364755290725,38.0,14.0,12590.0,12390.0,491.0,813.0,559.8759862744885,5.4244035298683695,364164.90175491734,443.0,NORMAL
6.780290574525232,14.0,22.0,5280.0,2864.0,1248.0,504.0,925.795784873254,13.694683507018253,959681.4298196755,80.0,NORMAL
4.310606443474306,6.0,5.0,438.0,310.0,101.0,73.0,88.30887027420282,7.133245237735706,317668.525517139,3389.0,BruteForce
40.40047631035799,11.0,47.0,14782.0,11991.0,453.0,183.0,1063.3827201797485,8.701408586290505,524136.867558482,443.0,NORMAL
23.968441228476618,21.0,12.0,10894.0,11048.0,1342.0,1283.0,1242.9679307616107,8.61856480369007,581124.2842754403,443.0,NORMAL
0.3685707754697515,2.0,2.0,151.0,68.0,85.0,116.0,2923.3739924860856,2.8854521558381396,304540.10178912507,53.0,NORMAL
1.2574329093682362,25.0,45.0,10471.0,15306.0,208.0,541.0,502.58442495491926,7.96907319110474,592807.8136959723,443.0,NORMAL
4.739123257893297,14.0,10.0,13714.0,3653.0,1170.0,802.0,1216.7600789515702,0.9299539817702389,1791158.0221388403,443.0,NORMAL
45.92912727133086,49.0,17.0,5928.0,5210.0,1325.0,1203.0,1102.009250944598,4.248251394739631,113148.18161117085,443.0,NORMAL
0.5310162643516846,3.0,2.0,97.0,210.0,78.0,75.0,1330.2539809470636,9.28301481276599,291993.8717117891,53.0,NORMAL
3.176329893917435,25.0,49.0,4960.0,12158.0,565.0,548.0,807.6050227325134,3.7247009545051526,1392669.1650885937,443.0,NORMAL
58.34831444826069,22.0,34.0,10916.0,18787.0,564.0,581.0,734.5116942498407,6.907382192721548,146398.19502346957,443.0,NORMAL
7.659659436144401,14.0,24.0,6322.0,46811.0,748.0,207.0,3718.1655349046177,5.707385184483787,973612.7516636675,80.0,NORMAL
49.26005442302467,17.0,31.0,1496.0,4515.0,1013.0,1155.0,557.0428116077153,4.612997651356321,1589483.4071886193,443.0,NORMAL
0.14330928910013355,3.0,2.0,47.0,183.0,82.0,87.0,3180.4259792755865,13.064977565950969,367119.2017168239,53.0,NORMAL
28.039737850190733,10.0,47.0,10271.0,8810.0,140.0,1285.0,1547.8730804392426,4.189657924144036,1580918.154826352,443.0,NORMAL
1.3571462957553702,2.0,2.0,88.0,177.0,102.0,62.0,4905.714898462667,4.300305054259551,119886.9601909403,53.0,NORMAL
23.261765183828377,13.0,39.0,1185.0,10828.0,768.0,1192.0,1716.7685721231578,9.862076630430217,1470822.2779294436,443.0,NORMAL
1.4466075651305532,2.0,3.0,116.0,50.0,85.0,112.0,80.20198539285687,15.592154634208537,286743.07951720554,53.0,NORMAL
0.6694283821091405,3.0,2.0,102.0,80.0,118.0,111.0,847.6885117273977,7.330424616831487,474773.08978709107,53.0,NORMAL
13.251313697360517,25.0,6.0,6502.0,38192.0,991.0,1335.0,943.7027942925565,9.380104489896901,845191.9214408553,80.0,NORMAL
6.996372275655388,18.0,9.0,9641.0,12377.0,157.0,468.0,2275.7447349376175,6.798153605922721,353892.3030209128,80.0,NORMAL
0.16507499443342918,3.0,1.0,92.0,182.0,74.0,155.0,1606.5789996701628,2.649785772610908,210967.4667618184,53.0,NORMAL
18.065441546386616,7.0,35.0,12730.0,13699.0,259.0,768.0,1353.3652702124218,3.9662422885439073,1832753.9129953412,443.0,NORMAL
19.311355576490854,27.0,27.0,8416.0,16457.0,603.0,1284.0,320.86693011088215,5.200971144288811,281593.2097232082,443.0,NORMAL
47.31597608638636,31.0,35.0,12825.0,8666.0,1325.0,866.0,312.4956291990635,6.804665400288366,1635400.7626360185,443.0,NORMAL
1.2043037696664933,2.0,2.0,183.0,112.0,47.0,69.0,1217.6144266018418,16.018323948378832,75224.6904789558,53.0,NORMAL
48.796690286071666,43.0,8.0,7763.0,19466.0,471.0,626.0,1243.3524400098918,9.015463339770418,1672826.0482666795,443.0,NORMAL
1.2116785392513718,3.0,2.0,198.0,76.0,103.0,177.0,2601.4743328647364,8.058754663602297,47837.88367841353,53.0,NORMAL
4.2565858671153,6.0,5.0,157.0,293.0,145.0,94.0,307.59615247520503,5.758345839773575,166169.602327738,3389.0,BruteForce
1.9119403752031783,8.0,23.0,10305.0,7339.0,1015.0,1394.0,1059.4257459901187,2.645690725410618,1083598.9398071414,443.0,NORMAL
0.06518086837562337,1.0,0.0,65.0,0.0,52.0,0.0,1915.2409238964647,35.843355972806286,7441.179755718629,49793.0,PortScan
0.7919737553591949,1.0,1.0,175.0,199.0,92.0,98.0,4487.958206247141,16.98302490121427,180442.7916482107,53.0,NORMAL
28.372016714611835,47.0,7.0,14080.0,12952.0,325.0,1000.0,708.0092829465614,7.848413896577295,1455701.362138735,443.0,NORMAL
0.45764894970429215,2370.0,0.0,149792.0,0.0,59.0,0.0,295331.11362583353,5251.672128909888,446.4683345192388,80.0,DoS
12.804589129198714,22.0,15.0,782.0,36733.0,1025.0,616.0,676.4744727860962,11.133393358034041,862310.2501169842,80.0,NORMAL
55.329671074424965,42.0,30.0,3383.0,15662.0,228.0,1263.0,805.4071558186347,5.190332442390001,1953702.8241944604,443.0,NORMAL
0.19948397734812245,3.0,2.0,50.0,281.0,46.0,146.0,71.83016320253606,8.055791103933618,71916.02023638583,53.0,NORMAL
0.845136752405552,8.0,5.0,377.0,173.0,111.0,107.0,111.4226024060654,2.7052230218231657,293580.112725119,3389.0,BruteForce
17.12312780056047,25.0,8.0,7736.0,37673.0,727.0,668.0,3499.123752268587,14.64710047585459,59139.17866369972,80.0,NORMAL
21.632490555005123,49.0,32.0,12642.0,9063.0,666.0,301.0,1802.2273635898325,0.6949638612688953,1269091.6737321345,443.0,NORMAL
6.892096249353026,5.0,16.0,7051.0,20866.0,976.0,463.0,420.86572531233895,11.28632427516263,670153.4825840574,80.0,NORMAL
1.1404128171571555,3.0,3.0,153.0,100.0,73.0,75.0,621.3922593878536,3.6099939080370542,141018.2836936245,53.0,NORMAL
52.93857096678669,46.0,18.0,6801.0,13692.0,180.0,1346.0,1414.669697378875,0.8005383635228578,1790497.6447574198,443.0,NORMAL
22.13160036393759,36.0,34.0,6397.0,9520.0,1377.0,733.0,1057.780717884452,9.49135189861022,1417388.6297321394,443.0,NORMAL
0.5374579216578858,3.0,3.0,146.0,53.0,70.0,100.0,894.3183165820589,2.672456554614311,151529.66375412993,53.0,NORMAL
26.908959605642888,6.0,40.0,6851.0,11315.0,886.0,732.0,711.0094866886836,7.063719308439811,1553290.1043611732,443.0,NORMAL
26.899313821632532,40.0,36.0,8396.0,19704.0,629.0,974.0,1955.5159444807302,9.539707079929027,138009.81240972015,443.0,NORMAL
1.0745702327083235,2.0,2.0,135.0,141.0,59.0,145.0,3588.4979689073643,1.1611146994846495,446943.22911258216,53.0,NORMAL
30.25666836964748,30.0,40.0,8218.0,10111.0,526.0,774.0,901.5309454982441,2.9559850161770678,1479414.0308448721,443.0,NORMAL
0.8489552573221085,5.0,5.0,273.0,242.0,62.0,54.0,317.7267776702552,6.050758674123174,145856.88773282594,22.0,BruteForce
1.279824988183152,1.0,2.0,87.0,207.0,78.0,107.0,3490.2989542878104,9.654070175475686,347274.34867525374,53.0,NORMAL
41.09759963137136,10.0,35.0,12513.0,1551.0,845.0,667.0,973.2621763698476,1.2819953337296233,1302926.01504157,443.0,NORMAL
52.239610577976855,15.0,45.0,12627.0,18105.0,732.0,861.0,1586.5278771247456,6.3471399837552465,1771091.0259135661,443.0,NORMAL
0.4760267487798836,2.0,3.0,56.0,284.0,89.0,94.0,678.778190828845,16.082837749219127,430658.7740215029,53.0,NORMAL
1.1293977180484847,1.0,2.0,42.0,117.0,66.0,177.0,1009.2811233777276,1.1596289612865354,22302.253357536894,53.0,NORMAL
41.369748564217254,18.0,45.0,1256.0,18173.0,763.0,1218.0,898.4420023227741,7.3604014280565675,1750319.3689659033,443.0,NORMAL
0.3030363792180925,2.0,1.0,53.0,203.0,102.0,168.0,4499.262490244059,19.2801347830312,259237.94219184126,53.0,NORMAL
1.1349748327168738,2.0,2.0,188.0,157.0,96.0,107.0,1669.1906220342207,16.779838727221843,445401.2525325429,53.0,NORMAL
49.210560378919524,36.0,40.0,5555.0,9700.0,1226.0,199.0,1962.8771067086782,6.698352410635559,296675.2111316969,443.0,NORMAL
0.8636962233898923,27.0,3.0,621.0,3771.0,1069.0,723.0,2796.2384141604875,8.932794310625052,351230.58896075847,80.0,NORMAL
4.232626446029594,8.0,6.0,279.0,355.0,146.0,58.0,65.87734509475122,8.01794631794475,332165.8459922168,3389.0,BruteForce
26.98392659670052,12.0,8.0,1014.0,27149.0,903.0,1180.0,1458.3555046493047,5.737828437345727,753435.4418733034,80.0,NORMAL
39.44674586815932,30.0,15.0,10805.0,5378.0,337.0,974.0,223.48149464366,5.031974408310381,1247964.7064129617,443.0,NORMAL
1.4808180270553273,1.0,3.0,128.0,253.0,41.0,174.0,3849.170773129243,3.8268956870687996,238177.40649291387,53.0,NORMAL
38.32469169490294,35.0,10.0,9834.0,17108.0,344.0,410.0,1128.095541262887,9.155200690611553,555844.0458235972,443.0,NORMAL
0.1433654864948356,1063.0,0.0,165386.0,0.0,51.0,0.0,979813.3964964403,7049.935716331201,305.96137153181235,22.0,DoS
52.54113882229986,9.0,49.0,13103.0,9379.0,191.0,1221.0,763.1355538306419,4.903264878588259,1710099.686490646,443.0,NORMAL
3.5364591721098404,4.0,5.0,235.0,327.0,118.0,61.0,312.0936611037043,3.5317846972134337,287033.9183453964,3389.0,BruteForce
58.65327686905772,32.0,44.0,5262.0,18435.0,1038.0,1069.0,1892.511995875538,8.95895650447286,833785.5566371739,443.0,NORMAL
0.773731693120473,1.0,3.0,88.0,108.0,58.0,153.0,3688.9555499682633,5.973563836855051,391437.12551372783,53.0,NORMAL
1.7389300525465845,1.0,1.0,174.0,113.0,103.0,135.0,139.93071358947643,16.21705549566194,302965.02720367344,53.0,NORMAL
11.129077865049906,42.0,38.0,2883.0,12698.0,341.0,673.0,906.0507660610194,3.616752570023082,1759049.7748012014,443.0,NORMAL
23.8912188368653,22.0,11.0,14070.0,6637.0,1318.0,912.0,1566.4546029950175,3.9951539092526724,1473536.946182632,443.0,NORMAL
17.54043408311664,15.0,4.0,4516.0,10798.0,258.0,632.0,842.5554640151889,7.165749012384462,100486.439641433,80.0,NORMAL
3.6939017231744193,9.0,6.0,191.0,274.0,69.0,91.0,359.79886877606276,8.14513665840634,164014.702417697,22.0,BruteForce
22.950484259340367,5.0,28.0,5815.0,27491.0,849.0,672.0,1432.8577136645254,4.03657609961953,465836.538907081,80.0,NORMAL
1.7657591675131623,3.0,2.0,65.0,235.0,49.0,96.0,2226.257189759671,2.9185662391960907,175404.78240685666,53.0,NORMAL
21.434413667591713,12.0,43.0,14273.0,2561.0,377.0,899.0,1304.6702494858564,9.4845150088998,700551.4654910596,443.0,NORMAL
56.131725581525345,41.0,48.0,14751.0,14727.0,715.0,117.0,1147.9082405713375,5.396513256065674,1666083.971733515,443.0,NORMAL
35.84763220568363,23.0,9.0,9771.0,10431.0,516.0,527.0,1775.895982235335,5.726326910840509,163028.23836685903,443.0,NORMAL
0.834931640574004,1.0,1.0,87.0,76.0,106.0,85.0,4821.169397946516,1.668592606263036,64426.68367580707,53.0,NORMAL
3.1643089705452763,16.0,17.0,5584.0,6213.0,1159.0,333.0,1357.4610361793034,9.078278874365838,1596026.6082900306,443.0,NORMAL
0.19255752127867415,1.0,1.0,52.0,79.0,111.0,130.0,2947.4382731131955,10.274639530623935,218234.08049821833,53.0,NORMAL
1.679246968691607,1.0,1.0,68.0,82.0,89.0,164.0,2635.1460424159923,10.8170274647051,475134.5236102268,53.0,NORMAL
59.43980337803973,26.0,7.0,7452.0,13533.0,174.0,1244.0,1647.4047774503888,7.153739006535328,1670319.4878640356,443.0,NORMAL
0.20057306661192473,3.0,1.0,88.0,91.0,42.0,101.0,3923.4097375452193,11.51653558887503,26970.080851208866,53.0,NORMAL
1.0360643855444573,4.0,3.0,242.0,310.0,136.0,68.0,118.32582233609979,9.916957423932912,325937.9126122431,21.0,BruteForce
0.8490914735754587,1.0,2.0,32.0,165.0,52.0,163.0,2644.413392436783,14.858173979619368,18122.96112593822,53.0,NORMAL
7.0843082613200234,17.0,17.0,1929.0,11681.0,1171.0,859.0,1842.2684546446649,5.247060727418143,152379.6575881067,443.0,NORMAL
0.24992703534911756,1.0,2.0,113.0,261.0,59.0,72.0,4995.934794360431,7.9959584762269005,97433.46778518734,53.0,NORMAL
3.5487851019808727,14.0,24.0,5764.0,19421.0,733.0,632.0,917.5209085834973,5.109193759267793,970768.247613321,80.0,NORMAL
23.598007289735502,12.0,22.0,4294.0,19927.0,871.0,522.0,3377.3559735403055,9.450943072772503,719087.53577314,80.0,NORMAL
0.5590386456744771,1.0,1.0,188.0,95.0,97.0,66.0,2011.6026125339374,14.28714450677378,324965.3464355337,53.0,NORMAL
19.390953489275248,14.0,9.0,3460.0,11503.0,1141.0,1170.0,1239.7491489945896,0.6209091760542451,936078.7885429843,443.0,NORMAL
0.1720970108886648,1.0,0.0,64.0,0.0,62.0,0.0,3801.5143481779846,42.51783091000596,8122.454143099197,39100.0,PortScan
3.7353140131417852,6.0,7.0,343.0,374.0,53.0,95.0,90.83831362468662,5.577891941232857,87699.7322423207,3389.0,BruteForce
1.8732541864226482,3.0,1.0,197.0,225.0,117.0,151.0,4646.845441429936,18.359646881688317,256408.91021874076,53.0,NORMAL
1.3096436294031866,2.0,3.0,107.0,121.0,55.0,82.0,2863.3403953788034,1.4754014279521974,187361.34875228268,53.0,NORMAL
0.6240255351001963,3791.0,0.0,136878.0,0.0,48.0,0.0,725873.3303090276,8069.841247115977,474.8156626259734,80.0,DoS
25.71316537208275,9.0,25.0,9988.0,44502.0,503.0,683.0,3969.404360338782,13.478226264787137,962065.792657315,80.0,NORMAL
0.9303113156354149,19.0,18.0,7672.0,5867.0,1340.0,1266.0,1374.091786552995,9.94913244213453,335483.3803574958,80.0,NORMAL
0.1957101514974361,1.0,0.0,70.0,0.0,42.0,0.0,1412.3768369262857,72.2291419496665,6972.044901077781,25220.0,PortScan
2.377773683362969,34.0,26.0,13822.0,15542.0,283.0,970.0,524.982902904384,8.475459529361014,481235.02940758487,443.0,NORMAL
32.58329775570291,31.0,37.0,3696.0,11248.0,412.0,1046.0,956.1345452968396,1.1888972152068438,309650.2327986767,443.0,NORMAL
0.22305720171565951,1.0,0.0,45.0,0.0,59.0,0.0,3658.4909362784897,8.598332700793833,6941.948033302958,10637.0,PortScan
0.34775054031273916,1.0,0.0,51.0,0.0,50.0,0.0,4851.088956588281,44.514983595584035,2246.44285612679,58376.0,PortScan
1.031113899982861,3.0,3.0,61.0,136.0,42.0,91.0,4437.723031082491,11.72481652658818,403283.72770100523,53.0,NORMAL
28.976255916152187,33.0,8.0,13128.0,3631.0,316.0,1362.0,1522.7944580775172,6.177980216264172,1171489.3623245251,443.0,NORMAL
14.997696162311204,15.0,33.0,13334.0,2400.0,1268.0,427.0,403.5925680157838,6.17103826448725,766361.7632351151,443.0,NORMAL
1.512328937963722,2.0,3.0,146.0,298.0,76.0,157.0,4402.945888190455,16.782229633839947,417527.2933986873,53.0,NORMAL
28.294754447619663,41.0,36.0,13516.0,8957.0,792.0,548.0,1396.6557983617602,3.987726349650739,644805.4099346604,443.0,NORMAL
1.9458538874702325,4237.0,0.0,74872.0,0.0,56.0,0.0,261235.54231578292,7496.05459803575,275.08092254871855,80.0,DoS
0.12721600527183619,2.0,1.0,82.0,158.0,41.0,169.0,1096.2505449455618,18.836997286240194,192911.2002013177,53.0,NORMAL
1.9959854410778728,1.0,3.0,133.0,239.0,80.0,117.0,4057.740473975722,8.850284439683875,334931.6915169495,53.0,NORMAL
15.61612838056829,14.0,13.0,4218.0,5536.0,562.0,212.0,535.8954853798554,6.210422083038838,1714831.7266750622,443.0,NORMAL
26.18981765184344,19.0,20.0,9907.0,37253.0,672.0,1153.0,2560.077225340469,12.440353214889788,324172.2428627202,80.0,NORMAL
1.8709419454382363,1.0,2.0,35.0,107.0,41.0,167.0,3104.4036765493693,7.8559603695461355,39946.037554666735,53.0,NORMAL
0.37848448933987705,1.0,0.0,43.0,0.0,59.0,0.0,3015.45305518853,92.77927486264312,713.380964626696,57105.0,PortScan
1.5153143475608115,2.0,3.0,156.0,143.0,52.0,135.0,3343.6372460139073,8.111294487880226,113829.31385804649,53.0,NORMAL
0.36382765254688804,1.0,0.0,52.0,0.0,57.0,0.0,1501.2997795453773,23.01666258158505,9854.23920200182,19629.0,PortScan
36.86640763135152,34.0,5.0,5916.0,7321.0,350.0,614.0,1542.4087142104245,0.5942704680493353,901489.7914997581,443.0,NORMAL
1.5086360847496794,3.0,3.0,144.0,109.0,102.0,141.0,1544.8139247454515,1.2483256881186064,149808.52787228103,53.0,NORMAL
0.9201205816387235,2.0,1.0,137.0,262.0,95.0,63.0,3032.2243811395583,17.716798426279706,29448.52010140697,53.0,NORMAL
13.724833991465314,46.0,10.0,14237.0,17488.0,443.0,934.0,1475.3549727979628,3.4943937932163167,1467885.3242601743,443.0,NORMAL
1.978681906743513,15.0,25.0,10103.0,1260.0,280.0,202.0,1225.0037055949813,8.140787905882583,1365334.6747833632,443.0,NORMAL
0.4669289874742322,2.0,1.0,133.0,227.0,40.0,101.0,3517.705466546115,1.745780231855885,432243.21453114157,53.0,NORMAL
26.201218408498715,18.0,24.0,6977.0,7956.0,663.0,1375.0,1927.0496247846818,9.065596538628277,627407.2783748775,80.0,NORMAL
1.2858124351746623,2.0,2.0,70.0,95.0,105.0,173.0,2194.019299381515,4.44269693013218,162824.82756242287,53.0,NORMAL
0.8509393117207851,1.0,1.0,147.0,240.0,97.0,155.0,197.2952017676895,9.19040951797368,293946.10989511426,53.0,NORMAL
29.38485616169157,17.0,15.0,5734.0,44858.0,1082.0,1088.0,2397.72840337743,6.6269054850109015,422408.3997569368,80.0,NORMAL
12.717563086018266,20.0,8.0,9376.0,25815.0,1000.0,227.0,838.9930119852803,7.757120740372759,213111.04169345333,80.0,NORMAL
10.650424956742013,19.0,24.0,7795.0,10266.0,120.0,395.0,2178.680651593244,11.396704210272677,219136.38388757565,80.0,NORMAL
7.947313890518327,45.0,10.0,9235.0,17376.0,1305.0,878.0,788.673712367665,9.974773218193233,1615289.8987042177,443.0,NORMAL
23.93196009167944,30.0,38.0,5529.0,19907.0,131.0,109.0,1016.7033443938818,6.157731661708615,882156.0998229742,443.0,NORMAL
52.24876690938104,23.0,39.0,4932.0,12213.0,1305.0,954.0,1596.4421782771242,6.289375211464895,1837290.6884650472,443.0,NORMAL
17.41370134838915,3.0,8.0,7437.0,13978.0,511.0,991.0,2476.330865647262,3.012714320941571,888048.5259208493,80.0,NORMAL
1.5340748781669267,7.0,7.0,363.0,198.0,56.0,109.0,470.6381285471539,3.02363304521055,71122.4123227947,22.0,BruteForce
48.41260859105058,45.0,47.0,11716.0,17819.0,363.0,912.0,451.7676815798675,0.8068681726958102,156209.9489122263,443.0,NORMAL
29.666433791993214,18.0,42.0,10582.0,19909.0,954.0,598.0,1140.659845540548,7.0417178250030545,505685.13184239203,443.0,NORMAL
29.877712856376217,30.0,48.0,3422.0,6423.0,261.0,1334.0,1975.066009189269,5.3565336408620565,1612973.6032042343,443.0,NORMAL
42.049172650092416,27.0,15.0,3373.0,8835.0,171.0,1194.0,730.9429601445383,7.867209640542741,995028.2077157673,443.0,NORMAL
0.5120200436418404,2.0,2.0,133.0,64.0,100.0,77.0,3755.4512622453067,9.365310944881653,258692.2767795892,53.0,NORMAL
0.7169137338124149,2.0,3.0,118.0,217.0,68.0,78.0,3238.5884646773184,6.017939032099209,119043.29028705132,53.0,NORMAL
6.78687226627043,11.0,20.0,4708.0,1011.0,133.0,207.0,1906.5979650353115,1.0465044452892143,1863906.5030699968,443.0,NORMAL
7.89698440179348,27.0,30.0,9911.0,9108.0,1059.0,588.0,1582.6426704877983,5.486457686173931,263918.99969373667,443.0,NORMAL
53.81194670168565,43.0,36.0,6932.0,18900.0,897.0,749.0,1756.6365786414092,4.405988060575414,676313.9284515539,443.0,NORMAL
10.403952384094591,28.0,3.0,3565.0,26847.0,419.0,455.0,1654.375310658443,3.183117841223634,793840.0292603344,80.0,NORMAL
0.3320101395906365,2.0,2.0,70.0,87.0,118.0,72.0,3317.7104222530425,3.633993325579065,437924.46214599,53.0,NORMAL
0.9081491143863751,3.0,3.0,88.0,294.0,111.0,109.0,1630.1838810414001,13.660561525071055,394273.4236332314,53.0,NORMAL
31.55967113504216,37.0,19.0,8795.0,11032.0,579.0,1030.0,483.6025066524907,2.0445699617495787,204043.86926029334,443.0,NORMAL
28.30670806408112,27.0,25.0,5807.0,6446.0,958.0,329.0,2274.9781037321764,13.403787531198404,993390.615167881,80.0,NORMAL
0.3114552586780289,3.0,2.0,140.0,64.0,87.0,93.0,1160.7919571784068,4.828755806924365,430910.13864225155,53.0,NORMAL
59.783701047347776,41.0,21.0,13736.0,10616.0,835.0,1044.0,1077.4482134570885,6.426169007248313,127439.9980467764,443.0,NORMAL
0.4543096083839053,1741.0,0.0,109488.0,0.0,56.0,0.0,927592.1105050485,8089.705846614665,301.0112629905005,443.0,DoS
7.006417294022677,24.0,13.0,2669.0,10468.0,1172.0,1334.0,1386.377301780663,7.07935791938616,1185508.4779564661,443.0,NORMAL
49.21610981187173,42.0,47.0,13940.0,14331.0,1291.0,910.0,1595.5334395849395,7.0107184282528845,304248.70988526044,443.0,NORMAL
51.221207928877355,8.0,7.0,2690.0,1871.0,1381.0,563.0,718.7283351561612,1.6007459448181653,1314133.1149608493,443.0,NORMAL
39.40743456190629,49.0,49.0,5310.0,14769.0,908.0,1342.0,969.7237980261787,8.46187615371604,297125.3361490144,443.0,NORMAL
3.7882536673591733,14.0,20.0,8742.0,14547.0,392.0,895.0,2413.192488439295,10.575110885194182,436146.1710841469,80.0,NORMAL
22.86772091277192,20.0,29.0,1594.0,9411.0,286.0,1145.0,1489.5080266578814,2.1445139250034417,209262.0273442655,80.0,NORMAL
4.037246323749372,19.0,40.0,5217.0,14485.0,1221.0,229.0,920.3583225772601,9.96770866452165,169988.05249627627,443.0,NORMAL
1.212952199140991,1.0,1.0,56.0,298.0,106.0,162.0,1755.635408027157,9.050949746454584,306467.6991210472,53.0,NORMAL
0.09660895636038618,3.0,2.0,91.0,298.0,108.0,63.0,1137.4231803370205,5.824134295118074,47643.26177341182,53.0,NORMAL
28.40852377471526,15.0,27.0,1588.0,33178.0,1136.0,773.0,428.0958375057969,8.484907941151697,82434.06094143505,80.0,NORMAL
1.2119578687009285,1.0,1.0,51.0,81.0,53.0,85.0,3978.2420395647373,8.84379697587487,268757.5078182175,53.0,NORMAL
1.536904252903205,2.0,3.0,183.0,178.0,49.0,73.0,1477.1176322612455,10.71965723562553,68511.99877924117,53.0,NORMAL
31.4852047283498,14.0,23.0,13862.0,5315.0,1194.0,1375.0,740.2679326383761,1.2773272670366986,997898.0762863171,443.0,NORMAL
1.8540604831949945,3.0,1.0,177.0,144.0,56.0,87.0,4449.641479627614,10.66622212602598,103484.58314330736,53.0,NORMAL
46.634914415509435,9.0,12.0,6024.0,4889.0,830.0,1315.0,683.4565848583483,3.7478725595330924,443406.582424521,443.0,NORMAL
0.20304131804813322,1.0,0.0,79.0,0.0,76.0,0.0,281.88272547553845,70.17343735959456,6464.062325430683,46509.0,PortScan
14.546545121430302,12.0,8.0,8454.0,47986.0,1155.0,794.0,1156.2935401352017,2.751455743834046,262432.7667925256,80.0,NORMAL
0.124670529551482,3.0,2.0,157.0,158.0,91.0,91.0,1375.8953544344563,9.777351253557965,37217.59297958546,53.0,NORMAL
0.26441955599684647,1.0,0.0,75.0,0.0,50.0,0.0,2344.7004473431894,54.01161598320311,4468.817322209177,29566.0,PortScan
1.668824834535307,3.0,1.0,171.0,219.0,55.0,63.0,1951.0385792997643,6.826886465836214,260638.30864983294,53.0,NORMAL
1.6070590917431098,2.0,3.0,102.0,75.0,72.0,97.0,4215.0324251096,5.628285165087043,149668.3382805833,53.0,NORMAL
30.27926642005933,36.0,34.0,14820.0,17002.0,608.0,1224.0,1497.3687781833005,4.123182799198876,1508697.7926396998,443.0,NORMAL
0.5708983975700782,798.0,0.0,63423.0,0.0,47.0,0.0,322554.5332866756,7006.92816822642,373.0476833884359,22.0,DoS
37.555689338971945,15.0,32.0,2809.0,6725.0,975.0,1267.0,216.0956173245468,9.9990592815877,1110741.0254804485,443.0,NORMAL
28.241252484974027,22.0,13.0,2609.0,11041.0,858.0,325.0,1760.6872372482119,8.621338309672028,632385.4475639479,443.0,NORMAL
7.560651456062929,46.0,28.0,4695.0,1722.0,766.0,1090.0,1915.3948819408122,6.308592668664945,1860633.8753226823,443.0,NORMAL
41.73329488913255,22.0,7.0,11827.0,5674.0,1396.0,165.0,454.19202489935094,4.640476569878252,798035.8493887199,443.0,NORMAL
1.837961224970373,2.0,3.0,39.0,258.0,42.0,67.0,2816.9123945780393,9.199622352250591,198651.45437150102,53.0,NORMAL
1.3333122402236814,1.0,1.0,91.0,141.0,62.0,121.0,2997.5276146022716,15.042390241908407,271019.7462131658,53.0,NORMAL
3.0352061428820796,22.0,23.0,6378.0,9096.0,1352.0,936.0,3917.8474864770474,4.733093234287287,745816.6763792738,80.0,NORMAL
52.89532944214022,49.0,46.0,7991.0,12786.0,1348.0,860.0,1274.2617199441606,3.7950113933720004,575624.0432238613,443.0,NORMAL
0.36253092681700516,2.0,1.0,87.0,52.0,82.0,174.0,3453.6324286066965,15.167669905964921,439155.1552540424,53.0,NORMAL
2.6322885786061176,24.0,18.0,5510.0,42064.0,600.0,678.0,2209.4578550457854,13.747918193190454,418967.85318469,80.0,NORMAL
34.17551213679668,21.0,12.0,10581.0,17040.0,1211.0,360.0,1882.5479888845673,9.474936219097287,453585.3787875178,443.0,NORMAL
0.31322438619675147,3.0,3.0,186.0,151.0,67.0,159.0,702.6663926919517,3.2521125780421767,213568.20500768928,53.0,NORMAL
17.778798923546027,5.0,20.0,6445.0,43824.0,1148.0,843.0,2445.5110882246368,10.227074907105923,479022.0121706161,80.0,NORMAL
0.3442755435913784,1587.0,0.0,181891.0,0.0,58.0,0.0,637402.1545876873,8074.878800454512,160.91584063433388,80.0,DoS
8.20025585584195,23.0,41.0,1489.0,15017.0,1072.0,824.0,483.6876425727669,5.580475316614593,1649928.0161685182,443.0,NORMAL
24.687473339707985,11.0,24.0,8091.0,32789.0,1044.0,1339.0,1806.4238198095845,3.2041302204425373,777509.6037690735,80.0,NORMAL
23.44478044294618,40.0,22.0,7109.0,6028.0,1268.0,240.0,518.6099545536138,2.021945166757681,1250307.5871721082,443.0,NORMAL
0.806903079276672,1.0,1.0,69.0,100.0,67.0,166.0,3445.8998092891434,15.924842887868042,462284.81753860967,53.0,NORMAL
50.38542638933346,43.0,14.0,14319.0,11051.0,212.0,1276.0,1136.9765911273814,1.0643282519623243,795401.0407259892,443.0,NORMAL
42.70458328700941,14.0,49.0,1246.0,4442.0,337.0,1269.0,1810.526351542614,3.7503425143218716,1100400.4130328333,443.0,NORMAL
0.5909012489445952,16.0,12.0,5387.0,25766.0,449.0,309.0,4311.014024876357,7.329516266777811,314880.32822021167,80.0,NORMAL
4.896176814777861,5.0,7.0,352.0,200.0,58.0,79.0,412.31864790247255,5.3802872012228224,347684.745602408,22.0,BruteForce
51.170532066073825,19.0,37.0,3180.0,14554.0,368.0,597.0,1806.7188237092412,4.435320389449533,1840005.0974392751,443.0,NORMAL
0.3790081703954158,3.0,1.0,178.0,76.0,78.0,176.0,3127.2242190469724,14.13580017658266,234599.35520834342,53.0,NORMAL
15.088976471510817,18.0,40.0,10605.0,18062.0,1307.0,1292.0,1937.6117047584992,3.5897632050137482,668618.4962136585,443.0,NORMAL
59.21173513156935,32.0,21.0,2495.0,8380.0,1137.0,878.0,1331.4240537395858,4.200512279539256,1049053.362998014,443.0,NORMAL
29.59708094067277,31.0,10.0,4598.0,12272.0,1391.0,443.0,1096.585991046038,8.523425902851388,1321036.5828530795,443.0,NORMAL
46.20084003493959,19.0,13.0,9916.0,8588.0,1216.0,653.0,299.48171273775665,6.980196577312073,1964450.3538480985,443.0,NORMAL
56.2365225283777,20.0,36.0,2666.0,8750.0,892.0,1342.0,130.98121339435914,9.727301663742907,1962188.2959051577,443.0,NORMAL
0.6844651147801668,3.0,1.0,181.0,79.0,78.0,167.0,2567.359570086446,5.865496048387018,139964.14749920872,53.0,NORMAL
42.83457064760407,47.0,28.0,14257.0,9035.0,1354.0,1325.0,1663.0415721957013,1.385508972361261,464162.3353300348,443.0,NORMAL
17.56556938401049,32.0,27.0,10379.0,15732.0,1004.0,310.0,447.2704150606431,9.790600496067793,1970096.4593899907,443.0,NORMAL
20.896202192837816,15.0,28.0,3201.0,35689.0,385.0,641.0,4599.662457800796,6.552494883421756,965556.8789534165,80.0,NORMAL
8.895873416981896,11.0,12.0,5799.0,10178.0,768.0,1190.0,515.8501354261391,7.786611093175003,609661.1170117101,443.0,NORMAL
1.397010406901367,3.0,1.0,59.0,143.0,75.0,84.0,3847.4166195210255,3.3318162465836103,441817.5598714339,53.0,NORMAL
29.109782194283707,5.0,34.0,3456.0,19774.0,973.0,230.0,1075.4411397035437,3.7533347103180343,1026825.6788507483,443.0,NORMAL
0.9530269179550336,1.0,1.0,54.0,55.0,102.0,169.0,587.1600767088453,16.50050971453726,229236.57043470215,53.0,NORMAL
0.49090899264541693,2.0,2.0,87.0,175.0,43.0,90.0,4980.715238538051,6.3535515014479556,197316.88822662583,53.0,NORMAL
0.4876668329049171,2.0,2.0,48.0,241.0,65.0,118.0,4160.416222437328,19.828398398802793,247261.45318615888,53.0,NORMAL
30.535610698127744,23.0,19.0,13106.0,8276.0,277.0,1257.0,749.5442066797187,7.357287503500169,160343.5986069116,443.0,NORMAL
1.549868629182488,3.0,3.0,40.0,124.0,109.0,122.0,3040.5596797935414,18.712995794298703,115122.04133104061,53.0,NORMAL
0.05314322321725391,1.0,2.0,193.0,178.0,94.0,151.0,1775.9301479897997,12.805846386054995,392824.13970179006,53.0,NORMAL
51.57357616292642,23.0,49.0,5267.0,18524.0,958.0,518.0,392.3396419622904,1.155826959577832,158236.1223437416,443.0,NORMAL
31.43585226002736,16.0,13.0,2446.0,6362.0,654.0,489.0,122.98624122705918,4.057540033418581,202819.38882693386,443.0,NORMAL
1.4626538555430924,26.0,10.0,11129.0,1094.0,1154.0,949.0,1356.5615919926474,6.119347087805517,1046960.8087578363,443.0,NORMAL
0.6746285943493431,1.0,3.0,52.0,116.0,98.0,162.0,71.44991658977206,3.0404590548132853,493726.0274651562,53.0,NORMAL
8.336990575284538,29.0,9.0,6492.0,18204.0,848.0,519.0,1655.3883481300365,10.006131887921113,133243.2499233301,80.0,NORMAL
8.72154598238264,24.0,33.0,1793.0,16458.0,670.0,613.0,454.71916517668296,9.597544792985136,589069.2881107948,443.0,NORMAL
0.20180383466556223,1.0,0.0,71.0,0.0,52.0,0.0,3850.630483268192,76.2729094681115,3201.3339397928685,47391.0,PortScan
0.9972694430479462,2298.0,0.0,133298.0,0.0,53.0,0.0,797826.498701155,2425.657335832939,268.80112794946996,443.0,DoS
0.09250549730690126,1.0,0.0,49.0,0.0,52.0,0.0,847.0236490215595,63.922622213128186,7155.567051728489,52659.0,PortScan
14.366915189907823,6.0,29.0,907.0,44416.0,888.0,1232.0,3960.5326893663405,2.1372051348082812,383328.34812475165,80.0,NORMAL
30.43440105363001,18.0,8.0,1922.0,19040.0,1111.0,1209.0,1458.8267099582033,4.2824181973761375,978103.4558867998,443.0,NORMAL
0.21080576579258334,2111.0,0.0,54329.0,0.0,43.0,0.0,696722.3413617495,5175.21215764447,39.22206370495232,80.0,DoS
4.630907887103037,4.0,6.0,369.0,101.0,149.0,55.0,382.18683389218876,2.61226356730824,266840.8301147169,21.0,BruteForce
13.510645554585372,35.0,20.0,12102.0,12672.0,166.0,546.0,773.0192882651243,8.411192030774858,1649449.4814966866,443.0,NORMAL
1.3377842791504297,2500.0,0.0,69079.0,0.0,40.0,0.0,866587.4669739339,1841.8644985304977,269.04624358365226,443.0,DoS
0.13228135292807525,1.0,1.0,34.0,148.0,93.0,140.0,1201.717541271088,9.46058721481622,304515.0077521566,53.0,NORMAL
0.3482205244867872,1.0,1.0,75.0,121.0,49.0,151.0,1226.6312555963218,9.37666301610828,445255.9736004356,53.0,NORMAL
1.34633589834586,2.0,2.0,199.0,132.0,63.0,140.0,1359.300194831001,18.991431927443045,495116.590796545,53.0,NORMAL
0.04794262264174142,1.0,0.0,62.0,0.0,75.0,0.0,873.0848601834238,28.320384671871363,496.6894736286951,51179.0,PortScan
1.9003506922392015,2.0,2.0,52.0,179.0,52.0,162.0,1811.6160135923992,18.55655973752894,468165.51224009966,53.0,NORMAL
1.983402496038445,3.0,3.0,197.0,191.0,67.0,112.0,4402.028294436609,7.844506587424869,388451.70634548925,53.0,NORMAL
42.041470643311605,5.0,8.0,3274.0,17220.0,448.0,447.0,287.8925959664022,1.3773863532729897,1311562.1407199681,443.0,NORMAL
52.09776948052409,37.0,26.0,9572.0,6056.0,476.0,1015.0,722.6812176959348,0.5938562630995373,885350.3018827492,443.0,NORMAL
0.5740500565129619,2.0,2.0,170.0,110.0,60.0,71.0,935.2044023541557,3.998520577164962,11719.167289007251,53.0,NORMAL
21.027561360025558,8.0,6.0,4954.0,18309.0,525.0,1023.0,299.12758012521914,1.6313961367741723,945586.0382982442,443.0,NORMAL
33.570783670266835,31.0,43.0,9168.0,11886.0,162.0,455.0,1934.4705666790728,4.176130255418505,712962.9167386935,443.0,NORMAL
0.7905182549180355,2.0,2.0,62.0,183.0,116.0,78.0,3345.4561754812034,6.941834205278594,234526.94494394166,53.0,NORMAL
1.2280977247186107,3.0,2.0,124.0,242.0,52.0,163.0,3768.95827098848,1.240851933611323,66866.76321318,53.0,NORMAL
0.6557021820629911,2.0,1.0,110.0,277.0,96.0,78.0,2793.18726979201,14.141289115614166,208000.473981019,53.0,NORMAL
0.26591470888813173,2.0,2.0,104.0,171.0,100.0,126.0,138.98778932215504,17.346905092665928,356554.5114832122,53.0,NORMAL
33.25224499107952,7.0,13.0,11315.0,19728.0,1116.0,153.0,728.9082383680447,9.228263165095148,1355553.408573695,443.0,NORMAL
48.04042658099366,13.0,45.0,10292.0,12217.0,109.0,628.0,1674.5203902636035,4.854931402025879,782283.128719143,443.0,NORMAL
1.1401174756108476,2.0,1.0,133.0,247.0,53.0,142.0,4450.8292639266265,2.1299973852312575,364694.7461064144,53.0,NORMAL
49.954766418724894,6.0,28.0,5080.0,9708.0,791.0,436.0,329.9926747274435,8.510965066153556,1224192.797110803,443.0,NORMAL
20.676451129777508,20.0,6.0,9215.0,19171.0,932.0,289.0,1268.6614363265985,6.329181653309409,1013648.1714088288,443.0,NORMAL
2.8806742300343156,3.0,29.0,2479.0,15726.0,1016.0,1137.0,4150.881799819714,8.72705471167485,267265.6294904158,80.0,NORMAL
1.0665780248340058,3.0,2.0,73.0,141.0,41.0,86.0,4101.898728010683,12.51162115380258,438716.9870213179,53.0,NORMAL
6.32709643321009,27.0,17.0,2189.0,14463.0,1058.0,1024.0,1784.228505175242,6.737064164078518,718122.8708518689,443.0,NORMAL
14.511312241273357,3.0,4.0,3561.0,7606.0,171.0,701.0,565.6634862196831,3.7674905840682493,290901.4202032004,80.0,NORMAL
1.2417980705251301,1.0,2.0,59.0,214.0,103.0,113.0,4502.233929231702,10.586257948964354,50101.43013883734,53.0,NORMAL
1.3503272071993209,3.0,3.0,124.0,84.0,53.0,108.0,3046.5075048301064,12.177644101567935,426673.84355906554,53.0,NORMAL
45.452247413161174,31.0,14.0,11282.0,19877.0,942.0,765.0,271.1962314627338,1.4281781929899082,670798.3561182013,443.0,NORMAL
0.060808184177412676,1.0,0.0,51.0,0.0,45.0,0.0,375.42070179295666,52.42915188861364,291.77088468057457,34234.0,PortScan
53.79418270757113,30.0,42.0,9252.0,18369.0,707.0,115.0,249.13560648712217,1.1023189044281607,1543593.630280769,443.0,NORMAL
5.680871609347405,25.0,7.0,7860.0,46106.0,144.0,105.0,4227.47095826929,1.4590462111176916,979409.9948149391,80.0,NORMAL
0.70340722644715,3756.0,0.0,26769.0,0.0,52.0,0.0,956309.4316616722,6503.123550678401,421.8060246416087,80.0,DoS
13.243133717747533,6.0,16.0,5963.0,18136.0,810.0,522.0,1287.5019229580994,7.148988226246403,610681.3673228604,80.0,NORMAL
11.699970468852717,22.0,22.0,533.0,37458.0,740.0,1253.0,2754.74427112358,2.879134649531732,928495.7449025896,80.0,NORMAL
0.06745123568785363,1.0,0.0,74.0,0.0,47.0,0.0,3450.7710145693977,91.12829783316742,665.1945453065372,54913.0,PortScan
1.9643429831401213,1.0,1.0,46.0,80.0,64.0,144.0,411.7810986764482,19.365528665234613,232895.93460988527,53.0,NORMAL
1.8073359906771482,2.0,1.0,181.0,261.0,103.0,174.0,4984.7490503504305,6.7374706170950756,306326.5011065836,53.0,NORMAL
37.09152402782678,23.0,22.0,12324.0,18871.0,466.0,1206.0,1751.1894947059523,0.5319425940678979,1509576.1198140217,443.0,NORMAL
17.86122977602634,44.0,48.0,6543.0,12564.0,987.0,540.0,1274.2712130673713,3.556496904973142,706487.4780685084,443.0,NORMAL
0.004066077674776501,1.0,0.0,74.0,0.0,52.0,0.0,3915.786782585456,60.0596489200571,2051.462676000426,28114.0,PortScan
1.4883781697359746,3.0,1.0,37.0,53.0,45.0,167.0,4898.258316430013,15.13071321163423,244221.21488557206,53.0,NORMAL
9.310564202408191,14.0,22.0,5888.0,3050.0,828.0,227.0,1946.6368472388008,8.1677618727609,1806105.6524258847,443.0,NORMAL
1.2102907086723849,1.0,3.0,59.0,88.0,109.0,141.0,1324.2657669897444,3.4116129889874394,57843.176091301015,53.0,NORMAL
0.6265661268328246,2.0,1.0,157.0,84.0,88.0,84.0,2393.4620433114824,7.4053355279865,250652.50648540852,53.0,NORMAL
11.27395324764235,9.0,12.0,1187.0,20776.0,977.0,109.0,3823.6593077512475,3.155749286328801,859321.0977738604,80.0,NORMAL
1.5435192801009388,4447.0,0.0,28448.0,0.0,56.0,0.0,437651.37963875954,7179.789858412898,186.01949706188722,443.0,DoS
36.27609874985402,10.0,20.0,6692.0,6526.0,608.0,1033.0,133.42084080379672,4.7696493654264325,120723.29110381016,443.0,NORMAL
1.0903610128996768,2.0,1.0,87.0,90.0,50.0,115.0,1147.780595394888,17.139931142894884,101775.55337853997,53.0,NORMAL
0.3465838107117229,2.0,3.0,43.0,58.0,82.0,158.0,3151.2189575687867,15.97314847329527,184528.95419250557,53.0,NORMAL
1.3085471990318513,49.0,41.0,5443.0,8867.0,1040.0,914.0,669.4258796220086,7.052866831962659,1552062.6792745318,443.0,NORMAL
8.092334266865898,47.0,38.0,12231.0,2022.0,475.0,1283.0,996.0298773259082,5.050756110269471,751405.7030761203,443.0,NORMAL
1.1854357576682462,1.0,3.0,82.0,136.0,68.0,119.0,4321.276130860524,16.788836880012553,192822.67833990196,53.0,NORMAL
0.1319946052515834,1.0,2.0,85.0,175.0,42.0,138.0,298.8308133143349,9.131664834779746,30323.870605480457,53.0,NORMAL
0.5583560725900931,3.0,1.0,97.0,59.0,101.0,145.0,164.0757392755193,11.882598226707662,464409.6261781821,53.0,NORMAL
1.0760254295794418,1.0,3.0,55.0,188.0,64.0,101.0,2977.892959491378,11.441023942132674,282312.86270829366,53.0,NORMAL
0.2469348622764685,2.0,2.0,153.0,283.0,72.0,89.0,532.4077374685423,15.842049000769954,209830.23605703315,53.0,NORMAL
9.07625217405963,43.0,46.0,10617.0,9052.0,1003.0,872.0,784.7569697270777,9.096724993270536,731249.5309690329,443.0,NORMAL
1.5827372885047117,1.0,1.0,112.0,174.0,99.0,152.0,4359.678085204074,10.128459531503397,488147.146927673,53.0,NORMAL
37.63478548122744,15.0,42.0,14203.0,2067.0,843.0,183.0,1980.1702354753656,2.986560135739473,523255.1651922048,443.0,NORMAL
0.09189650086539411,1.0,0.0,79.0,0.0,76.0,0.0,1961.7207326632613,23.724600972692382,4539.447850809287,53067.0,PortScan
25.492464309321065,24.0,25.0,7910.0,20508.0,529.0,912.0,3704.993463188541,4.543786500020476,622304.6153410494,80.0,NORMAL
8.248457109149872,14.0,9.0,7652.0,12497.0,598.0,1012.0,3798.244205128774,11.364229519676583,110572.20227124341,80.0,NORMAL
0.8792630172755714,2.0,1.0,102.0,290.0,49.0,124.0,2807.24442938612,15.55861954997507,375556.32407059654,53.0,NORMAL
6.540932766955308,16.0,10.0,8727.0,34618.0,599.0,193.0,1267.5243545503588,1.6439925003384164,322398.67491591634,80.0,NORMAL
21.18282317423854,19.0,11.0,5995.0,15102.0,642.0,238.0,769.8029174013176,3.237379861809518,390915.70872089354,443.0,NORMAL
0.29996299897202194,1.0,0.0,55.0,0.0,59.0,0.0,4723.411714271886,64.98448118858249,7821.2609374564845,1888.0,PortScan
0.9477245145086521,1.0,2.0,46.0,94.0,102.0,66.0,367.85542251707216,12.07362665460934,16591.24935931032,53.0,NORMAL
3.120594154007783,33.0,34.0,5608.0,8257.0,407.0,707.0,1204.1810384491948,7.866437892181024,777430.0721071173,443.0,NORMAL
1.519607960228965,9.0,7.0,225.0,258.0,92.0,90.0,309.43466732117804,2.293371860894905,197637.10052396992,22.0,BruteForce
1.331960184517258,2.0,3.0,124.0,242.0,48.0,144.0,4353.588304540859,10.746495983395548,121066.68031319941,53.0,NORMAL
1.7533566054662668,3351.0,0.0,38753.0,0.0,46.0,0.0,346334.42060721,2652.936052477918,222.82978879787876,80.0,DoS
36.62393172401388,11.0,38.0,11649.0,6232.0,365.0,986.0,1995.6329294361956,6.927965456659849,1425108.370495555,443.0,NORMAL
58.47747218516507,30.0,14.0,2919.0,18006.0,1340.0,417.0,1943.4466186132393,4.950084434704881,996756.6855815428,443.0,NORMAL
46.54873610228943,7.0,15.0,3347.0,10835.0,495.0,612.0,1746.2526832051021,0.674323826313888,1608461.8229464123,443.0,NORMAL
1.1458422857529442,2.0,3.0,141.0,195.0,45.0,66.0,1009.5324067252162,17.964846781578455,100658.30221395794,53.0,NORMAL
4.923279774639872,43.0,34.0,3210.0,14890.0,573.0,1169.0,1872.5955671158738,1.8646499681851363,1177628.890351883,443.0,NORMAL
40.237163798229076,42.0,43.0,2892.0,18910.0,503.0,1395.0,1285.4233624300034,8.990696328631941,334263.28610537085,443.0,NORMAL
0.9940995900285389,1807.0,0.0,136143.0,0.0,59.0,0.0,901572.5753009906,9131.044227903421,278.14063708764394,80.0,DoS
53.65887410733592,24.0,45.0,8874.0,14898.0,832.0,326.0,121.95693392695264,9.816214819844118,1517336.934983561,443.0,NORMAL
49.327036742777786,49.0,23.0,4157.0,17102.0,1341.0,1281.0,1057.882130483801,2.817653073476351,346206.1190668532,443.0,NORMAL
1.8401266976041295,1.0,1.0,157.0,185.0,68.0,93.0,2412.89099184627,1.5372617432365911,244846.4474888297,53.0,NORMAL
33.329609849447884,30.0,24.0,3693.0,10314.0,198.0,425.0,1139.3743728792463,9.159944831308131,1561284.4759120771,443.0,NORMAL
24.700358074480384,11.0,10.0,7997.0,15374.0,553.0,245.0,4062.2788998479778,5.565813806343574,796638.5168661529,80.0,NORMAL
1.560352182711564,3.0,3.0,55.0,182.0,98.0,129.0,3309.9670912864894,18.40627208524093,216023.11293711505,53.0,NORMAL
15.820131514727288,22.0,19.0,5417.0,48259.0,476.0,971.0,2403.981867663974,4.9137128243531185,905007.7610148351,80.0,NORMAL
41.837519159953786,39.0,31.0,9402.0,2082.0,1126.0,201.0,941.4307882008962,3.538292724608042,217425.453150166,443.0,NORMAL
9.491367957364755,15.0,5.0,3957.0,37707.0,500.0,623.0,3686.8823666584535,5.1075565280778825,758667.1076978836,80.0,NORMAL
28.934834476053375,43.0,29.0,10611.0,12647.0,1264.0,611.0,1274.489351493159,7.110999188902098,774815.7636423461,443.0,NORMAL
0.3962664966625451,2.0,3.0,37.0,159.0,85.0,124.0,251.92459889005755,12.826932210680768,386625.87264526595,53.0,NORMAL
1.5286619532266303,3.0,2.0,35.0,290.0,47.0,157.0,3759.7321916102032,15.18695582738297,380016.49778778217,53.0,NORMAL
46.40008305832428,24.0,46.0,12525.0,8730.0,760.0,1375.0,141.39900454828552,6.893159644562249,520425.83520724316,443.0,NORMAL
1.8234515226849108,1.0,1.0,165.0,63.0,79.0,66.0,1133.4135754565207,9.544101202714426,465450.86892751127,53.0,NORMAL
15.968450652900644,17.0,23.0,6388.0,36234.0,488.0,1087.0,3608.165629313552,12.897113939384852,410635.2344374641,80.0,NORMAL
0.17031599081590768,1.0,2.0,166.0,187.0,119.0,98.0,2700.841378239097,15.693799750595854,330195.0673702797,53.0,NORMAL
43.423708405870485,23.0,24.0,8412.0,10910.0,1043.0,620.0,1140.0177316495178,3.286299205483811,631420.5253782556,443.0,NORMAL
0.17038760960798308,1.0,0.0,47.0,0.0,44.0,0.0,2283.2666924432356,55.73913363133541,3647.221453057763,35.0,PortScan
1.1035040947244728,1820.0,0.0,147982.0,0.0,45.0,0.0,587488.5542669187,9474.417454425682,313.22878910700905,22.0,DoS
3.479455835112912,9.0,49.0,4869.0,4004.0,829.0,982.0,656.5207834183832,4.912523384314714,425890.2573010392,443.0,NORMAL
22.932618399473487,49.0,12.0,12619.0,11330.0,264.0,411.0,876.7416835453992,8.963217091839873,740069.2357638571,443.0,NORMAL
1.730469405701292,2.0,1.0,76.0,182.0,68.0,150.0,2937.342568821602,6.381744478876791,307515.85796121386,53.0,NORMAL
22.026115612171843,29.0,23.0,2528.0,34324.0,1118.0,927.0,4185.1387199457395,10.89590613969811,352185.8968186219,80.0,NORMAL
1.9444954976460989,2644.0,0.0,87262.0,0.0,46.0,0.0,562005.6962113461,8098.742500511822,387.58885899972296,22.0,DoS
0.3820194378659509,1.0,0.0,53.0,0.0,51.0,0.0,1163.7333206252847,25.189376561782595,4516.963045264981,48766.0,PortScan
16.916493571154838,15.0,12.0,1343.0,16748.0,791.0,333.0,3448.3760110822914,4.2462523739869615,789863.6626587199,80.0,NORMAL
1.5593607992562455,3.0,2.0,71.0,220.0,62.0,73.0,670.805498745557,13.652372327156957,412682.71185152215,53.0,NORMAL
1.1158254770124911,1.0,3.0,57.0,94.0,65.0,123.0,1536.5613461464377,15.35465345398062,386132.35150984104,53.0,NORMAL
16.014979083647813,12.0,4.0,4936.0,21201.0,647.0,127.0,2749.7264803992152,14.01891830187078,297451.10640322784,80.0,NORMAL
46.16526104047548,23.0,9.0,11370.0,1922.0,925.0,674.0,683.5293202569156,5.543135015297472,1790280.3479995884,443.0,NORMAL
1.254273424811235,3.0,2.0,100.0,267.0,80.0,159.0,3400.1298546141284,17.4988935979478,275338.6193068172,53.0,NORMAL
0.24996657007528755,3.0,1.0,157.0,164.0,57.0,78.0,4881.042177248218,19.114330870156362,498135.9970636662,53.0,NORMAL
22.913235576874744,3.0,13.0,3415.0,14513.0,344.0,565.0,1385.0139748815802,6.009083633950717,469793.8891178232,80.0,NORMAL
5.108456393024792,23.0,28.0,1355.0,36379.0,484.0,1264.0,3162.6536763869813,14.347173350229587,665954.6293389063,80.0,NORMAL
1.3336008479567352,3033.0,0.0,20815.0,0.0,47.0,0.0,848427.8203038053,1605.21776519746,173.72244421696246,443.0,DoS
1.8067903790862958,2.0,1.0,129.0,288.0,119.0,130.0,1787.9402232478092,2.2190126691675967,460764.7997358442,53.0,NORMAL
0.30808951044842353,1.0,0.0,40.0,0.0,78.0,0.0,1675.6752079872972,8.440758943996094,4833.857094159992,40014.0,PortScan
15.393392962084082,24.0,3.0,8825.0,45143.0,602.0,1266.0,1053.0107880135956,10.203476728985406,507367.2594733387,80.0,NORMAL
0.969332878239399,3.0,3.0,140.0,238.0,116.0,96.0,1612.971747288165,13.889168742938969,15466.968410620466,53.0,NORMAL
0.9220418621093633,4996.0,0.0,160378.0,0.0,41.0,0.0,802316.2506371805,4907.470525589297,11.582153724603074,80.0,DoS
2.687957417278635,4.0,7.0,345.0,338.0,139.0,110.0,298.2853048137877,2.7977308054088335,65176.26733251887,21.0,BruteForce
5.021734563933301,27.0,9.0,721.0,44599.0,994.0,704.0,1881.6236524310061,5.472871268806305,345758.39194362494,80.0,NORMAL
48.405374892706064,44.0,19.0,7806.0,5313.0,475.0,830.0,696.9180843047308,5.623333506425482,1216678.2461134456,443.0,NORMAL
1.874253353017684,4583.0,0.0,46376.0,0.0,47.0,0.0,429787.7415379148,3046.426512183446,205.33064594206712,443.0,DoS
0.8495297465580031,3893.0,0.0,45747.0,0.0,59.0,0.0,824250.8627585818,7828.853233408344,129.12905762187194,443.0,DoS
51.12919604996728,15.0,45.0,13123.0,16748.0,870.0,151.0,1812.1493546437264,1.2826265212449008,1257888.6969503884,443.0,NORMAL
0.11511589522922726,1.0,0.0,52.0,0.0,45.0,0.0,2427.998260601834,11.206811753245411,5258.371818793529,31200.0,PortScan
12.257287338360257,11.0,27.0,2656.0,8738.0,520.0,380.0,2086.078374099885,5.087369817142772,157325.90491882147,80.0,NORMAL
1.5409678717610231,1.0,1.0,173.0,88.0,70.0,82.0,793.608434161894,17.764960552569217,383214.4369839122,53.0,NORMAL
1.8877795654290737,3.0,2.0,69.0,68.0,60.0,73.0,4908.997379637907,19.595259811029553,349935.4920268126,53.0,NORMAL
5.964257934707881,22.0,11.0,8370.0,1951.0,804.0,1156.0,1304.0485125039108,5.076202058518086,733088.0410391322,443.0,NORMAL
14.478829738546626,16.0,36.0,8824.0,8055.0,491.0,638.0,1105.4098918157588,4.870114922266726,540193.8343043927,443.0,NORMAL
0.9009884504659078,2.0,1.0,87.0,269.0,106.0,63.0,2139.4249364940115,16.446666111046568,138993.8924742656,53.0,NORMAL
2.0355894386311055,30.0,18.0,2949.0,14621.0,199.0,903.0,1069.751682788188,4.576948793243028,133614.65393018178,443.0,NORMAL
20.26866511786965,27.0,7.0,2598.0,2254.0,636.0,867.0,3732.166013797703,3.9805076674421302,250644.16667604403,80.0,NORMAL
1.735532484366363,3.0,3.0,162.0,69.0,106.0,102.0,960.2277437998024,13.032719816778554,111578.91315899706,53.0,NORMAL
0.2496177103357467,3.0,3.0,125.0,144.0,108.0,175.0,4310.934484110808,13.329189453152853,126687.2453676057,53.0,NORMAL
55.21666548473371,6.0,41.0,11858.0,2636.0,757.0,915.0,1836.4521782259776,9.369479718314109,1332579.2166032195,443.0,NORMAL
1.358306401019774,1159.0,0.0,171165.0,0.0,48.0,0.0,108739.46383356166,7588.662334599506,175.52324229465677,22.0,DoS
53.66093542170199,12.0,48.0,5135.0,8393.0,1308.0,982.0,1972.4032581084214,3.1465591420471233,738496.9878761258,443.0,NORMAL
1.4724806154975378,1.0,3.0,56.0,83.0,89.0,125.0,4862.279553091449,13.691417976314185,326052.2888259101,53.0,NORMAL
46.4540376506598,33.0,44.0,5765.0,12573.0,665.0,338.0,1085.4279499011716,6.5865670423586575,1752404.5040156203,443.0,NORMAL
45.56095480931167,49.0,25.0,5846.0,14996.0,701.0,104.0,977.646657480211,9.242494680952062,238349.3921990022,443.0,NORMAL
1.8725082047782016,3.0,3.0,129.0,70.0,102.0,109.0,4196.679161701887,17.81112785783928,256264.8413187567,53.0,NORMAL
1.7630373651855944,2.0,3.0,86.0,181.0,83.0,160.0,3967.256771468867,13.665528772003595,485968.29048591753,53.0,NORMAL
1.370393346375201,12.0,9.0,4548.0,45911.0,119.0,264.0,3108.0854591819652,6.906602853842782,644504.9211538557,80.0,NORMAL
17.66624589464457,42.0,47.0,8308.0,9347.0,1126.0,103.0,436.7064257112786,1.6013683512463102,146022.44299446038,443.0,NORMAL
31.221093327947795,6.0,9.0,12268.0,11266.0,185.0,108.0,1990.4049736316895,8.037832614799655,135324.9113837634,443.0,NORMAL
8.014720190306631,12.0,27.0,4512.0,22658.0,624.0,973.0,4733.98537985346,5.700429916068606,829180.5033616638,80.0,NORMAL
1.6342202148910203,2.0,2.0,147.0,278.0,89.0,139.0,2121.1030657449282,5.995599071183216,492771.08754926093,53.0,NORMAL
1.0700795810329058,1.0,2.0,116.0,126.0,114.0,71.0,1289.8103521865162,4.391455919513957,346714.6992548031,53.0,NORMAL
1.6071180915371062,1.0,3.0,165.0,255.0,98.0,103.0,4000.394235569225,12.707296222849788,362269.09809853585,53.0,NORMAL
1.1632078689151892,1.0,1.0,137.0,204.0,73.0,172.0,3852.5763787040364,17.939363549949434,483740.0486614942,53.0,NORMAL
0.3078862524531143,1315.0,0.0,163826.0,0.0,53.0,0.0,725347.9984529684,1935.616662822443,62.01288675973611,22.0,DoS
16.323411996563923,28.0,20.0,4666.0,505.0,533.0,953.0,1011.0541562298611,8.437950736807032,109366.89057804807,80.0,NORMAL
0.042571850439764726,3.0,1.0,40.0,232.0,110.0,67.0,3916.5205251412285,13.652621372049438,23249.028344775215,53.0,NORMAL
6.233449491666281,18.0,35.0,8829.0,12183.0,215.0,1016.0,1763.595096668657,3.9064992850156615,326381.5675979286,443.0,NORMAL
0.6655714323253188,2.0,1.0,103.0,113.0,55.0,118.0,2569.582925636523,18.45979732838004,199319.03181768334,53.0,NORMAL
1.48387681180651,4638.0,0.0,156050.0,0.0,55.0,0.0,692279.9202618884,7447.842897313833,287.93022127790175,22.0,DoS
49.262871189427095,8.0,25.0,5112.0,2839.0,1359.0,232.0,1691.8688678548417,7.8428686334176785,1660266.2408908666,443.0,NORMAL
0.8997517008887471,2.0,1.0,118.0,162.0,79.0,61.0,3025.9794297435506,6.4990093239272,219345.01894894664,53.0,NORMAL
10.871956936062562,28.0,17.0,4932.0,14257.0,1013.0,779.0,1039.554664112252,9.429841211212851,690653.2227131987,443.0,NORMAL
5.0203297782264915,16.0,14.0,988.0,40736.0,540.0,247.0,4484.340679025402,9.01153344443725,177120.58453288686,80.0,NORMAL
0.6372658951142455,1.0,1.0,43.0,176.0,70.0,126.0,218.50263180730965,11.20274130309901,425177.42342341645,53.0,NORMAL
0.3678329842622373,3.0,2.0,152.0,264.0,76.0,61.0,1479.5964075686702,18.996887205215405,93166.0941190198,53.0,NORMAL
45.09921998920495,38.0,37.0,6461.0,9753.0,562.0,843.0,457.7326629049119,3.1114083702702953,629435.6469933549,443.0,NORMAL
21.470238911877434,12.0,24.0,13510.0,1773.0,465.0,905.0,1219.279884051504,6.910046410661838,1621313.7807911423,443.0,NORMAL
55.69305710753343,13.0,33.0,6935.0,14349.0,1144.0,533.0,1124.2712755422704,3.2932825124734912,622917.8545323625,443.0,NORMAL
43.9631366160126,20.0,43.0,8156.0,3521.0,639.0,1249.0,862.7569144635067,9.856590366781669,656331.3975206953,443.0,NORMAL
0.22505789760947603,1.0,2.0,191.0,201.0,59.0,148.0,906.6157545401232,19.76522306084919,290085.8867830632,53.0,NORMAL
3.714653215926529,8.0,5.0,359.0,372.0,75.0,111.0,489.7250602300639,4.803653055571538,196314.2184905528,21.0,BruteForce
47.51839325194462,48.0,6.0,9484.0,15847.0,1208.0,1307.0,1915.413700083577,1.5480618203512422,1853539.9127511068,443.0,NORMAL
1.5500115107298125,4587.0,0.0,94713.0,0.0,52.0,0.0,986501.0948121517,1728.4843401944022,360.981259988081,22.0,DoS
50.18534775431755,24.0,36.0,9524.0,7450.0,1151.0,987.0,1628.6387150708129,2.2330535121465798,1386082.4818374969,443.0,NORMAL
28.036920538999482,20.0,48.0,4770.0,9730.0,1383.0,738.0,1014.951454541794,7.0273404849851895,1866870.0380651264,443.0,NORMAL
1.5977398576368593,26.0,34.0,1095.0,10963.0,1155.0,339.0,315.0021125203849,2.2113017577559595,470701.0307783723,443.0,NORMAL
37.33515578508077,11.0,47.0,2446.0,1528.0,1383.0,1163.0,1867.9135572017472,8.525752499435363,1760518.5332199552,443.0,NORMAL
52.32388536166557,42.0,25.0,11846.0,6912.0,610.0,563.0,379.87255685259674,8.897929225687882,1254769.125367064,443.0,NORMAL
0.9148779965553845,3.0,1.0,163.0,120.0,100.0,81.0,516.9305956452572,16.331263774744105,35702.87068069281,53.0,NORMAL
1.2749238185178395,3.0,2.0,99.0,186.0,57.0,159.0,4011.576914566289,18.687124312063926,361194.40885870927,53.0,NORMAL
7.447169912104067,4.0,4.0,8848.0,1507.0,738.0,854.0,3820.3140394797188,8.318570510212977,456337.4430119593,80.0,NORMAL
0.12879777805367348,1.0,0.0,71.0,0.0,61.0,0.0,1712.0229009638604,73.19209977440967,9849.662876740667,18287.0,PortScan
0.6540003026830767,1.0,2.0,39.0,192.0,62.0,137.0,4597.797327258143,12.926042254476172,445363.79878927703,53.0,NORMAL
0.19258625677343305,2.0,3.0,148.0,156.0,79.0,111.0,2963.9227171459274,17.301989192428007,136088.661397276,53.0,NORMAL
1.3057601773270349,3714.0,0.0,116282.0,0.0,58.0,0.0,195229.59213553887,2628.813003776336,124.38797086830958,443.0,DoS
26.97908168373259,10.0,6.0,8740.0,16624.0,1199.0,1271.0,1162.1124240731913,7.423233854157644,792473.7110853227,443.0,NORMAL
48.894417497318116,48.0,48.0,10551.0,8425.0,672.0,358.0,656.3444246990904,6.068428079548751,1255927.6109846113,443.0,NORMAL
37.07579989064422,8.0,28.0,14568.0,4444.0,572.0,951.0,879.1703981961905,3.204514015094723,1293599.1466158708,443.0,NORMAL
2.6176961900438314,9.0,3.0,258.0,360.0,52.0,57.0,120.1500733526387,6.383064496393335,216187.51098433553,22.0,BruteForce
53.52268515553429,46.0,29.0,12118.0,7385.0,919.0,691.0,371.48707496530767,8.09796881887101,182846.428813804,443.0,NORMAL
46.4870636173191,26.0,42.0,13082.0,17023.0,713.0,552.0,1234.2245450065031,6.863087913858846,682855.0592406079,443.0,NORMAL
0.3927814207373889,2.0,2.0,107.0,228.0,60.0,144.0,4570.885748246201,4.004043986539038,129364.12919171405,53.0,NORMAL
1.5622518685020403,3.0,3.0,175.0,230.0,92.0,108.0,868.818044673458,7.965460175138546,492772.85510091734,53.0,NORMAL
41.92346539095392,15.0,39.0,11590.0,11107.0,1243.0,693.0,1055.8300806097786,8.701390721136239,1007465.7824510833,443.0,NORMAL
50.8906574164045,41.0,26.0,11634.0,17388.0,936.0,510.0,752.1373324383478,9.06192057247785,1487950.318994044,443.0,NORMAL
2.152780054066673,4.0,4.0,401.0,299.0,125.0,63.0,134.70432699813904,4.604291774908138,415792.3887736794,21.0,BruteForce
1.9243452844093025,4692.0,0.0,127716.0,0.0,48.0,0.0,691823.2905591606,2199.7708974285338,41.25647129209305,80.0,DoS
0.6454405323293041,1.0,3.0,193.0,138.0,49.0,153.0,4138.756184973125,9.515150724394822,70868.62153821805,53.0,NORMAL
0.1594696814609203,2881.0,0.0,149707.0,0.0,44.0,0.0,483533.6316399079,9016.22468998374,89.59410552988157,80.0,DoS
55.176106113850786,43.0,32.0,13941.0,16579.0,1169.0,829.0,461.29233953395993,9.262069084047356,777798.9108950049,443.0,NORMAL
1.3217302868655643,1937.0,0.0,69749.0,0.0,55.0,0.0,945928.7857204492,4025.8811099475547,266.56087748487977,443.0,DoS
44.03134285119179,34.0,34.0,7645.0,13076.0,1131.0,776.0,221.2788848496157,8.300850205537456,1127222.1711094659,443.0,NORMAL
56.30589592333001,36.0,10.0,1107.0,2286.0,955.0,1203.0,1792.2167339331727,0.7055865547585545,1605820.7296172143,443.0,NORMAL
21.12281956918797,23.0,21.0,7942.0,32758.0,1356.0,633.0,2943.269852735489,5.19795709987515,443259.6457590667,80.0,NORMAL
0.16339323245774207,2.0,1.0,73.0,154.0,50.0,133.0,2983.367221514605,12.40681112457024,256176.93789712782,53.0,NORMAL
28.17183033917426,46.0,44.0,1246.0,18215.0,270.0,329.0,528.2640180607204,4.99506795822368,915751.2008693458,443.0,NORMAL
22.24297748815772,21.0,42.0,8399.0,12329.0,1012.0,131.0,1744.2136629940082,2.31551116188805,1191558.2222526558,443.0,NORMAL
59.73081345528728,27.0,22.0,13083.0,6626.0,670.0,1329.0,356.93444282429937,5.944171255910848,277609.94976059115,443.0,NORMAL
24.410510638758268,11.0,19.0,9660.0,13711.0,963.0,832.0,3490.3146675790263,9.901884317363889,992739.9883215859,80.0,NORMAL
27.91795402837698,42.0,32.0,11925.0,7240.0,1074.0,190.0,1983.4063476155825,6.24393533592141,935551.9705540404,443.0,NORMAL
36.43049476558555,23.0,15.0,13318.0,19240.0,716.0,1349.0,1053.6065427650628,8.69487196671459,1203009.8584696995,443.0,NORMAL
1.3945037507844722,1.0,2.0,125.0,120.0,68.0,101.0,4768.544995927279,9.738301468783854,493850.28435749316,53.0,NORMAL
53.43613671226966,17.0,22.0,1537.0,2439.0,1366.0,140.0,1102.2992549817372,6.416779767152875,724147.9474258726,443.0,NORMAL
30.305029946258845,6.0,9.0,10786.0,9820.0,1256.0,1227.0,1049.1683911664472,0.5029172128206771,606368.6907635969,443.0,NORMAL
44.65434312524889,23.0,8.0,11986.0,11678.0,1120.0,731.0,1489.1491070324046,8.265770387524856,1552647.7821139311,443.0,NORMAL
45.390097236823124,47.0,8.0,10900.0,11281.0,410.0,979.0,1395.619816275466,9.843185455097862,1974900.8965831576,443.0,NORMAL
53.77858138675139,47.0,35.0,1480.0,18946.0,936.0,173.0,1941.8602138757549,9.507967087246913,142275.23844092787,443.0,NORMAL
41.44835194650931,13.0,18.0,9104.0,18504.0,1117.0,882.0,1318.8261945306174,5.396056142074414,741023.6064179767,443.0,NORMAL
33.67740277967793,30.0,38.0,4561.0,7412.0,768.0,1362.0,1821.1350712058015,9.023040850862342,279604.6516009416,443.0,NORMAL
21.620875953122308,19.0,18.0,14293.0,2104.0,392.0,1297.0,1330.735946443408,5.523039609627903,1696769.687044607,443.0,NORMAL
0.06586526744007494,1828.0,0.0,145003.0,0.0,44.0,0.0,917204.671019351,9845.192433888256,131.94221960956833,80.0,DoS
12.433091574073538,27.0,19.0,3051.0,47192.0,553.0,1005.0,485.9053536340879,13.939178819890586,848414.308106042,80.0,NORMAL
2.481569943981343,12.0,19.0,2572.0,42896.0,1356.0,1279.0,217.4228002866176,5.956640624148525,663329.3991565245,80.0,NORMAL
22.078711519534753,29.0,5.0,8515.0,27384.0,1253.0,286.0,3048.995405056929,7.512041976284229,78844.51500161934,80.0,NORMAL
2.305289540210838,42.0,35.0,5150.0,6271.0,800.0,1328.0,1715.1596405282087,3.667471013737157,1992690.5179812277,443.0,NORMAL
6.2680819470088025,21.0,16.0,2551.0,1038.0,915.0,970.0,367.9886038090816,4.5716297674041275,1292843.6152330101,443.0,NORMAL
21.06726767589814,18.0,27.0,897.0,10016.0,1254.0,136.0,2741.3259324592223,2.4607587815162937,914986.5764932437,80.0,NORMAL
0.2582565823252995,1.0,0.0,61.0,0.0,59.0,0.0,2199.613198557587,26.67614160780094,9729.357880513011,43460.0,PortScan
2.4273140695899595,22.0,17.0,14860.0,18242.0,1123.0,1131.0,1343.6953769308632,8.096948631110735,507830.34266337636,443.0,NORMAL
0.4736640062253756,1.0,3.0,131.0,289.0,116.0,96.0,2545.4183319124195,12.048232891600232,168869.8013424659,53.0,NORMAL
1.267078209717983,3.0,3.0,199.0,95.0,106.0,144.0,1952.3197143167517,17.198006724214476,406942.18102521525,53.0,NORMAL
11.251933995008883,8.0,28.0,3999.0,8245.0,1201.0,1000.0,451.3050509240788,6.370987920721399,518128.65803423757,443.0,NORMAL
0.06363997199828113,3.0,1.0,135.0,106.0,94.0,143.0,4637.2435319500155,16.630887095607946,467639.2475821145,53.0,NORMAL
1.3826676747686886,2.0,1.0,155.0,149.0,107.0,113.0,4577.181728115143,9.455780426093106,98791.27404619842,53.0,NORMAL
5.0685229650288495,32.0,29.0,8790.0,6930.0,814.0,1324.0,791.2821495099322,2.710442679809809,1573936.0021783886,443.0,NORMAL
0.6361969271955036,3.0,1.0,80.0,135.0,104.0,72.0,4429.777504122345,4.035343902141709,40217.87498121169,53.0,NORMAL
3.384232686883147,5.0,6.0,166.0,321.0,137.0,93.0,143.16548189802995,6.469505674642491,463767.45373845584,21.0,BruteForce
1.7083123063231944,2.0,2.0,39.0,202.0,107.0,95.0,821.6464077758893,13.225271724847675,276223.2421577854,53.0,NORMAL
55.33002302112553,24.0,29.0,8637.0,1287.0,1392.0,694.0,1491.2564753911893,2.6253944587811966,931618.6726269523,443.0,NORMAL
40.57320640244421,29.0,11.0,5412.0,19510.0,1260.0,1062.0,462.8409057425739,8.580953125729325,175485.3913929126,443.0,NORMAL
21.537639996929,30.0,23.0,6772.0,15002.0,514.0,851.0,875.5128633129543,2.0469053853798966,861640.1537293603,443.0,NORMAL
17.0565630965678,7.0,27.0,13669.0,3343.0,1197.0,527.0,612.3087139116844,7.71163140805047,1354222.4826377926,443.0,NORMAL
16.35692459639418,49.0,34.0,11793.0,2810.0,1366.0,604.0,1814.6617244904892,1.259866600436618,1398075.9163014945,443.0,NORMAL
0.2732680942569338,2.0,2.0,196.0,213.0,110.0,89.0,4331.98640649358,11.108992947280898,152338.87460522194,53.0,NORMAL
29.743322821020275,9.0,26.0,7814.0,35057.0,1272.0,1243.0,2183.9326187578663,2.1495163108080186,916205.0483913054,80.0,NORMAL
1.886501336413241,1.0,1.0,129.0,159.0,97.0,175.0,4310.128212505858,9.903474092651166,212037.393548875,53.0,NORMAL
0.27315784757720946,3.0,2.0,189.0,186.0,105.0,163.0,700.7165659757333,12.02647040308438,317229.4586636592,53.0,NORMAL
0.08329665811435866,2.0,3.0,68.0,113.0,41.0,69.0,4141.230361828852,17.48228236194111,106161.9311077428,53.0,NORMAL
5.816168939804785,16.0,41.0,11482.0,13877.0,1283.0,1190.0,1686.7397103520877,2.478544302041906,1217290.6648567116,443.0,NORMAL
33.15658821491936,43.0,22.0,7702.0,16059.0,987.0,1374.0,1374.306752860956,7.365178179284775,203878.83675735365,443.0,NORMAL
21.93150621832307,18.0,14.0,14752.0,4692.0,801.0,532.0,1399.0962678607107,7.867865965441067,1569733.9509980467,443.0,NORMAL
21.204430751248086,28.0,36.0,1949.0,10664.0,621.0,775.0,1783.896630606645,7.42948993591544,610542.5780697304,443.0,NORMAL
5.684988493938742,13.0,25.0,4017.0,16818.0,187.0,524.0,1702.3861448567802,1.1268185796040253,1763992.9838234384,443.0,NORMAL
44.5173557937446,13.0,10.0,3590.0,6158.0,789.0,1078.0,1437.5732515428601,7.49918528064852,959693.0957872506,443.0,NORMAL
4.273802451730296,5.0,7.0,249.0,202.0,76.0,114.0,159.0083071973529,9.98831732993451,311024.1465968273,21.0,BruteForce
1.2532230522246959,1.0,2.0,71.0,82.0,69.0,149.0,2228.0105329849684,19.322319416893517,246040.9964337487,53.0,NORMAL
53.62045654383335,6.0,23.0,3356.0,6046.0,967.0,354.0,915.6603439359252,9.178844280473378,1368303.1415999848,443.0,NORMAL
5.368634452311332,30.0,46.0,9983.0,11529.0,563.0,864.0,1445.4882067071421,5.342628910330789,1790504.054837798,443.0,NORMAL
26.08846294082394,11.0,8.0,11582.0,13198.0,185.0,634.0,1170.9515293065288,8.99754693528437,907811.1148451009,443.0,NORMAL
1.5996329345323486,2.0,3.0,113.0,57.0,59.0,92.0,1188.560746927676,5.297697872054738,244805.77255582903,53.0,NORMAL
27.68677878657971,19.0,10.0,7981.0,6302.0,176.0,929.0,1990.214633417406,7.108463581328735,643823.8919488564,443.0,NORMAL
0.018429701605310034,2547.0,0.0,27465.0,0.0,46.0,0.0,125533.19714693268,2960.300704384682,190.6252829279605,22.0,DoS
38.99597305110193,6.0,18.0,14333.0,17738.0,372.0,947.0,989.3938844542502,6.8744475792690025,1816124.8874447786,443.0,NORMAL
0.5525839736753224,1.0,1.0,187.0,220.0,63.0,109.0,1329.551217898939,8.909336981762774,337349.54244249157,53.0,NORMAL
22.274015318005315,23.0,12.0,5707.0,7387.0,535.0,1228.0,2060.8516198832895,11.284686761447912,762414.1557888085,80.0,NORMAL
0.37688577363343884,1.0,0.0,66.0,0.0,68.0,0.0,3548.2586086818155,75.08669195557671,6176.536275099011,171.0,PortScan
42.36902183382532,20.0,28.0,8074.0,18094.0,761.0,915.0,1548.5972811268746,3.1723005575183265,1166113.5328453495,443.0,NORMAL
0.5516762871603653,1.0,3.0,172.0,277.0,102.0,96.0,4300.90086425185,14.04215417804953,39277.9858334551,53.0,NORMAL
12.226741973860856,14.0,7.0,9217.0,35180.0,378.0,1089.0,2439.863373722242,5.893849232960711,863106.8652493738,80.0,NORMAL
47.87641712495417,38.0,24.0,6633.0,1703.0,1168.0,184.0,1367.7933273664632,7.482457252512005,862349.262529943,443.0,NORMAL
4.470581032929111,5.0,6.0,350.0,305.0,71.0,88.0,395.9957901391035,3.9701420975680053,424848.6530610421,22.0,BruteForce
40.316739401114184,28.0,6.0,14935.0,12377.0,1357.0,309.0,1052.844481518521,2.8059592482728264,582369.7948411421,443.0,NORMAL
17.724938041786388,9.0,15.0,1154.0,44606.0,1260.0,557.0,256.38509707102395,5.24816243731064,103172.76051874866,80.0,NORMAL
0.3131989558871424,2.0,2.0,111.0,298.0,69.0,108.0,1631.403952191314,4.967317038648536,140584.45938590993,53.0,NORMAL
19.81956218733192,33.0,11.0,9160.0,17568.0,615.0,442.0,1508.6504473315244,3.6226251785640042,521820.0151212098,443.0,NORMAL
20.288965363946666,18.0,11.0,13595.0,2369.0,306.0,776.0,284.126025887841,3.8472909123660894,542684.8998372854,443.0,NORMAL
0.6940457499471933,1.0,1.0,76.0,271.0,42.0,106.0,4417.106812816282,1.2783376233161905,114483.27147599417,53.0,NORMAL
0.1416329786929505,1.0,0.0,75.0,0.0,54.0,0.0,4462.122221787806,35.82140107044909,5212.486195368644,62345.0,PortScan
0.9632679307128802,1631.0,0.0,142016.0,0.0,42.0,0.0,953523.8258576025,3815.6547260424572,412.0528349961859,22.0,DoS
1.5180697481206047,3.0,3.0,91.0,59.0,93.0,94.0,3028.930484914437,12.564217167025701,316154.03189513495,53.0,NORMAL
5.096006722019508,12.0,36.0,12125.0,12412.0,386.0,390.0,1770.160746565295,6.589161761974653,622859.2376123292,443.0,NORMAL
16.67040251273366,19.0,7.0,9904.0,5242.0,1320.0,931.0,287.85519460193683,6.9202412309528745,1955975.7115641185,443.0,NORMAL
0.29854157347327637,1.0,3.0,142.0,103.0,89.0,122.0,3981.096831055124,9.59902066313339,207165.6797360179,53.0,NORMAL
1.087765648763816,3.0,2.0,125.0,174.0,110.0,87.0,1741.2072335865453,18.690877616212656,353673.7004208867,53.0,NORMAL
2.1271256219862753,4.0,4.0,102.0,275.0,56.0,110.0,64.46249783966832,4.690382501008356,318927.74413281004,22.0,BruteForce
17.17022377118927,6.0,29.0,2613.0,13329.0,500.0,887.0,1675.3876659947912,1.7100723090145846,1251373.9135036087,443.0,NORMAL
45.331130075713695,32.0,25.0,14965.0,8816.0,1269.0,185.0,1389.8417692624757,9.103956536081316,557872.6201379597,443.0,NORMAL
4.446175120768693,8.0,6.0,118.0,385.0,107.0,113.0,128.72439356609337,2.466670092938596,345774.73957368114,21.0,BruteForce
0.13602785649827162,2752.0,0.0,126866.0,0.0,56.0,0.0,511278.51150039275,7418.642784797527,234.76081473012283,22.0,DoS
19.072496427914547,6.0,36.0,14644.0,7608.0,116.0,399.0,1429.4199318189937,4.237933828032652,330380.15305154223,443.0,NORMAL
0.4021591802800589,2235.0,0.0,126413.0,0.0,58.0,0.0,861145.8953939328,3891.394922548471,470.8697842867747,22.0,DoS
52.22807781909445,33.0,22.0,13894.0,13666.0,227.0,709.0,262.25561505665405,1.6865871005799278,1006036.4544034215,443.0,NORMAL
33.40437321766111,32.0,22.0,12530.0,11652.0,1138.0,795.0,1071.7413844434836,7.004380460450687,250674.7020314341,443.0,NORMAL
44.10838010411552,7.0,38.0,13489.0,2659.0,1250.0,1093.0,1781.3355687027877,5.440594464253827,1063350.8961448157,443.0,NORMAL
0.504613620316114,2.0,3.0,66.0,89.0,87.0,75.0,112.75796642602586,8.65000199810294,381405.3257057242,53.0,NORMAL
1.1785841212675152,3602.0,0.0,167664.0,0.0,51.0,0.0,588197.357776579,3635.711540245415,170.45031983631165,443.0,DoS
4.674113247031251,27.0,10.0,2758.0,19588.0,617.0,553.0,1246.236406956118,1.9494010039603635,110807.62470581637,443.0,NORMAL
7.6422430343042835,11.0,20.0,11220.0,17107.0,1200.0,401.0,787.4339992674313,4.68265212298746,1039353.7352710986,443.0,NORMAL
48.54959860693965,30.0,39.0,3303.0,16945.0,758.0,962.0,1199.1724055779462,0.9093000534902109,711571.3366836291,443.0,NORMAL
37.285426375251014,40.0,21.0,1777.0,7615.0,992.0,987.0,200.2883659798132,4.9983315835401125,175231.58641824784,443.0,NORMAL
0.18689109557963537,1030.0,0.0,134480.0,0.0,41.0,0.0,304944.45145732374,7478.90253090363,254.0048045288975,443.0,DoS
15.807033019077581,27.0,33.0,12911.0,19168.0,868.0,1318.0,493.30157996028584,5.783615646472658,1866404.2596818865,443.0,NORMAL
0.8191323316660883,2.0,2.0,52.0,278.0,47.0,136.0,218.0884469864576,15.428572496260072,147448.95661549765,53.0,NORMAL
2.5654000285553633,39.0,34.0,6205.0,2019.0,377.0,1294.0,510.0412541954505,1.6225450660725211,970704.4165539357,443.0,NORMAL
1.8699071977298811,2.0,1.0,46.0,186.0,65.0,130.0,3690.7564431541,11.71687905245374,389130.5834446171,53.0,NORMAL
44.11843693386306,47.0,9.0,13494.0,2620.0,783.0,832.0,1297.4537435275183,3.6453957740033798,1485709.4208819862,443.0,NORMAL
1.403965169999128,3.0,1.0,107.0,173.0,113.0,155.0,3422.86847453506,18.86538359456253,68337.5990310618,53.0,NORMAL
35.989615717020264,28.0,15.0,13841.0,7086.0,468.0,325.0,1375.5266530345216,1.7081833828228348,832041.359464567,443.0,NORMAL
48.1241373076199,33.0,29.0,12629.0,2976.0,565.0,301.0,1588.1478658681283,1.7953610535521964,138127.48127323677,443.0,NORMAL
51.90502757505048,49.0,15.0,11208.0,12663.0,258.0,1072.0,1199.2641048783278,4.619390810471276,1192589.6162435054,443.0,NORMAL
0.8657234842966537,2.0,1.0,109.0,282.0,75.0,114.0,413.677946410835,6.798214264381432,227616.54328164016,53.0,NORMAL
0.1222646015935817,1.0,3.0,136.0,215.0,109.0,157.0,4833.31500287598,11.04517316267722,169421.4171349318,53.0,NORMAL
1.2211103392299578,731.0,0.0,45378.0,0.0,56.0,0.0,111878.2741431003,4600.789780957239,291.94954711766474,80.0,DoS
1.7254495450413525,2.0,3.0,182.0,292.0,70.0,64.0,1625.3463137811295,7.6995896793954115,385867.5621925801,53.0,NORMAL
0.7823561945335471,2.0,3.0,181.0,93.0,100.0,114.0,2326.6003892878985,1.5560437615791956,444733.38659043144,53.0,NORMAL
0.2706539884981457,2.0,2.0,45.0,88.0,114.0,150.0,3269.7602284320033,13.104081003153611,229018.4442412709,53.0,NORMAL
16.646939693221803,19.0,45.0,4888.0,12043.0,645.0,1351.0,1292.1466586521901,3.7109622974632677,967595.079387169,443.0,NORMAL
44.726118308113485,32.0,45.0,10230.0,2740.0,158.0,747.0,1467.5466847367309,9.172376579615621,512295.717514602,443.0,NORMAL
0.05538915184276379,2827.0,0.0,65679.0,0.0,53.0,0.0,975099.1484157122,5431.9796412383885,171.19125492605906,443.0,DoS
21.52074326622939,11.0,26.0,9659.0,4055.0,993.0,154.0,784.0397819235567,6.0667071976490075,689468.20690646,443.0,NORMAL
26.055701320641877,10.0,7.0,9871.0,34557.0,503.0,826.0,2122.6609494193845,5.620615192208064,581572.4307747276,80.0,NORMAL
22.648243787382327,7.0,26.0,4873.0,33337.0,1063.0,308.0,3798.089873876217,4.0157295250030245,859802.2044835873,80.0,NORMAL
28.84221842498064,15.0,3.0,5605.0,46647.0,268.0,660.0,1773.2125058938436,11.234637509073295,270462.8790579709,80.0,NORMAL
0.39884419023092005,1.0,0.0,78.0,0.0,48.0,0.0,825.921582158028,87.96026404166882,5447.982207487428,13032.0,PortScan
38.22438562352064,22.0,44.0,1510.0,9684.0,395.0,181.0,1255.333850628255,6.302810968057302,1816665.4001784113,443.0,NORMAL
6.035630416639988,17.0,47.0,11413.0,4774.0,1230.0,520.0,1319.8258108829582,6.860069546455265,890095.9647180808,443.0,NORMAL
0.8136210959248961,2.0,3.0,30.0,184.0,73.0,140.0,1637.2294507092558,5.370234460288127,290663.94816929265,53.0,NORMAL
13.913651980664733,29.0,5.0,6008.0,20727.0,247.0,220.0,2775.6593613306336,14.297503807177083,715083.919465818,80.0,NORMAL
14.04812463123538,26.0,3.0,4697.0,32382.0,1341.0,308.0,2527.6803521614,13.395738835543462,725397.2565938683,80.0,NORMAL
7.548887828687575,20.0,17.0,9651.0,2996.0,386.0,1018.0,765.3069107392621,6.72024402080938,536694.0920175212,443.0,NORMAL
8.01117249661864,8.0,4.0,1759.0,35590.0,1353.0,633.0,1627.9340052951034,8.941537714037247,337843.1913701542,80.0,NORMAL
45.50064732124277,41.0,31.0,7486.0,16782.0,124.0,203.0,376.4170342385943,0.6446134791691627,1202047.1244022425,443.0,NORMAL
12.007633474276114,26.0,20.0,5568.0,6445.0,632.0,1143.0,141.11940975564778,4.680314953538051,830203.5073709063,443.0,NORMAL
53.541109563653805,30.0,12.0,6873.0,10088.0,1091.0,966.0,1603.062870903257,8.954621155345523,1486497.4498449508,443.0,NORMAL
36.32085056762516,18.0,17.0,13612.0,14829.0,206.0,918.0,1131.7237690272566,5.974933788946037,1837502.7014171092,443.0,NORMAL
0.17601444100019564,3.0,2.0,165.0,168.0,85.0,158.0,3564.4923798223954,8.918327041705625,159244.19895729734,53.0,NORMAL
4.506066262328685,21.0,16.0,5000.0,23087.0,517.0,100.0,3719.457362577375,1.5928124297096597,259726.1885454902,80.0,NORMAL
52.24734856317816,6.0,20.0,3515.0,4952.0,725.0,1341.0,1673.4061676097842,5.1189825409385055,1083086.9587521064,443.0,NORMAL
10.203676699835956,20.0,20.0,14091.0,19781.0,261.0,644.0,102.70888374631198,8.53661397151862,816204.8312161401,443.0,NORMAL
10.073279055665102,10.0,19.0,5159.0,49170.0,1048.0,414.0,832.356925140273,2.1075307497834284,581169.717788364,80.0,NORMAL
9.2666773702207,46.0,6.0,6944.0,16501.0,944.0,1347.0,1174.7035577312588,4.681260693867864,240113.91376820527,443.0,NORMAL
46.745422873785,32.0,38.0,8380.0,6082.0,1325.0,131.0,881.7288511106585,7.30567229990666,1158031.6359007976,443.0,NORMAL
0.4534501179314505,1.0,3.0,106.0,198.0,70.0,168.0,4705.519453473012,6.906389128919814,464694.2858996363,53.0,NORMAL
25.64824014787269,33.0,7.0,2115.0,15892.0,1352.0,217.0,406.04093833199045,8.469090050511586,1033418.5443984965,443.0,NORMAL
49.52955286866761,20.0,24.0,13876.0,3530.0,531.0,1380.0,772.1026802818163,3.272593676207602,1144778.7630267292,443.0,NORMAL
54.976999023006464,23.0,6.0,9848.0,19921.0,1231.0,1196.0,1715.9920082494516,1.2088810279027278,1427597.8397855712,443.0,NORMAL
1.4213174260979722,1124.0,0.0,115287.0,0.0,58.0,0.0,852401.8283482973,4791.29924516993,180.65126007040786,80.0,DoS
49.723188283321,47.0,15.0,12957.0,1020.0,1234.0,938.0,1078.4769239828825,9.628418227637251,509755.5454669402,443.0,NORMAL
53.751563849461796,28.0,32.0,6373.0,2374.0,723.0,1023.0,1548.1814685595566,1.1129629054276253,120988.08410763193,443.0,NORMAL
1.2520349349734226,1.0,2.0,183.0,191.0,108.0,173.0,3173.375082776953,1.1135219737927948,131824.20267562888,53.0,NORMAL
1.8717506796158212,4977.0,0.0,147220.0,0.0,54.0,0.0,557970.8403991214,7018.882333215155,55.026709202549306,80.0,DoS
2.5014178344393017,47.0,38.0,14355.0,4767.0,689.0,790.0,1270.7835312588634,4.98860774102813,1048448.6964646681,443.0,NORMAL
1.0888946339714645,1.0,1.0,181.0,141.0,104.0,139.0,1230.3478755139752,12.318014527558114,250428.16215893993,53.0,NORMAL
1.7675609291374257,3.0,2.0,119.0,62.0,74.0,70.0,549.5885263909986,2.773545965064167,103148.24929083363,53.0,NORMAL
5.3012082867063075,45.0,20.0,7096.0,7256.0,575.0,1170.0,316.14727125066554,1.4667750672379725,326239.5093672078,443.0,NORMAL
3.1912118811887336,21.0,14.0,8515.0,32077.0,573.0,1112.0,4880.228252387386,13.441362165354663,127779.37444609005,80.0,NORMAL
31.62452766358795,5.0,9.0,11951.0,12755.0,311.0,142.0,1324.4179376777752,8.24569653616544,1615801.5814118737,443.0,NORMAL
0.07216363963208886,1.0,0.0,54.0,0.0,47.0,0.0,1310.5209973028775,77.74804943991955,7235.231242183671,28282.0,PortScan
49.60363266905639,5.0,20.0,2793.0,12924.0,424.0,404.0,1926.136363518263,7.639854501880639,329081.13221471873,443.0,NORMAL
18.305208036053315,18.0,33.0,1244.0,7820.0,824.0,1357.0,1059.6211899419923,7.412459260424586,236988.23138534187,443.0,NORMAL
0.12842552055853323,2921.0,0.0,42427.0,0.0,44.0,0.0,380393.7685847504,3404.256370994762,108.73522740556251,80.0,DoS
33.30795019307044,31.0,7.0,14767.0,16797.0,625.0,455.0,1467.5957986897408,3.3376585627716784,326110.24236469885,443.0,NORMAL
1.8960971544280276,3.0,3.0,169.0,131.0,68.0,138.0,3540.1479398818524,5.394701388481942,369688.8614748767,53.0,NORMAL
0.21697689322725017,2.0,2.0,64.0,271.0,109.0,89.0,4195.021245852873,8.763951260666381,109790.1338388247,53.0,NORMAL
0.20833120710024933,1.0,0.0,52.0,0.0,63.0,0.0,3043.0222355808974,20.64651162336075,370.89705845188973,45544.0,PortScan
18.40740175159522,10.0,13.0,6247.0,8008.0,944.0,932.0,728.6184292580255,9.012538531230854,1331132.1793202774,443.0,NORMAL
56.50007546180509,17.0,22.0,12648.0,18997.0,582.0,1173.0,790.4284048933432,5.747899435246082,1373204.1537544264,443.0,NORMAL
0.6035447492210378,3.0,3.0,187.0,184.0,79.0,130.0,1473.8414340622135,13.368322119337513,61662.70558672826,53.0,NORMAL
50.81706788163734,5.0,21.0,13426.0,6309.0,356.0,1220.0,167.45640056540148,7.933803541518913,1079967.3465800749,443.0,NORMAL
23.744061450053515,14.0,28.0,2999.0,2869.0,247.0,1076.0,1711.8652755554526,12.154412179547387,354322.7358604321,80.0,NORMAL
5.460697396388296,13.0,23.0,8076.0,12548.0,265.0,450.0,915.4268527422179,8.772859447390529,1635519.7907338245,443.0,NORMAL
11.555871244198045,3.0,27.0,9871.0,5275.0,1168.0,1399.0,1120.656308332189,1.0474653031676817,307050.72124797484,80.0,NORMAL
0.2517954386971033,1.0,0.0,76.0,0.0,64.0,0.0,4231.945904888833,3.1466722189620935,4840.407292769992,64607.0,PortScan
54.65782204529728,19.0,33.0,7855.0,12341.0,1303.0,1040.0,587.04928385979,3.4830035683152034,592328.1981157034,443.0,NORMAL
1.8069272729678103,2.0,2.0,49.0,296.0,51.0,142.0,1173.5921028635505,13.562589718555627,72059.8747977996,53.0,NORMAL
0.15771196057822476,2.0,1.0,86.0,238.0,95.0,168.0,2746.7597993065738,14.169070379804323,340748.1892763822,53.0,NORMAL
5.318559502338175,16.0,28.0,7401.0,9983.0,1393.0,869.0,780.8135643198281,6.094340972832891,1544042.5962670166,443.0,NORMAL
1.4698257698830168,2.0,3.0,111.0,270.0,110.0,144.0,2578.055475668681,8.778345082743307,122873.48935831546,53.0,NORMAL
27.570707755419345,7.0,30.0,6396.0,3628.0,1081.0,614.0,1329.2347996404865,9.542896154730741,380220.6085289461,443.0,NORMAL
17.935249857319853,19.0,41.0,13459.0,19006.0,1016.0,1039.0,1258.1655616191388,4.5500368346409905,227633.31940512662,443.0,NORMAL
1.855105250801508,2995.0,0.0,144377.0,0.0,55.0,0.0,329819.23432895425,4718.126019783693,328.92518295750904,443.0,DoS
35.037329192955184,25.0,48.0,10156.0,16074.0,825.0,1048.0,1255.1776392734216,7.381445712350575,151458.9441735947,443.0,NORMAL
9.314529273510995,7.0,47.0,8345.0,1619.0,1226.0,294.0,1611.8826584426927,5.2498435502459335,188844.02624121585,443.0,NORMAL
21.944782044084302,29.0,44.0,3800.0,6521.0,575.0,474.0,1932.4726097310736,1.2155404041732645,636315.0277732909,443.0,NORMAL
0.9318411041173089,1.0,3.0,85.0,272.0,110.0,153.0,1330.1516233167163,11.81479149064046,233876.92389146172,53.0,NORMAL
0.757755193228755,3.0,3.0,115.0,289.0,91.0,77.0,2698.0995811715998,8.259964550220335,52289.392895944,53.0,NORMAL
1.7630307909649074,1.0,2.0,31.0,76.0,46.0,94.0,412.97811462851996,12.30347525407021,383078.59378935135,53.0,NORMAL
26.199359528949124,49.0,16.0,1382.0,13186.0,801.0,377.0,182.1178807844187,3.6952360659472845,1202222.3627798585,443.0,NORMAL
23.639261858694745,12.0,24.0,3967.0,6455.0,1310.0,340.0,3639.5897573033294,6.113851856224428,917730.2017391329,80.0,NORMAL
10.881472353285115,15.0,39.0,5587.0,18601.0,1101.0,708.0,1044.0670442049116,7.003662476105105,386175.264215151,443.0,NORMAL
16.298508773080652,15.0,45.0,6315.0,16629.0,935.0,206.0,1732.2476194556511,8.81221694253969,1030466.5822978049,443.0,NORMAL
1.0688864377299738,1704.0,0.0,108044.0,0.0,44.0,0.0,787543.7368844365,1510.3339046573094,316.44100873124484,22.0,DoS
0.9867519703998228,2111.0,0.0,39042.0,0.0,50.0,0.0,875151.8290613521,8760.073603161909,279.30767834650374,22.0,DoS
52.36412707771441,15.0,5.0,1114.0,3542.0,679.0,594.0,1030.2235784056406,9.058359040387721,1540979.3618114188,443.0,NORMAL
1.573320287265311,1.0,3.0,170.0,269.0,43.0,157.0,1920.4453201818828,14.428210167948848,462891.25161419663,53.0,NORMAL
20.941749290112817,7.0,3.0,4532.0,17807.0,785.0,668.0,222.45351773762306,6.501933838135861,546052.5101777525,80.0,NORMAL
0.2666272151871958,1.0,0.0,65.0,0.0,53.0,0.0,2590.0002515273363,28.74290794596314,6937.232852446918,40579.0,PortScan
1.8888541228447142,1.0,3.0,189.0,68.0,109.0,165.0,4575.64566309278,12.025614748620146,461174.61462013924,53.0,NORMAL
0.993564246616505,3739.0,0.0,119361.0,0.0,45.0,0.0,989962.1156522657,4131.046122017671,84.32288794295032,443.0,DoS
0.8988493932959931,2.0,1.0,177.0,182.0,86.0,150.0,1630.6874954513605,14.06156329240013,320384.5312461621,53.0,NORMAL
0.5334281724391885,1901.0,0.0,36587.0,0.0,43.0,0.0,316512.77812526503,4271.256908449999,302.7377758960843,443.0,DoS
12.55065410104666,26.0,12.0,6971.0,4708.0,1083.0,107.0,2647.050592849962,4.254053697481359,212247.86427206613,80.0,NORMAL
37.71825261241752,39.0,37.0,8642.0,13549.0,322.0,169.0,818.4925391056847,4.460949154575063,1165724.303333705,443.0,NORMAL
46.052741855425886,44.0,13.0,6558.0,2080.0,130.0,657.0,736.1729179551662,3.6665192440697987,945903.0319251316,443.0,NORMAL
8.535095534478856,47.0,9.0,1267.0,2185.0,811.0,695.0,382.5287047653416,8.152505192847816,761768.8930337576,443.0,NORMAL
20.377044332582738,5.0,8.0,5870.0,40218.0,797.0,824.0,631.2195654938458,12.148602189553062,279024.3903393935,80.0,NORMAL
15.149184510370992,6.0,29.0,761.0,17051.0,779.0,824.0,1727.4125049327959,4.178749382728498,981144.0929925509,80.0,NORMAL
0.2771217885176196,3.0,3.0,171.0,297.0,75.0,106.0,906.8433066312588,14.666698802647227,126658.63275242154,53.0,NORMAL
8.720858003086512,24.0,9.0,8602.0,41307.0,369.0,784.0,450.73947394167425,1.8891514252350017,160781.0580608796,80.0,NORMAL
1.0086220305619977,2.0,3.0,113.0,244.0,117.0,165.0,4563.2821371574655,10.610116860822497,134126.02733705787,53.0,NORMAL
56.54642371781498,32.0,42.0,5659.0,9463.0,620.0,1020.0,251.61438846296906,6.205297732575978,1851067.0242328448,443.0,NORMAL
0.9547504852179949,3.0,3.0,50.0,216.0,82.0,92.0,615.8223917275637,12.68031823231624,476332.20300136815,53.0,NORMAL
40.407279929413995,14.0,46.0,11307.0,5959.0,284.0,1112.0,343.4944706699521,7.342331307362328,1453536.5075690316,443.0,NORMAL
0.3083620721846212,2.0,3.0,64.0,116.0,91.0,152.0,1633.2345982557806,2.2095118594351804,283880.8890423493,53.0,NORMAL
0.6695617573390804,3.0,1.0,107.0,175.0,116.0,83.0,1987.7177136095966,3.333584713411682,449183.6750229379,53.0,NORMAL
28.652896427903247,10.0,22.0,12219.0,18942.0,605.0,1044.0,947.5087287624378,7.469618619994382,955887.9226390397,443.0,NORMAL
1.0909239709996104,3.0,3.0,86.0,280.0,81.0,116.0,1584.971114109684,6.661351366986384,498101.259586767,53.0,NORMAL
55.39057986636389,9.0,44.0,13048.0,8741.0,905.0,498.0,577.6106138517862,9.003898010231413,110931.1984142725,443.0,NORMAL
16.885350626013476,16.0,15.0,3273.0,14785.0,517.0,799.0,1880.94516993693,8.755494375542126,1233772.3497979885,443.0,NORMAL
32.89747217499628,37.0,49.0,11415.0,5486.0,717.0,762.0,244.59200608338847,1.7592134014963068,354757.2667144681,443.0,NORMAL
32.24992371279157,11.0,14.0,14700.0,3803.0,1108.0,1174.0,406.10881985308293,8.200635028331591,1811659.825820636,443.0,NORMAL
8.25141344259383,17.0,13.0,7787.0,9458.0,1120.0,685.0,1720.6587528396676,2.60254450063061,954322.3588123516,80.0,NORMAL
15.28065593588912,34.0,38.0,13563.0,10808.0,697.0,338.0,787.0710484354815,5.2563330821158285,1327647.6998976902,443.0,NORMAL
0.46281739584453896,1.0,0.0,48.0,0.0,77.0,0.0,273.7974714122962,55.72393878413748,9835.522955840383,10605.0,PortScan
0.1363758838705138,3.0,1.0,49.0,184.0,98.0,117.0,3108.647288843974,8.716451226309442,228217.1344320595,53.0,NORMAL
40.47231790241739,25.0,47.0,4680.0,18480.0,261.0,876.0,413.78255300895137,7.563236881606112,1665940.4521534927,443.0,NORMAL
27.6667009209668,23.0,18.0,6617.0,17980.0,908.0,434.0,3847.457966537548,12.95973985440717,756624.038020729,80.0,NORMAL
4.814391568104001,26.0,14.0,7226.0,48405.0,327.0,705.0,2174.729262159221,5.0270575977988,273371.9400129041,80.0,NORMAL
0.7403334668404588,1.0,3.0,106.0,237.0,107.0,167.0,2276.8278223573093,1.57629417966271,170589.56437154562,53.0,NORMAL
1.5937699852126974,3.0,1.0,163.0,116.0,96.0,93.0,4569.69581940368,7.048847849745123,476031.10181990074,53.0,NORMAL
0.997957148116321,2.0,2.0,76.0,159.0,72.0,161.0,167.62564327934922,6.582568591857984,253317.70794803524,53.0,NORMAL
35.87668789225247,37.0,48.0,5558.0,4892.0,606.0,459.0,574.0915294136894,7.552575637290061,1303360.9153594084,443.0,NORMAL
1.864882900348985,2.0,2.0,190.0,51.0,82.0,159.0,3731.0349988357884,2.195831527340009,420619.6189641139,53.0,NORMAL
11.403388511614514,9.0,18.0,5390.0,43992.0,525.0,1264.0,4666.43410253394,2.9393736212978983,453457.7703941205,80.0,NORMAL
58.32042876316199,15.0,40.0,5354.0,4644.0,525.0,1000.0,1285.6540306283462,2.3430172369445237,1648437.9422377076,443.0,NORMAL
36.51348242989276,12.0,26.0,7125.0,5734.0,1299.0,375.0,211.39616228736935,8.578401999775597,1053596.7478042888,443.0,NORMAL
16.863003773533617,7.0,28.0,6888.0,45417.0,1172.0,1003.0,4909.206724484204,5.257777087541062,179300.73342554714,80.0,NORMAL
13.925059737009608,7.0,46.0,10978.0,16194.0,941.0,1147.0,677.3367815785718,7.447579678407162,1860820.7655558197,443.0,NORMAL
11.19863866674202,26.0,29.0,4955.0,22859.0,1122.0,824.0,1307.083377841213,9.211415201457992,941083.952967338,80.0,NORMAL
15.230885998372948,48.0,16.0,6036.0,18177.0,1103.0,1042.0,807.6108272343397,4.926361441360378,693107.2185877741,443.0,NORMAL
5.057587759847545,6.0,26.0,3734.0,30386.0,1203.0,598.0,2657.7542787190955,1.2612512627298273,95231.66016575144,80.0,NORMAL
20.736166035773998,24.0,37.0,8813.0,2511.0,349.0,265.0,1753.622428038915,8.083974770751794,102073.9279436182,443.0,NORMAL
0.7943223172002921,3221.0,0.0,166601.0,0.0,46.0,0.0,756563.5793589427,7200.815672048425,185.34474853945926,443.0,DoS
0.8165961682765083,1.0,1.0,65.0,215.0,68.0,158.0,2962.7005309911933,14.421780765393244,192468.32557898315,53.0,NORMAL
9.413054500832615,8.0,24.0,4466.0,15755.0,1190.0,399.0,515.7975522064745,7.22175189583209,1922553.3108359033,443.0,NORMAL
50.68501646500681,19.0,46.0,6138.0,5604.0,1230.0,110.0,1671.3187751291548,9.570159949986591,377265.06122543284,443.0,NORMAL
6.403981751612225,27.0,23.0,1136.0,43733.0,506.0,1156.0,4961.588775680838,1.3489054397116593,578079.123467002,80.0,NORMAL
1.713617799316513,2.0,2.0,136.0,234.0,57.0,86.0,766.4585363906137,11.292241852173051,117504.90655778623,53.0,NORMAL
0.35523488900566824,1.0,0.0,49.0,0.0,72.0,0.0,1278.0684730041119,63.19206129163097,858.0732212212613,726.0,PortScan
0.22180310021240604,1.0,3.0,62.0,166.0,80.0,65.0,78.9075828832901,14.94939750219528,479006.89196032344,53.0,NORMAL
3.0491555375066137,27.0,13.0,4586.0,31401.0,764.0,378.0,1498.8817548943277,9.777554257657359,775297.9813666388,80.0,NORMAL
1.9830835079819882,4853.0,0.0,145213.0,0.0,58.0,0.0,444866.654783891,4734.575264146579,353.2875197090027,22.0,DoS
1.7940041424255315,1.0,2.0,108.0,51.0,95.0,85.0,3954.415949137983,10.442955227138901,81397.78870567716,53.0,NORMAL
0.770470474108649,2.0,1.0,124.0,164.0,43.0,135.0,857.8904773199856,10.497063773925225,132334.12233317705,53.0,NORMAL
2.545605803391823,22.0,5.0,2414.0,13718.0,988.0,767.0,897.4203546492346,1.4606859716066314,1107447.8161791933,443.0,NORMAL
53.90916005295909,11.0,42.0,10274.0,7721.0,155.0,107.0,932.9777314826123,9.631475061617166,663723.7254933637,443.0,NORMAL
0.06458324984522767,3.0,1.0,151.0,77.0,65.0,81.0,1005.6038181341896,14.738394096401361,405543.3329233729,53.0,NORMAL
15.51150597468598,34.0,44.0,12441.0,4897.0,565.0,283.0,1389.229856602442,2.25286395818776,449958.19849440566,443.0,NORMAL
1.6504062376366446,2669.0,0.0,132218.0,0.0,44.0,0.0,375999.94439387316,7947.087475476522,31.549127492388685,22.0,DoS
15.554053006775758,39.0,37.0,6880.0,15479.0,991.0,885.0,1680.2701285318444,8.585482736668883,674369.8178324571,443.0,NORMAL
1.222027243226355,1.0,1.0,53.0,189.0,78.0,70.0,1723.1603291833344,18.94171557809651,251274.4149929814,53.0,NORMAL
53.51031516723641,20.0,46.0,1500.0,3526.0,816.0,714.0,738.1232001355811,2.1411762429118655,546945.7019442285,443.0,NORMAL
15.111626148739612,23.0,13.0,7711.0,7512.0,913.0,322.0,349.3982010764548,5.969801524746702,392113.65430951637,443.0,NORMAL
31.0245427798723,44.0,47.0,11412.0,5132.0,523.0,1007.0,1238.4744729401054,8.938898946818151,996383.0049339953,443.0,NORMAL
1.4089829008422707,2.0,3.0,191.0,65.0,44.0,174.0,354.1255778962609,17.062831957602164,465169.947672396,53.0,NORMAL
6.045003320413617,5.0,37.0,2234.0,7459.0,875.0,817.0,1564.4681076001536,3.1755400368578393,1627365.1165739787,443.0,NORMAL
0.41892704215878207,922.0,0.0,22837.0,0.0,51.0,0.0,641371.1198753329,3726.886648095449,203.65376356318367,80.0,DoS
0.04610907487260087,1.0,0.0,64.0,0.0,53.0,0.0,3577.2533008386613,44.87043276635162,9488.963818309005,41456.0,PortScan
9.94881790423232,17.0,43.0,4670.0,4201.0,1204.0,226.0,1873.9493362757162,5.980979805117623,159892.15208351455,443.0,NORMAL
57.526335327043434,7.0,16.0,12698.0,2404.0,679.0,564.0,780.9642535182516,4.208746544159341,989770.3780147794,443.0,NORMAL
1.6820636292997786,1.0,2.0,110.0,64.0,93.0,128.0,2718.4385773612494,2.9846156395922754,498102.4005328773,53.0,NORMAL
1.9948313868166379,1.0,2.0,86.0,86.0,44.0,162.0,1447.4404506856963,15.86346450216769,219658.49702066093,53.0,NORMAL
1.7976735874884675,1.0,3.0,164.0,173.0,76.0,114.0,2444.0948026390593,19.536347856360347,58327.7316229205,53.0,NORMAL
0.34193546333796176,3.0,3.0,110.0,277.0,69.0,62.0,2304.394666950101,9.23175805168082,454575.2457611568,53.0,NORMAL
1.9045594498462233,2.0,3.0,41.0,274.0,86.0,111.0,4482.41505822656,14.381575525161807,73592.57597671787,53.0,NORMAL
4.1007094603267396,18.0,24.0,1602.0,21650.0,399.0,617.0,4297.959193839385,14.368331485356219,591750.726216773,80.0,NORMAL
31.690023646334318,19.0,29.0,9080.0,1511.0,546.0,1353.0,154.42726948948757,5.089460374892146,1161554.609929591,443.0,NORMAL
1.8840792408400975,2.0,3.0,192.0,229.0,85.0,166.0,2298.7697094967057,18.93583225719938,471901.40705748287,53.0,NORMAL
1.9705274824580032,2.0,2.0,198.0,213.0,73.0,106.0,3994.2211898522246,17.66441705155176,268097.18278333236,53.0,NORMAL
2.476755335141719,26.0,21.0,4893.0,14389.0,515.0,142.0,1481.8946032882072,13.827796912403269,590295.3076510767,80.0,NORMAL
1.9825446077163624,1.0,3.0,102.0,81.0,81.0,80.0,4819.931922111504,6.0095441598515205,330847.5509347102,53.0,NORMAL
7.991654792290942,15.0,37.0,13391.0,2820.0,1027.0,1120.0,828.6786795695795,4.387662143798928,535317.8687376855,443.0,NORMAL
14.085400085513744,24.0,11.0,9076.0,44043.0,828.0,552.0,2189.1994551847374,8.001696018589728,652112.5854743497,80.0,NORMAL
0.3038044514265923,3.0,3.0,97.0,211.0,74.0,72.0,439.7139872882587,19.836248022161207,131464.2938521906,53.0,NORMAL
42.47811857481549,36.0,41.0,10764.0,5300.0,590.0,566.0,641.439727396892,1.8158143893390122,1745738.0511255995,443.0,NORMAL
0.15715511602488208,1.0,3.0,198.0,223.0,96.0,157.0,3065.281304012051,17.700604496135394,44325.94043782189,53.0,NORMAL
19.013329925107147,33.0,34.0,10703.0,5076.0,1294.0,1075.0,813.066343208928,5.0814105163259065,510692.2724521214,443.0,NORMAL
53.03373773997399,28.0,5.0,13960.0,4889.0,713.0,831.0,357.22588228796644,5.963314205977542,1106249.2227253262,443.0,NORMAL
1.2189784557289236,2.0,3.0,50.0,176.0,95.0,176.0,4473.389794358649,13.80906597758256,430914.21923509025,53.0,NORMAL
1.797942063472321,2.0,2.0,53.0,155.0,92.0,82.0,1610.344016680118,9.204694146785396,21921.122083341754,53.0,NORMAL
1.1872140765824464,1.0,3.0,66.0,239.0,106.0,125.0,3660.697756065,14.010848154245139,99003.05604020745,53.0,NORMAL
14.058911058826213,14.0,22.0,6819.0,4329.0,909.0,788.0,2215.35945898728,5.820539207883806,657381.87522543,80.0,NORMAL
0.21803688090919468,3678.0,0.0,96544.0,0.0,59.0,0.0,783324.3803680734,2113.154922532741,166.67339944402795,80.0,DoS
0.988897944183086,3.0,1.0,37.0,124.0,92.0,81.0,3556.9002092904725,9.018884938688178,29237.790719683177,53.0,NORMAL
0.7680908437430366,2.0,3.0,121.0,137.0,64.0,65.0,2530.2074011655436,5.271429724784808,31728.204192801437,53.0,NORMAL
43.432904918063564,33.0,46.0,14574.0,9660.0,266.0,1147.0,1061.7231627448846,8.85949405729472,1082063.9120703596,443.0,NORMAL
54.090167395549074,30.0,6.0,7683.0,3808.0,1344.0,331.0,1567.2301094327909,9.407710962800794,1618374.339046161,443.0,NORMAL
1.2087104083030764,2.0,3.0,169.0,189.0,70.0,95.0,4032.4404605705668,9.533681964944654,298505.1621978837,53.0,NORMAL
56.69848353569847,10.0,29.0,14525.0,6906.0,1215.0,318.0,339.35793555641976,6.152592886424809,618545.8100682345,443.0,NORMAL
17.332840036868042,26.0,35.0,10650.0,15439.0,209.0,1225.0,783.6808609758615,9.834584209742108,1950142.6837617261,443.0,NORMAL
30.3935472707352,40.0,35.0,3970.0,17455.0,470.0,839.0,1335.3384393259228,9.683209877613553,1278545.318028169,443.0,NORMAL
1.861978660192201,4.0,7.0,456.0,193.0,56.0,104.0,75.12540336919324,4.814102177457098,102342.35590368774,3389.0,BruteForce
20.777274794881492,17.0,15.0,5746.0,9620.0,1000.0,1361.0,977.9136235997975,9.399334662027313,1883697.7020048443,443.0,NORMAL
1.6470407750791674,2.0,1.0,156.0,185.0,73.0,77.0,3146.093594412202,3.264433665414902,395996.2512784947,53.0,NORMAL
58.06047030029106,43.0,11.0,9448.0,5001.0,406.0,1308.0,1356.5646961578195,6.538466530439104,850691.4307280997,443.0,NORMAL
1.849069617349988,3.0,1.0,38.0,251.0,119.0,97.0,545.6824517626942,17.230879250433894,471758.77482200606,53.0,NORMAL
1.1812226365542806,2.0,1.0,168.0,65.0,116.0,161.0,3630.054465490799,3.01077376916889,247328.4856556216,53.0,NORMAL
7.9211831487812745,46.0,47.0,12777.0,3925.0,258.0,533.0,1162.1206959339993,4.057435446740257,1868581.5900532268,443.0,NORMAL
0.047887545383204506,2.0,2.0,157.0,132.0,42.0,98.0,3725.1119511476704,18.694994102397132,105360.52223099148,53.0,NORMAL
0.6778165582744857,1.0,3.0,162.0,114.0,55.0,147.0,1828.408339281507,19.346609993434562,197746.3462936806,53.0,NORMAL
34.34003343471262,8.0,13.0,10649.0,16329.0,861.0,231.0,1853.4590315269922,4.826326633721811,170228.46541906474,443.0,NORMAL
1.4995903467423233,2.0,3.0,105.0,177.0,106.0,65.0,4650.978529844268,9.084046027333766,468851.5638068419,53.0,NORMAL
53.3285691123469,22.0,15.0,5606.0,7413.0,915.0,1199.0,496.12379281130006,3.253436892606583,254737.6479116725,443.0,NORMAL
0.4106157573539544,2.0,1.0,57.0,169.0,53.0,81.0,309.9203720913502,9.934467347183883,417895.7934335977,53.0,NORMAL
0.8347598498214255,1.0,3.0,173.0,122.0,91.0,104.0,3801.2616552973636,17.381962863495858,130689.55996773847,53.0,NORMAL
45.28627034681064,36.0,41.0,13177.0,18536.0,1088.0,515.0,1548.7987864785541,4.647997548494522,743476.6572862447,443.0,NORMAL
43.624674800428814,14.0,25.0,8226.0,17905.0,624.0,667.0,716.772760391807,5.077966697069176,547355.2766911918,443.0,NORMAL
41.09918967889112,12.0,9.0,9090.0,17417.0,161.0,751.0,408.9407759670273,6.274325835343184,1827525.466144305,443.0,NORMAL
8.875318372540683,28.0,30.0,14619.0,10408.0,151.0,1094.0,404.50653817711515,3.776595552443972,1354024.6889960747,443.0,NORMAL
0.11950515080501109,1.0,2.0,135.0,240.0,77.0,162.0,4849.46716751572,1.2754813386399997,123775.73547391841,53.0,NORMAL
0.1729101639497428,3.0,3.0,97.0,204.0,107.0,71.0,2528.1447149438104,1.124156262715273,463874.66343807644,53.0,NORMAL
7.527272480357226,43.0,37.0,12986.0,2667.0,1053.0,1365.0,1530.8094588383278,1.746637041884258,1346415.406094744,443.0,NORMAL
58.767191342894115,17.0,47.0,10035.0,7642.0,588.0,621.0,1394.2364825340023,3.4702941617861485,513851.3866418943,443.0,NORMAL
1.174592352141012,1.0,2.0,87.0,158.0,73.0,179.0,422.3666657535593,17.72361369238542,58583.60199079099,53.0,NORMAL
31.946171984645026,49.0,18.0,8632.0,6487.0,679.0,1259.0,1872.3428284434879,7.2408933057815785,915334.3037855875,443.0,NORMAL
51.327557872574246,31.0,13.0,11496.0,12519.0,852.0,471.0,811.2404196243727,1.321602200440566,1170146.6308628416,443.0,NORMAL
13.787648205355763,31.0,6.0,1562.0,6755.0,885.0,460.0,979.5809337966487,1.5650464647899864,1515932.9735790382,443.0,NORMAL
1.586122572427055,3.0,3.0,82.0,114.0,67.0,115.0,830.8234774540833,8.624348261877541,365067.2749936479,53.0,NORMAL
4.847070884369031,37.0,46.0,7927.0,6541.0,909.0,1107.0,512.8296796575592,0.6846103878807299,1065251.8995522596,443.0,NORMAL
46.70339305762949,31.0,48.0,4544.0,8150.0,687.0,242.0,699.99222853577,9.969803774013736,1876862.957869383,443.0,NORMAL
0.7728105852106057,2984.0,0.0,157101.0,0.0,41.0,0.0,694170.0543164832,1005.1661050075194,234.24001036687562,443.0,DoS
0.40124705218031403,1.0,0.0,54.0,0.0,58.0,0.0,713.798855187831,18.641712125697826,6039.317249534152,58266.0,PortScan
1.2664368621322675,1.0,2.0,167.0,130.0,60.0,150.0,393.39298370036175,5.043627227390879,184599.8838029548,53.0,NORMAL
21.020344679342315,16.0,18.0,5252.0,11603.0,207.0,994.0,4367.287926271977,3.8435188001352802,437226.5864134584,80.0,NORMAL
50.00654505947602,44.0,24.0,10174.0,13460.0,371.0,1377.0,273.5225242941315,7.775138836293434,558473.1202844316,443.0,NORMAL
0.6521068759253281,2095.0,0.0,37261.0,0.0,51.0,0.0,700800.8428612299,4752.257132736609,403.6699276834126,80.0,DoS
0.34663668921242613,1.0,0.0,69.0,0.0,63.0,0.0,679.539895325049,80.73859317274852,8616.364283415005,43110.0,PortScan
33.06875482321612,24.0,14.0,8410.0,3093.0,1212.0,1126.0,1115.2924148328207,5.870277890420026,1108207.6065076669,443.0,NORMAL
5.010117230997231,21.0,7.0,1426.0,33050.0,907.0,548.0,353.2956489213706,12.988811307750309,376897.71773190785,80.0,NORMAL
11.122629571422793,18.0,7.0,6611.0,740.0,1377.0,1196.0,4704.242771410814,8.552935445699235,777675.926356827,80.0,NORMAL
1.3422738780080636,3.0,2.0,154.0,55.0,90.0,113.0,227.64425767208897,4.388113178887705,255758.0662323716,53.0,NORMAL
1.0812896607590878,3.0,2.0,119.0,193.0,82.0,124.0,1394.5031554361103,3.488667370671319,397987.3069435236,53.0,NORMAL
24.482312284315668,30.0,18.0,5349.0,9110.0,1293.0,1236.0,1840.6106033523117,6.076362088564499,306800.41337233764,443.0,NORMAL
1.0943299559531445,4360.0,0.0,155995.0,0.0,58.0,0.0,711954.2561047754,5801.825830919947,273.96320434567906,443.0,DoS
24.23799993359535,6.0,22.0,7185.0,11845.0,1175.0,1041.0,147.5690388511433,7.932475053936017,1661555.574254607,443.0,NORMAL
24.22497666090827,28.0,29.0,2296.0,10454.0,364.0,510.0,428.16652352988956,11.72260880580322,113401.71549332736,80.0,NORMAL
7.86561747524309,16.0,44.0,13436.0,5204.0,549.0,327.0,1461.777087094756,1.1983286296254148,1845169.2863082448,443.0,NORMAL
28.729307821318258,38.0,41.0,9194.0,4358.0,186.0,622.0,1618.0287979882453,7.997998471417207,1791091.0287604877,443.0,NORMAL
16.440635340418453,39.0,24.0,14497.0,7066.0,1275.0,903.0,1923.971325651583,6.760033046551744,1369147.9583716246,443.0,NORMAL
0.6823028319589468,2.0,2.0,92.0,277.0,105.0,101.0,711.3079214852768,4.687555700359587,366137.51627331227,53.0,NORMAL
0.09935155166814334,1.0,1.0,161.0,216.0,108.0,176.0,2745.8301515042285,10.902631419409463,449394.6334887306,53.0,NORMAL
19.882926460806093,33.0,43.0,14508.0,10114.0,353.0,100.0,1121.486741419974,4.087476261331374,1751480.1673231334,443.0,NORMAL
44.36919158442926,34.0,48.0,10916.0,5599.0,1096.0,106.0,938.4911135380744,2.472909159411513,838080.3482295369,443.0,NORMAL
1.7559521552443538,4351.0,0.0,184370.0,0.0,56.0,0.0,839693.3352705905,1081.0990061813654,315.911461250128,443.0,DoS
43.00882719951606,46.0,35.0,2193.0,12831.0,1137.0,858.0,680.901200627785,1.001358534693177,1741353.280499366,443.0,NORMAL
47.93154768659402,31.0,36.0,8991.0,16513.0,789.0,704.0,916.7069130420654,6.454634487331994,1383903.4628417294,443.0,NORMAL
0.23192198157278843,1.0,0.0,48.0,0.0,49.0,0.0,2120.5434034615864,33.27508922646001,4153.557519630245,63424.0,PortScan
14.376527318526048,10.0,10.0,6310.0,24110.0,1349.0,989.0,1453.0529583330808,5.210448991408087,471053.86443967454,80.0,NORMAL
1.6633841029876792,3.0,3.0,122.0,270.0,109.0,62.0,2952.2393757496893,8.436187578229802,407772.4564002546,53.0,NORMAL
1.538947442877161,1.0,1.0,163.0,264.0,40.0,178.0,3218.356026211416,12.890840304264728,482189.2423886351,53.0,NORMAL
21.50000716957315,24.0,7.0,3414.0,6117.0,416.0,1134.0,1915.553689717133,12.992542171072309,103820.10174455683,80.0,NORMAL
1.196926723120649,1.0,1.0,50.0,161.0,113.0,179.0,1113.777249942806,2.425432441384644,351489.10719767556,53.0,NORMAL
1.0316703487979864,3.0,2.0,165.0,291.0,66.0,111.0,770.234626176114,11.410793807072922,127444.51389336749,53.0,NORMAL
25.611539561868142,10.0,18.0,8381.0,20655.0,234.0,1064.0,206.16014350102532,4.643181618839105,647447.8615488382,80.0,NORMAL
10.593618337395778,23.0,19.0,4627.0,41547.0,758.0,186.0,2642.3633688297014,9.441915915357132,531755.5423993862,80.0,NORMAL
22.695232380506578,32.0,39.0,10834.0,17526.0,593.0,1113.0,1649.6152629799603,7.578940708504465,929485.134286323,443.0,NORMAL
34.065997227845955,17.0,31.0,13685.0,7953.0,346.0,1199.0,1086.0913672211134,0.955031203940536,379680.43350429594,443.0,NORMAL
1.0557552348700803,3.0,3.0,85.0,159.0,102.0,127.0,3511.926991231159,3.0785006599063673,481033.27183986787,53.0,NORMAL
1.7494480950772868,2.0,3.0,35.0,90.0,56.0,110.0,3538.6252572577873,16.092282450041964,83743.33779098345,53.0,NORMAL
38.99035095892671,43.0,38.0,5477.0,2766.0,546.0,1006.0,1581.700903936702,0.8196163141657398,740102.7520980684,443.0,NORMAL
1.9817730500812325,3357.0,0.0,164103.0,0.0,40.0,0.0,821827.8887709089,7947.604662166596,277.23448294866796,80.0,DoS
29.083757389687833,18.0,17.0,8772.0,42677.0,1372.0,717.0,3863.3982114749124,8.875696898207556,751100.4098088151,80.0,NORMAL
1.8206034399795297,3.0,3.0,75.0,199.0,107.0,129.0,136.5150524839936,2.331073362246073,287559.2012118181,53.0,NORMAL
34.342857831763325,17.0,40.0,4951.0,14775.0,448.0,163.0,1270.7402550533147,8.402768888834157,354757.9701762892,443.0,NORMAL
56.84093427587392,14.0,22.0,2203.0,12395.0,147.0,1256.0,1911.046934130682,4.215154351938489,1003563.1540879541,443.0,NORMAL
42.776282089966685,12.0,20.0,14254.0,18883.0,766.0,737.0,755.5392665598865,2.3149290262253057,595587.6703677299,443.0,NORMAL
47.52828291567198,22.0,43.0,9471.0,19235.0,163.0,1387.0,1467.0060970352827,2.479162146141092,798325.2184391465,443.0,NORMAL
55.756934779236936,47.0,39.0,1039.0,15205.0,678.0,653.0,256.4583419169941,2.123269121465517,990511.1277353679,443.0,NORMAL
0.7596275459940859,2.0,3.0,132.0,201.0,52.0,162.0,565.6852518595166,18.354900845612352,13418.208289679464,53.0,NORMAL
33.85127448504266,29.0,21.0,10386.0,5179.0,1318.0,421.0,821.8281351658286,7.644421200384957,1044305.6477696017,443.0,NORMAL
26.578526863810406,23.0,24.0,3888.0,21894.0,875.0,1381.0,2710.962551316681,11.161535618900633,649755.933833944,80.0,NORMAL
0.5680055512545197,2.0,2.0,53.0,209.0,97.0,78.0,4007.264586454725,1.3551059257075861,415199.20434048073,53.0,NORMAL
0.16076128957299957,4282.0,0.0,47184.0,0.0,55.0,0.0,252425.1500158815,7243.128765076826,236.93330065327433,22.0,DoS
24.063453758425364,35.0,34.0,3296.0,7414.0,206.0,340.0,803.4360230674497,7.051904910477009,1134977.2656459906,443.0,NORMAL
44.00988263769317,26.0,7.0,3939.0,11757.0,1350.0,1345.0,1993.4578045460235,8.503314941538887,550419.5120855931,443.0,NORMAL
26.087596763684772,21.0,6.0,5094.0,13502.0,1334.0,201.0,1527.192036926599,5.324290139562621,1352318.009609547,443.0,NORMAL
1.3863974853236518,2419.0,0.0,181788.0,0.0,40.0,0.0,142995.03875509903,4817.737628299139,312.22076331655626,22.0,DoS
50.97116239821657,18.0,31.0,6411.0,14888.0,799.0,977.0,1170.9692856772676,3.3083364220030367,1288256.6616837597,443.0,NORMAL
1.419170595099773,1936.0,0.0,73566.0,0.0,41.0,0.0,509597.9370877631,2203.572204235712,250.55365318312835,80.0,DoS
0.5660939556740324,26.0,21.0,4321.0,23181.0,1303.0,1015.0,3916.2706767961376,14.580368513876959,491689.44459063106,80.0,NORMAL
20.274669960920516,22.0,23.0,1988.0,31025.0,800.0,313.0,1051.024429333995,3.2756186552755,417194.8870588807,80.0,NORMAL
1.1875097451493766,814.0,0.0,102117.0,0.0,57.0,0.0,309310.2560677679,4209.259465320334,285.7163791363178,80.0,DoS
1.6549558230404136,3.0,3.0,194.0,56.0,51.0,95.0,4710.679606664538,18.89845160396662,174054.0139400575,53.0,NORMAL
0.9310510073535944,1.0,2.0,131.0,183.0,117.0,132.0,573.591549222354,6.606238044113567,254077.3399826724,53.0,NORMAL
1.2873561320503275,2.0,3.0,197.0,294.0,65.0,146.0,3295.1855011176526,7.769545856704035,199173.1648465837,53.0,NORMAL
0.18388632441378697,1.0,2.0,157.0,104.0,93.0,84.0,3679.5053196096746,1.3862974164951853,267233.09659487626,53.0,NORMAL
13.341942459067742,9.0,47.0,3160.0,6817.0,389.0,1104.0,783.8250622379793,9.308255078071987,200133.97971609217,443.0,NORMAL
8.620405493938204,31.0,32.0,9015.0,18472.0,579.0,1312.0,1089.9041286018783,2.9759783298121816,1485034.311485974,443.0,NORMAL
47.097989489091,6.0,19.0,6062.0,4841.0,197.0,1029.0,1062.1537388396723,8.976658915636577,1926881.9325909566,443.0,NORMAL
1.0798426826486751,2725.0,0.0,175301.0,0.0,50.0,0.0,983596.7599715411,2877.0339689709594,457.9143308942033,22.0,DoS
0.975013996801837,2182.0,0.0,48118.0,0.0,55.0,0.0,887392.5312718998,9728.204451361918,178.54970366600838,22.0,DoS
24.225803739003478,16.0,12.0,3622.0,28625.0,282.0,363.0,226.4841961073259,11.311136714774706,514552.81433841813,80.0,NORMAL
52.83916919495432,47.0,13.0,6740.0,6278.0,348.0,1118.0,1223.1945087832044,8.529799986487903,158483.58033169387,443.0,NORMAL
15.250747900599519,11.0,17.0,6014.0,37180.0,503.0,287.0,3226.5510614480877,8.359382593325574,680354.563066758,80.0,NORMAL
0.8630199035260141,2.0,2.0,62.0,74.0,109.0,149.0,1204.6178693141665,18.185688856930867,277784.22507757205,53.0,NORMAL
10.480201022313784,21.0,33.0,5218.0,16861.0,198.0,504.0,1789.2423418187673,3.793077096513919,634429.0551389105,443.0,NORMAL
1.0916855734919948,3.0,1.0,47.0,263.0,94.0,85.0,4366.665586462586,18.273589455430624,182841.133255332,53.0,NORMAL
35.56075929513433,19.0,11.0,7217.0,10143.0,1251.0,688.0,1585.922590987619,0.9060737619837853,1596076.3940187136,443.0,NORMAL
25.373099110756254,8.0,9.0,5823.0,23274.0,140.0,294.0,3367.4112662832763,3.4171496699702004,895440.100064431,80.0,NORMAL
40.08360669036302,12.0,25.0,12903.0,3481.0,914.0,907.0,141.02083117108324,2.661018643139767,1484731.7781368366,443.0,NORMAL
47.79542956580762,19.0,16.0,3063.0,7153.0,507.0,483.0,1157.5512065425576,9.644442418531334,1057521.411600889,443.0,NORMAL
43.79020196449305,24.0,34.0,11046.0,16453.0,682.0,238.0,1434.8413530521761,8.386903141236544,208916.11464237107,443.0,NORMAL
15.804838986686907,15.0,29.0,5403.0,20489.0,359.0,824.0,2027.3364511384755,8.846660192003142,418009.0779902704,80.0,NORMAL
1.7171140066991641,16.0,7.0,12236.0,1015.0,494.0,839.0,1937.7837827974085,7.828111792842163,1128230.2772624004,443.0,NORMAL
1.9999122284852786,11.0,20.0,12366.0,11522.0,1077.0,899.0,1858.174323488324,4.149677274441965,1417426.263969507,443.0,NORMAL
1.4081569495443929,2.0,1.0,56.0,56.0,86.0,170.0,4252.510623927688,6.549811640474141,457702.1680734572,53.0,NORMAL
0.5724831160057164,3.0,2.0,186.0,165.0,62.0,159.0,64.88940477557088,11.266979880185726,162582.6586005825,53.0,NORMAL
26.42236389604655,17.0,15.0,4963.0,2942.0,1204.0,955.0,1238.0366090153634,5.297773328176493,716456.241928045,443.0,NORMAL
1.0993203237914484,2.0,1.0,43.0,69.0,72.0,134.0,3621.580664253215,7.857746615454226,85121.08897871841,53.0,NORMAL
1.653721725436482,1055.0,0.0,185852.0,0.0,43.0,0.0,783886.8956912378,4927.518347322369,164.68357558644553,22.0,DoS
29.061295160746468,7.0,14.0,2249.0,34288.0,419.0,1367.0,805.4216730649307,4.990911516935482,183544.20967804317,80.0,NORMAL
15.045896810827648,10.0,29.0,2396.0,9705.0,744.0,513.0,3939.2213224358734,7.503310539710856,696857.6743408038,80.0,NORMAL
0.19175652743054336,1.0,1.0,100.0,116.0,69.0,89.0,3261.754653812112,14.2708799618209,466542.9943381003,53.0,NORMAL
12.830958875319867,27.0,24.0,3529.0,17830.0,1180.0,268.0,1610.1774970482209,8.677611431656022,1425028.6957665288,443.0,NORMAL
1.01875460171903,747.0,0.0,118715.0,0.0,41.0,0.0,417636.5283960063,3814.3022608682554,52.42192584339494,80.0,DoS
0.056156339449417086,3.0,3.0,134.0,144.0,116.0,129.0,221.0214173443647,14.95877881377909,436318.1144168871,53.0,NORMAL
8.574819740931215,4.0,24.0,9980.0,2690.0,1083.0,750.0,1720.1333297105798,12.351843256021748,158240.88190185645,80.0,NORMAL
5.721387646018137,29.0,23.0,7490.0,23809.0,165.0,549.0,2961.090667363693,13.228051880654258,222161.646453801,80.0,NORMAL
47.9957001675944,15.0,21.0,9907.0,19376.0,790.0,559.0,604.1157331228676,8.908113233708342,266388.35280583723,443.0,NORMAL
23.36227997244928,3.0,5.0,6056.0,24460.0,816.0,1166.0,3779.313406951219,4.960187196469728,974062.027873803,80.0,NORMAL
2.125153744549758,20.0,4.0,7912.0,15934.0,1025.0,469.0,2055.3558328708223,13.418475477713022,251402.46682583506,80.0,NORMAL
0.17370330710008436,1.0,0.0,71.0,0.0,59.0,0.0,3768.422925854054,31.373199521351818,3693.0662659486575,18536.0,PortScan
1.330955898426294,2.0,2.0,73.0,233.0,64.0,89.0,1261.7848167498248,6.1694089644449015,125548.75795887256,53.0,NORMAL
1.464620412856003,2.0,1.0,113.0,230.0,65.0,89.0,1358.554391706993,16.88716949013909,28102.896116314925,53.0,NORMAL
33.12532058712804,5.0,31.0,3368.0,10496.0,1235.0,969.0,1345.384832805216,4.6251638814332345,366689.18963359104,443.0,NORMAL
0.06418454055032824,1.0,2.0,63.0,292.0,96.0,143.0,2975.219675115903,6.620613047193533,392582.10140820005,53.0,NORMAL
21.27864860963229,10.0,25.0,3701.0,11096.0,546.0,1291.0,4093.3226707073923,11.050470783578914,410336.2714635262,80.0,NORMAL
1.2137081766933762,3.0,2.0,32.0,194.0,72.0,137.0,4500.8132239101,11.37018449623445,162650.9389872191,53.0,NORMAL
51.820829785442726,28.0,38.0,9650.0,18754.0,332.0,1031.0,1535.6546556534167,0.6111749547034799,1423667.1326117606,443.0,NORMAL
0.32119301715035425,1.0,0.0,47.0,0.0,58.0,0.0,1308.6292020796789,26.69198183155443,6826.848849650756,28813.0,PortScan
1.2660429766269194,7.0,7.0,279.0,306.0,79.0,86.0,256.94308502471347,5.128499566073132,441143.2223286422,3389.0,BruteForce
19.688938946984074,46.0,19.0,11586.0,10765.0,1369.0,527.0,908.3708320054246,5.017096158741224,589557.647689702,443.0,NORMAL
20.919295112814048,40.0,19.0,13404.0,5348.0,1152.0,746.0,1485.9435778204445,4.308486523532952,743925.5862390734,443.0,NORMAL
6.834525625747096,5.0,21.0,5291.0,40069.0,246.0,812.0,417.41743190863207,8.219158184681095,484425.05017312506,80.0,NORMAL
0.6092914914992602,29.0,23.0,8346.0,49830.0,552.0,848.0,3154.8354526726152,1.5985725973082452,754159.7797638739,80.0,NORMAL
38.375214969742686,25.0,9.0,3892.0,2251.0,603.0,1185.0,834.8633963456195,9.308992095039555,443209.44680031174,443.0,NORMAL
24.491952921865657,26.0,18.0,13911.0,10815.0,714.0,395.0,1424.285430037033,2.861298216659034,746544.2874869541,443.0,NORMAL
0.48200894975363623,966.0,0.0,110517.0,0.0,40.0,0.0,140107.90229866444,9595.595763358224,476.8782765138566,443.0,DoS
37.009693215344186,40.0,24.0,5967.0,8181.0,1330.0,263.0,255.10013471754277,8.865878905536057,356491.58172820683,443.0,NORMAL
41.92725132110783,48.0,46.0,13212.0,16061.0,932.0,1198.0,1137.6937232936732,9.225290883307661,954664.2238641093,443.0,NORMAL
41.39913918067888,8.0,6.0,2663.0,14402.0,1153.0,1032.0,1725.160570498883,8.941238135681996,286814.96747473127,443.0,NORMAL
1.6681221444608638,3.0,2.0,41.0,120.0,109.0,128.0,2953.450290993757,7.020893262180854,463160.2783627347,53.0,NORMAL
57.44026264392402,23.0,41.0,7169.0,17225.0,730.0,1043.0,1051.7658683913605,2.688996320887934,472159.0951239706,443.0,NORMAL
1.8310060196158633,1.0,3.0,119.0,257.0,118.0,92.0,2193.5638296485085,4.812968315120628,405472.87468187575,53.0,NORMAL
38.53446451778573,12.0,11.0,2348.0,2792.0,1226.0,673.0,976.0013280016576,2.3010948454283118,1060629.3632126066,443.0,NORMAL
39.74746320793624,8.0,32.0,4146.0,17980.0,614.0,1230.0,1256.8474797955428,4.94191843532632,285493.6552561964,443.0,NORMAL
40.417023057668125,35.0,35.0,10019.0,10984.0,178.0,861.0,273.0260763761979,9.908097898005224,250162.08389253292,443.0,NORMAL
0.698900041565307,3.0,3.0,167.0,291.0,90.0,133.0,4292.420529741326,3.6440241097698456,107427.28135099717,53.0,NORMAL
30.06488115316069,41.0,9.0,3686.0,5866.0,1156.0,1117.0,1208.8632106679943,1.599276345905211,1589851.2913560425,443.0,NORMAL
4.353768042301514,24.0,22.0,9408.0,3701.0,137.0,219.0,2267.6457978655662,5.510487128529324,712622.4841359511,80.0,NORMAL
1.4514361192912235,1056.0,0.0,110557.0,0.0,56.0,0.0,263069.82008901244,1440.1195969459366,252.25602416065337,443.0,DoS
0.7779977474233962,1.0,1.0,81.0,179.0,96.0,143.0,1130.1537815703994,11.86820539913933,329122.98777626455,53.0,NORMAL
0.33327674393734935,2428.0,0.0,144914.0,0.0,52.0,0.0,686333.7417199928,8991.930784190099,35.769752725651784,80.0,DoS
0.15676060720322468,2.0,3.0,81.0,76.0,64.0,83.0,4692.442737276545,19.158260879008136,486217.54211548174,53.0,NORMAL
1.0193481070175603,1.0,1.0,57.0,190.0,42.0,164.0,1958.1862788346682,15.830930191633087,123982.32729384056,53.0,NORMAL
1.4773360719494737,3.0,1.0,187.0,103.0,94.0,138.0,2330.1675815625613,8.543019622707096,372407.20114383264,53.0,NORMAL
0.7948303284858649,1.0,1.0,91.0,214.0,101.0,138.0,690.9566680569579,14.06129159575907,318736.22555115365,53.0,NORMAL
0.8169718594763204,3.0,2.0,170.0,85.0,66.0,78.0,594.646639519998,17.095182478748644,407041.7228229625,53.0,NORMAL
1.245567655671678,2.0,1.0,164.0,281.0,79.0,164.0,353.3163971755516,17.602664425768708,208797.66915235276,53.0,NORMAL
4.423088712160935,5.0,7.0,335.0,251.0,73.0,97.0,413.8665855817918,7.8391014755047905,486254.2809536865,22.0,BruteForce
25.298613934688845,44.0,24.0,2284.0,16245.0,913.0,1121.0,1099.7473391992346,5.402587312429282,861210.3839572531,443.0,NORMAL
1.314183436612398,2.0,3.0,32.0,268.0,64.0,111.0,909.0546854505208,14.918720082546935,217110.66227118863,53.0,NORMAL
43.87358853214907,39.0,10.0,6340.0,2073.0,587.0,990.0,195.32080264750846,6.914043076427835,139190.60082615228,443.0,NORMAL
21.435175012737155,28.0,19.0,7817.0,49305.0,1287.0,1310.0,1749.2170387996075,6.9172178616452475,115797.45251374025,80.0,NORMAL
11.715224097639556,29.0,44.0,14268.0,11156.0,765.0,987.0,386.6682889667485,1.5175688954936748,193772.68207841314,443.0,NORMAL
39.95786046237895,26.0,33.0,3169.0,13842.0,330.0,195.0,809.8737673895853,7.025427626627786,859989.7339380495,443.0,NORMAL
0.9940628882782211,3.0,3.0,81.0,67.0,82.0,115.0,110.19919733120577,11.703899146897943,172678.43926504484,53.0,NORMAL
0.18774584715568698,1.0,2.0,114.0,183.0,60.0,68.0,4292.987363332149,11.458636515195224,380612.0583544492,53.0,NORMAL
58.140837878068645,16.0,11.0,11760.0,10634.0,1212.0,1369.0,1642.44046193447,7.55830177764509,1579764.5537380418,443.0,NORMAL
45.41028173390083,48.0,43.0,10157.0,12565.0,184.0,1368.0,1866.3404678020565,9.742277585808102,1541949.972021906,443.0,NORMAL
58.576050093328746,25.0,30.0,8042.0,11534.0,790.0,886.0,1837.0396150539088,2.0970151814582705,1103335.6822999292,443.0,NORMAL
1.650370748550222,2.0,3.0,107.0,143.0,48.0,89.0,1272.2316598710458,19.269816159444026,408847.2376474076,53.0,NORMAL
37.191496560211604,41.0,12.0,11822.0,1497.0,498.0,165.0,1389.3913094776785,0.9194824665614465,593003.7341864551,443.0,NORMAL
21.419883865729346,23.0,20.0,8236.0,9382.0,1297.0,929.0,1764.6655908996138,3.350250851916509,513343.9170272802,443.0,NORMAL
59.18643392429657,26.0,10.0,1632.0,16089.0,1363.0,1094.0,1472.4007368585123,3.5276870407680674,277474.59534441034,443.0,NORMAL
0.79502720046152,4363.0,0.0,196268.0,0.0,43.0,0.0,327933.2565749437,9425.417333112504,378.7848306128936,80.0,DoS
45.54747379603042,10.0,44.0,3511.0,15707.0,1257.0,166.0,1374.1510384705564,3.9243641775141405,1444353.3922596392,443.0,NORMAL
58.219441659634136,27.0,15.0,10793.0,18779.0,675.0,868.0,1693.2975661057071,2.489950102149738,1787415.9448427164,443.0,NORMAL
10.220669485824791,18.0,22.0,1648.0,15169.0,779.0,1007.0,2537.429478259364,10.380140335998288,238973.61708793923,80.0,NORMAL
0.5205514274354133,3.0,2.0,42.0,294.0,92.0,137.0,1023.5007151810441,1.8559748551486337,113699.79466340272,53.0,NORMAL
22.899172982820026,37.0,14.0,11031.0,4521.0,1226.0,177.0,1617.8158743812055,3.649513064799221,653758.1305262741,443.0,NORMAL
9.683841301137633,27.0,25.0,1145.0,23318.0,414.0,687.0,4001.9231778972426,11.995536621757786,745763.1150208359,80.0,NORMAL
1.3107225703114576,3.0,1.0,130.0,150.0,52.0,127.0,401.7552903762618,1.0542735535264658,71228.85877692388,53.0,NORMAL
1.3776486925109432,3048.0,0.0,38429.0,0.0,58.0,0.0,708145.0695330418,2187.90121199573,245.59132815637332,22.0,DoS
42.833729441623525,40.0,38.0,11147.0,1296.0,209.0,403.0,1199.2932816281252,3.5873803907923185,1180434.3087401094,443.0,NORMAL
41.14945882240807,27.0,36.0,2145.0,18427.0,767.0,241.0,847.485795065806,0.9262408990946982,806444.4585682629,443.0,NORMAL
50.29333331878947,47.0,39.0,10941.0,9250.0,674.0,991.0,117.52231981573118,8.073462431207307,1785862.4199579952,443.0,NORMAL
24.39666723740783,30.0,17.0,12578.0,12120.0,328.0,798.0,243.6430188998902,0.660842127447751,215632.3884290834,443.0,NORMAL
3.2389534046552497,15.0,5.0,4206.0,2634.0,528.0,652.0,4677.250188062672,14.534621707591624,843955.8971188115,80.0,NORMAL
35.34805715040012,49.0,29.0,9381.0,9391.0,1113.0,426.0,1472.2431867556686,9.780183953567356,1217394.644203635,443.0,NORMAL
24.53007729951263,19.0,20.0,1274.0,867.0,447.0,1011.0,714.7761678912957,8.213093234073002,537038.8060837619,80.0,NORMAL
27.088467594231133,27.0,20.0,4315.0,30955.0,632.0,705.0,2445.8408537728606,7.313761082462614,240344.3232598165,80.0,NORMAL
34.47142095810531,22.0,23.0,3218.0,17952.0,652.0,338.0,598.1259483090694,3.388430061540172,1479161.252641041,443.0,NORMAL
1.6276721893647832,1.0,2.0,136.0,285.0,110.0,116.0,2444.3488030547223,12.636935347667977,433714.25318055175,53.0,NORMAL
0.34138248723246417,1.0,3.0,103.0,291.0,79.0,173.0,2756.0080973679487,3.4629698132468985,189811.89056552618,53.0,NORMAL
46.366444144350815,30.0,26.0,5615.0,17382.0,582.0,809.0,1787.835790879644,4.952093286543753,209698.93133686399,443.0,NORMAL
54.95030480957263,6.0,30.0,10089.0,7229.0,1250.0,427.0,1465.521235580324,4.494848401727056,1902242.5629856642,443.0,NORMAL
1.1610805516601967,1.0,3.0,93.0,175.0,97.0,81.0,120.14293366169699,15.377925989513914,415952.96561137616,53.0,NORMAL
0.9553250404530692,1.0,3.0,46.0,262.0,100.0,174.0,4823.753212279443,2.128137196690799,336739.6807576903,53.0,NORMAL
40.24663602107581,35.0,5.0,3544.0,18601.0,184.0,143.0,1919.84504723138,6.576810534503498,217449.81830446253,443.0,NORMAL
3.4018849880275237,9.0,4.0,342.0,121.0,70.0,100.0,225.0602896230448,7.716197206429035,452159.9014156097,3389.0,BruteForce
10.357701212291348,44.0,34.0,12982.0,7942.0,794.0,492.0,115.11294442922721,1.302655990325875,1658079.4032775094,443.0,NORMAL
1.830309414443084,2745.0,0.0,130541.0,0.0,49.0,0.0,177668.8509947157,7913.998213016924,235.1068294362601,80.0,DoS
1.411125241442253,1.0,3.0,33.0,229.0,107.0,166.0,590.4418854765353,3.563757102392936,205343.92255616994,53.0,NORMAL
42.58738959255952,32.0,21.0,2614.0,5158.0,905.0,135.0,1972.7654437465633,4.6322280704011565,593497.127886821,443.0,NORMAL
10.34036401252866,29.0,3.0,1469.0,28118.0,934.0,360.0,4122.174438024822,11.848362273740937,744094.8587644428,80.0,NORMAL
23.85215473149819,21.0,6.0,4304.0,40799.0,1239.0,1273.0,2372.231987468545,7.899080635201236,572717.468724167,80.0,NORMAL
9.376347395898641,45.0,17.0,3428.0,4206.0,178.0,1296.0,381.0311590565047,7.90397543960482,113464.28815002655,443.0,NORMAL
46.32813141800657,42.0,42.0,14015.0,9664.0,879.0,727.0,1313.3882582946087,4.459986262973493,885176.906143225,443.0,NORMAL
22.253801209225244,44.0,31.0,12030.0,11866.0,1288.0,319.0,346.3357609331444,8.6392569316249,1901616.950240562,443.0,NORMAL
30.940596291889335,18.0,6.0,7828.0,11750.0,218.0,433.0,1849.4020778168067,1.1128698020113212,1491359.105666166,443.0,NORMAL
0.6546941963327748,2.0,1.0,55.0,162.0,96.0,149.0,1366.7133825218514,8.801108470152032,162490.53522289798,53.0,NORMAL
1.6350506191958858,3.0,3.0,116.0,62.0,78.0,149.0,1204.842691019102,1.492104335995249,496859.09864099405,53.0,NORMAL
2.8681769058634288,9.0,22.0,8398.0,17337.0,136.0,455.0,4318.0444723373985,2.18607251458663,302638.3273439624,80.0,NORMAL
57.181085356158086,22.0,30.0,6608.0,13495.0,798.0,660.0,545.3060141672308,9.367408580741635,1331839.0082897951,443.0,NORMAL
0.26232174022998656,3.0,2.0,65.0,292.0,110.0,166.0,2279.1067113259624,8.832886693982601,89920.66081817135,53.0,NORMAL
1.6106734375593015,3.0,3.0,87.0,274.0,97.0,164.0,605.6177373472352,14.980575611882095,132802.99558458716,53.0,NORMAL
0.24223651916303698,2.0,2.0,100.0,199.0,69.0,144.0,2531.001622404996,18.19419615587116,113518.18718253436,53.0,NORMAL
18.75182027918941,31.0,23.0,9148.0,11307.0,709.0,597.0,906.3158573263685,3.2778426888248777,1387699.5392034883,443.0,NORMAL
1.3362555027230951,4.0,4.0,123.0,166.0,92.0,76.0,198.55652947619595,5.965740738514295,432768.30926055193,3389.0,BruteForce
0.3881473472593804,2.0,1.0,137.0,94.0,78.0,89.0,3570.9507032756846,10.337535390949808,325835.32672209584,53.0,NORMAL
0.7971134481652971,1.0,1.0,123.0,238.0,69.0,106.0,2796.8260098683763,2.7580667229077145,197368.65406599702,53.0,NORMAL
58.89035922068283,13.0,41.0,11336.0,2320.0,333.0,829.0,442.0948099368923,3.5153506270102066,683177.9132054693,443.0,NORMAL
57.936587729324245,15.0,5.0,6607.0,17447.0,232.0,1378.0,487.20828706985117,5.938495665417735,1212558.6559077501,443.0,NORMAL
23.53443873952086,14.0,15.0,1574.0,14200.0,364.0,858.0,705.9588593205899,2.6258394063094626,1546488.8393595205,443.0,NORMAL
34.83820813587882,11.0,15.0,1043.0,5944.0,925.0,137.0,855.2799279283475,4.3595716656492005,1555966.9182232947,443.0,NORMAL
0.21313913427863254,2.0,3.0,185.0,290.0,96.0,112.0,2662.2179667787923,7.050379341233514,245917.8099017548,53.0,NORMAL
1.0653673440855431,3.0,2.0,83.0,227.0,45.0,79.0,1320.171106143018,15.022966984774895,486171.3813111264,53.0,NORMAL
55.914682210610316,19.0,7.0,8804.0,9062.0,885.0,938.0,1198.4672801480285,5.235998179390781,987981.5817316436,443.0,NORMAL
23.21513019094676,14.0,25.0,829.0,9532.0,592.0,345.0,2991.072952025933,9.032729302152637,158452.27488579092,80.0,NORMAL
1.679968487955055,3827.0,0.0,114034.0,0.0,54.0,0.0,185429.51431920115,6718.334579889027,487.7529692870054,22.0,DoS
0.36830194257597976,1.0,0.0,53.0,0.0,76.0,0.0,2125.9219288332147,77.90434867112285,2290.8874445877814,11783.0,PortScan
0.2474450167395296,3.0,3.0,178.0,232.0,118.0,60.0,1214.0900202964056,10.026632262653195,175364.96380958508,53.0,NORMAL
8.762493422508328,49.0,19.0,2830.0,4856.0,133.0,869.0,1591.190774587007,8.875341939403462,1731867.3948915908,443.0,NORMAL
1.4169548147191575,1247.0,0.0,158330.0,0.0,48.0,0.0,659019.216453686,2739.942852861147,355.83499476776535,443.0,DoS
26.15705953631265,11.0,14.0,3421.0,29294.0,1156.0,1399.0,1412.5247446657413,1.7692834066420426,142238.77218929253,80.0,NORMAL
28.963736775509467,9.0,22.0,12688.0,1824.0,1092.0,422.0,1281.3428335812548,3.0569595892253525,1365006.88087547,443.0,NORMAL
0.6227943292623775,3345.0,0.0,163510.0,0.0,45.0,0.0,576042.4807654532,4525.18189361136,226.4401403388367,443.0,DoS
1.1614069746622973,2.0,1.0,32.0,106.0,119.0,153.0,2097.080218212696,14.830367834866873,88655.52792232625,53.0,NORMAL
10.160033850675225,9.0,13.0,6396.0,45137.0,881.0,1228.0,4867.412254356961,11.946518388925803,270347.903300166,80.0,NORMAL
7.682211427728306,23.0,11.0,7444.0,6606.0,418.0,687.0,1948.1322579019422,11.839740333830003,270212.2745838966,80.0,NORMAL
0.9370188914492994,1.0,3.0,170.0,172.0,114.0,81.0,1198.072336053507,2.002266689226118,361905.7411812488,53.0,NORMAL
14.233315513817658,14.0,35.0,8694.0,11033.0,793.0,1257.0,1264.0563695887984,0.7720011949695944,532369.056239503,443.0,NORMAL
49.45069867046337,19.0,32.0,12410.0,9732.0,600.0,756.0,1892.421466090027,3.7459033795371885,1960231.8664285983,443.0,NORMAL
25.681716156767525,16.0,25.0,7780.0,8405.0,146.0,1351.0,4401.937501440528,1.0493344097416866,456653.1266558742,80.0,NORMAL
1.7070226562888062,3.0,3.0,38.0,181.0,86.0,82.0,4890.450979731128,10.224975509396668,240735.5123566166,53.0,NORMAL
0.07947809306040263,3.0,3.0,117.0,68.0,45.0,84.0,3018.5383525464867,17.755451384412854,464498.7062535593,53.0,NORMAL
1.1480257864736145,3.0,2.0,103.0,150.0,66.0,154.0,556.5930592513889,11.195596142637331,119189.12511137467,53.0,NORMAL
1.9982827816708546,2.0,3.0,54.0,111.0,45.0,61.0,4131.676558678111,9.996415171015855,311624.1964958112,53.0,NORMAL
1.329307589552059,3626.0,0.0,79921.0,0.0,47.0,0.0,157602.79822756612,8783.172797488909,315.9574737130262,80.0,DoS
19.546656677841156,9.0,5.0,1784.0,13366.0,896.0,664.0,1254.67322089054,0.6993573266847048,1059713.6000324108,443.0,NORMAL
1.0680807439386604,1995.0,0.0,34769.0,0.0,52.0,0.0,164135.76783229836,9895.486241888939,288.81417302163675,22.0,DoS
16.762860182866365,13.0,18.0,1851.0,24889.0,1060.0,1322.0,2242.795530285653,5.28824293735513,856077.2362060824,80.0,NORMAL
10.91283825694694,38.0,45.0,13928.0,17845.0,996.0,542.0,850.1978995535401,7.954079187454858,1099150.2036337086,443.0,NORMAL
0.7963445363849708,1.0,2.0,184.0,72.0,65.0,124.0,4282.10542545786,19.50818343703212,291738.4565366771,53.0,NORMAL
51.86552941866159,39.0,42.0,1234.0,6375.0,1313.0,470.0,843.3336204386177,5.665520083557322,1653962.798651742,443.0,NORMAL
57.67699155527878,10.0,43.0,9567.0,4607.0,661.0,1252.0,162.19524714801543,0.6441433496324303,1678586.7763893825,443.0,NORMAL
1.8796450267488256,4791.0,0.0,122025.0,0.0,48.0,0.0,200504.55147111433,5790.818269485506,180.51840849160928,80.0,DoS
34.16229486975169,44.0,41.0,5786.0,1038.0,517.0,826.0,1994.583935540517,5.143656123481948,1809508.0728615143,443.0,NORMAL
12.827996416175765,19.0,39.0,7107.0,16471.0,602.0,841.0,574.3351762407752,5.141520877262929,1796223.108588668,443.0,NORMAL
20.766643018616147,12.0,17.0,1608.0,10920.0,284.0,833.0,4565.501555048925,13.1727561638321,181333.7422761044,80.0,NORMAL
1.612688357117191,3.0,1.0,131.0,199.0,49.0,77.0,2650.589945571974,16.084340402001963,102356.74570428548,53.0,NORMAL
58.96033839760778,27.0,13.0,7403.0,1236.0,621.0,1012.0,1863.6661582323438,4.437528910371908,1983661.0289490577,443.0,NORMAL
29.13710628161023,21.0,27.0,8478.0,8121.0,549.0,654.0,1162.1058331421784,8.386361967999644,1733762.0251335101,443.0,NORMAL
0.5820167388072642,2.0,3.0,62.0,115.0,99.0,64.0,1332.8684942281639,15.745074792126236,53590.61255296828,53.0,NORMAL
12.896011882816927,41.0,48.0,1358.0,19775.0,666.0,208.0,162.54531485151216,7.843803037704314,1297790.4539963251,443.0,NORMAL
57.08582166931581,8.0,13.0,7655.0,3957.0,496.0,682.0,311.180872187507,7.236801419814543,565781.2378051574,443.0,NORMAL
0.18810627538205787,2.0,3.0,83.0,183.0,96.0,140.0,1017.4050240367778,15.607801413385106,185320.29621815291,53.0,NORMAL
39.201008135121576,43.0,18.0,8044.0,18765.0,128.0,217.0,1985.0877269370915,6.304041809644636,363973.13593686355,443.0,NORMAL
1.7219060211166572,5.0,9.0,6504.0,40866.0,448.0,1392.0,4731.007817045833,11.298372462920716,190018.63550199283,80.0,NORMAL
55.271481368352866,42.0,39.0,2079.0,2848.0,900.0,276.0,1142.4129442215965,6.328813395709382,1884570.6734627069,443.0,NORMAL
1.2180931082031334,3.0,3.0,58.0,53.0,114.0,71.0,1514.6736543521415,18.37691619019789,418478.5037340752,53.0,NORMAL
1.330774581393585,2.0,2.0,97.0,225.0,66.0,101.0,4116.126176555561,5.234049048933192,327603.9953988487,53.0,NORMAL
4.603599631436961,45.0,42.0,10988.0,12638.0,248.0,426.0,258.0072929516833,9.551643562857437,1118018.2245747258,443.0,NORMAL
38.37082163411498,19.0,19.0,8939.0,11903.0,108.0,353.0,876.3494443741562,3.0278334907550213,1524914.6920977482,443.0,NORMAL
20.391208176825042,31.0,28.0,1527.0,4759.0,539.0,266.0,467.1483838212476,0.9985379678793366,1714585.2276064379,443.0,NORMAL
1.417329737168574,2.0,3.0,149.0,220.0,116.0,89.0,3482.8474166924707,16.911867099024477,435567.01730886294,53.0,NORMAL
41.71028855841928,24.0,39.0,2536.0,4603.0,410.0,1363.0,566.8396757208837,8.619883644125139,1278389.1806876324,443.0,NORMAL
3.2764510606260226,4.0,3.0,465.0,101.0,96.0,60.0,135.5475256970376,2.856920942574204,443332.25879067223,3389.0,BruteForce
0.06435997972361958,3.0,3.0,124.0,248.0,42.0,73.0,1875.4059576539814,2.254492622869506,362960.8676514547,53.0,NORMAL
32.80657861142451,33.0,43.0,12069.0,5768.0,1251.0,940.0,454.0939387679828,3.9276037359621077,595976.6332832933,443.0,NORMAL
0.1714241788930909,1.0,0.0,51.0,0.0,53.0,0.0,4292.237979236214,73.24152296308448,6278.22693349173,44225.0,PortScan
28.371951231927632,28.0,43.0,1011.0,18218.0,1061.0,1373.0,1678.9128990805716,9.972374167297362,1171645.2078441458,443.0,NORMAL
20.759431264768082,35.0,9.0,11323.0,17210.0,1032.0,977.0,1105.431461045514,5.277872402290864,1686950.9019656968,443.0,NORMAL
5.581310745624699,6.0,36.0,7445.0,18610.0,491.0,249.0,876.1935019513389,5.891604991586477,474666.115506878,443.0,NORMAL
0.2515929646870652,2.0,2.0,51.0,122.0,109.0,177.0,4334.538794293423,3.208464629069081,457761.9355733389,53.0,NORMAL
0.8406566366996255,1.0,2.0,86.0,114.0,50.0,163.0,4693.282196262319,16.033388423357287,448820.62014691124,53.0,NORMAL
6.162356491959214,22.0,13.0,1556.0,10086.0,1130.0,631.0,3585.774138796209,8.329592541756274,662565.8697074637,80.0,NORMAL
0.6685873055240965,2.0,3.0,53.0,57.0,55.0,145.0,790.6320506777597,9.93768409256672,74072.00816460064,53.0,NORMAL
26.98603966843302,28.0,38.0,6674.0,18467.0,1346.0,1379.0,1662.0752711837088,0.7098905974953611,1122654.9516695542,443.0,NORMAL
1.513208764807832,3.0,3.0,101.0,285.0,64.0,72.0,3733.3548490214125,6.652751674980896,14836.75669922148,53.0,NORMAL
15.087851600329838,6.0,23.0,8372.0,13844.0,1159.0,954.0,1531.4173359681,3.8164890967710194,1070487.6819794113,443.0,NORMAL
0.02202496674755315,1.0,2.0,102.0,117.0,98.0,123.0,2537.513908438647,13.796127997068739,298684.2499766593,53.0,NORMAL
3.0583204762152834,9.0,13.0,1700.0,4982.0,123.0,1003.0,1708.509497186633,6.475949196610504,551827.5672478694,80.0,NORMAL
23.882317677118458,6.0,4.0,4373.0,2396.0,994.0,239.0,531.5348401275666,11.433129687771205,523789.95627943106,80.0,NORMAL
12.209269895365523,9.0,22.0,2026.0,16582.0,467.0,370.0,1034.1752089907823,12.267611627258578,372766.8388620922,80.0,NORMAL
0.5544073490881274,3.0,11.0,2669.0,30589.0,1334.0,253.0,2801.9231502047073,5.412034468392903,477990.0762211629,80.0,NORMAL
0.29130091383288687,2.0,3.0,167.0,84.0,41.0,167.0,2195.942055623899,16.897309771200092,178680.49074041753,53.0,NORMAL
57.803332664939155,46.0,6.0,2142.0,12938.0,362.0,465.0,988.5504359572778,0.532950362813206,485161.5333703063,443.0,NORMAL
23.274999093668725,16.0,26.0,6282.0,34554.0,431.0,1023.0,4744.005473423259,4.620975174511964,579803.7951422704,80.0,NORMAL
1.6350523191461395,2.0,1.0,35.0,59.0,100.0,84.0,2844.091446053224,14.977575768441094,383010.14917023404,53.0,NORMAL
37.80770015591781,21.0,26.0,3939.0,4232.0,1195.0,458.0,139.86769294397604,7.256785622127926,216608.56664560986,443.0,NORMAL
57.399210908363834,46.0,45.0,1174.0,15255.0,1024.0,368.0,918.8446007600373,5.498982428878152,632958.5659172322,443.0,NORMAL
0.05238667747458964,2.0,2.0,75.0,235.0,115.0,174.0,3779.1469631799378,4.029917561095665,74814.32751099642,53.0,NORMAL
1.8613611835402586,4025.0,0.0,115326.0,0.0,51.0,0.0,887071.5870770206,9240.255853056597,297.46545949160003,443.0,DoS
29.73665321031722,44.0,43.0,9177.0,17375.0,537.0,1325.0,1458.9356505749665,5.479973330003139,1760792.0197314753,443.0,NORMAL
45.24766775355149,21.0,13.0,1591.0,17076.0,826.0,488.0,877.4598119676176,2.3404234688675984,1712412.9561108127,443.0,NORMAL
1.4557817091078977,1.0,2.0,68.0,174.0,71.0,134.0,550.6542243488634,6.670324410817184,274141.41182579426,53.0,NORMAL
0.9617381938319739,1692.0,0.0,133038.0,0.0,43.0,0.0,283758.39330815076,3380.3831428458225,292.6636165170645,22.0,DoS
13.094073429533438,27.0,49.0,1430.0,7792.0,488.0,868.0,1207.4834029397136,7.511397147634959,1218851.8413937015,443.0,NORMAL
0.3724947405472689,2.0,1.0,184.0,119.0,45.0,101.0,428.70737161172696,3.8268149749238236,301284.3732572536,53.0,NORMAL
1.8165620854346147,667.0,0.0,66965.0,0.0,50.0,0.0,182766.77437754173,9891.54653287959,389.68507761745644,80.0,DoS
2.2197194641394864,16.0,26.0,4789.0,9389.0,1131.0,1114.0,1306.8180806498121,10.430405127684805,298090.2407052519,80.0,NORMAL
3.402999336819238,17.0,18.0,8034.0,6024.0,475.0,264.0,1216.0288310104295,8.745155751522981,1943193.3522299668,443.0,NORMAL
22.93171991773825,14.0,38.0,12410.0,8334.0,675.0,905.0,450.5269666123557,7.902653185281426,1283918.1963092715,443.0,NORMAL
1.7918294035594096,3.0,2.0,99.0,237.0,82.0,63.0,103.600088270922,12.35042100177382,445348.1238462563,53.0,NORMAL
1.249990268300232,2.0,3.0,174.0,97.0,93.0,139.0,1005.1579327326976,18.21715394895327,24378.62907938417,53.0,NORMAL
59.27132426042741,46.0,12.0,1760.0,19456.0,209.0,833.0,325.91573358818744,5.6651154055138475,729933.9870212626,443.0,NORMAL
55.58965072752429,35.0,30.0,4131.0,12025.0,680.0,1175.0,1583.9819300462393,3.187815326287587,793089.245403471,443.0,NORMAL
30.43484420762057,17.0,11.0,11106.0,15372.0,664.0,214.0,1459.5823073988372,7.307216146221273,1104261.0786239952,443.0,NORMAL
21.506719930099944,39.0,44.0,14011.0,14347.0,597.0,826.0,1700.6185240858495,7.301609589324271,527464.689590243,443.0,NORMAL
23.14446456725651,48.0,7.0,1874.0,1753.0,1279.0,1205.0,1386.9110171268012,3.3118405303039764,1355535.091562304,443.0,NORMAL
1.589961867339253,1.0,3.0,99.0,104.0,67.0,104.0,2247.4264394074703,16.031381020302312,248650.96923787333,53.0,NORMAL
0.23675177122421961,1.0,1.0,135.0,97.0,82.0,144.0,1141.094385070213,14.172616062175171,229880.29423780905,53.0,NORMAL
1.0042275006070702,4509.0,0.0,130402.0,0.0,50.0,0.0,525034.360902349,8869.057976128193,114.07168670456228,22.0,DoS
21.348439456846652,7.0,9.0,2638.0,4521.0,351.0,1302.0,2761.102240757442,10.811147116870567,967972.2963961075,80.0,NORMAL
20.69626128231852,24.0,12.0,8917.0,11903.0,704.0,1373.0,779.2955965154941,9.196921982175072,196631.785438659,80.0,NORMAL
45.64833883562947,10.0,28.0,9422.0,6734.0,812.0,244.0,196.22612024308,9.739884900618243,1896356.0452237986,443.0,NORMAL
1.3266374544494568,3.0,3.0,183.0,295.0,111.0,153.0,1066.8979781546873,13.840749695102003,262105.62603647538,53.0,NORMAL
4.415104222311278,7.0,3.0,327.0,274.0,64.0,99.0,98.64503817554721,4.933164793505624,250307.79993182764,21.0,BruteForce
27.331326795720013,16.0,21.0,9498.0,31934.0,566.0,1255.0,4516.2895609754605,14.773640036531738,417096.8263287068,80.0,NORMAL
14.84388282947176,16.0,48.0,13700.0,13194.0,614.0,273.0,190.34045687421064,9.687598365027933,1980206.1654056788,443.0,NORMAL
0.5835238970133336,2.0,1.0,121.0,241.0,97.0,130.0,4649.039360424989,10.270895699582303,278955.6411129113,53.0,NORMAL
47.85842909041492,5.0,46.0,6897.0,2811.0,997.0,1389.0,1035.640295646353,6.275089180822903,1780685.2921861578,443.0,NORMAL
38.24714563242733,11.0,27.0,12562.0,14989.0,460.0,1339.0,734.7499015142533,9.585986410688417,1182827.9487095545,443.0,NORMAL
48.617183328135475,41.0,19.0,7578.0,1770.0,737.0,266.0,1907.670479849301,1.5954689607290753,490963.99171330564,443.0,NORMAL
22.55182509780909,17.0,14.0,6982.0,27559.0,1131.0,843.0,4403.795016679196,3.084989049567203,646915.02629513,80.0,NORMAL
0.11140076762431853,1.0,0.0,56.0,0.0,42.0,0.0,752.5824709438918,86.17286072570944,6516.735999681814,21136.0,PortScan
0.7370138909594958,3.0,3.0,138.0,128.0,51.0,175.0,128.36155144281489,18.623750994953436,358033.2084081181,53.0,NORMAL
8.96077951871763,17.0,22.0,2878.0,25443.0,911.0,822.0,2971.580675172021,10.929882745177899,534046.5063035795,80.0,NORMAL
17.541747089508142,24.0,16.0,3453.0,20628.0,601.0,1327.0,4788.965900586055,8.505489825578927,468806.1421715144,80.0,NORMAL
32.90683154414712,19.0,24.0,2797.0,5959.0,1031.0,1333.0,1175.763066055073,3.524089524034539,1475124.3400051573,443.0,NORMAL
20.685992094609755,25.0,13.0,9806.0,20960.0,861.0,107.0,3865.835828150503,3.406318755912429,385498.27951876516,80.0,NORMAL
1.1148541469394364,3.0,3.0,185.0,292.0,48.0,154.0,940.2216109221217,18.26831500989533,179994.0047259169,53.0,NORMAL
5.477734293072376,18.0,7.0,2650.0,9969.0,1130.0,677.0,1475.1446846677634,7.743779678344678,550603.2045565476,80.0,NORMAL
0.15676020184000372,1.0,0.0,72.0,0.0,53.0,0.0,2133.9503446563795,84.53120846395629,776.4843977871855,11975.0,PortScan
0.44119758028052547,1.0,1.0,182.0,255.0,79.0,140.0,725.0917095390482,5.120600209252096,456438.5280362422,53.0,NORMAL
1.0017195065952487,2.0,3.0,164.0,51.0,44.0,164.0,4641.907756035355,19.491657530288666,68122.95444612669,53.0,NORMAL
37.7224048523938,21.0,26.0,2629.0,8873.0,206.0,720.0,1720.3316110727137,3.7099753736378736,1311180.8948674838,443.0,NORMAL
27.90800220498528,13.0,20.0,4721.0,49179.0,1209.0,684.0,2201.8726656531962,5.614263973281489,868577.970773169,80.0,NORMAL
1.0743078756978282,2.0,3.0,66.0,205.0,52.0,67.0,3859.280279389793,3.614522493350188,395069.35976696777,53.0,NORMAL
42.00211424524524,47.0,8.0,14309.0,4052.0,188.0,545.0,495.28864310591155,2.36593382473966,1773467.0065807088,443.0,NORMAL
1.7316365230612283,2.0,1.0,57.0,238.0,89.0,94.0,126.25719326095626,5.477045183959117,318602.6919248964,53.0,NORMAL
0.19384596492252584,1.0,2.0,173.0,51.0,49.0,63.0,3194.468162597248,6.157389459440984,364336.74879593094,53.0,NORMAL
1.3248421504648284,9.0,44.0,11170.0,10988.0,1263.0,1372.0,1480.2845522077093,9.169298832847268,119576.45706210402,443.0,NORMAL
28.089009618057418,33.0,15.0,4409.0,7608.0,543.0,846.0,1027.5989587253343,8.503430868519944,1244626.9856218367,443.0,NORMAL
34.4539593982134,46.0,28.0,8989.0,9539.0,1126.0,1336.0,971.3941261197851,2.1937859855472475,1478825.6200879675,443.0,NORMAL
0.4276565666208906,1.0,3.0,84.0,139.0,60.0,124.0,1523.5987278467524,14.871681717283687,454029.5305952533,53.0,NORMAL
1.7770907451028668,3.0,2.0,59.0,107.0,82.0,63.0,2078.6511505092158,17.78085163627781,404801.3058512847,53.0,NORMAL
19.004054310991133,11.0,17.0,9036.0,2595.0,1062.0,1189.0,1291.3383598083396,13.296091028051414,350769.98703046207,80.0,NORMAL
1.409435373663522,3.0,1.0,88.0,122.0,83.0,133.0,1760.6447247764067,2.6413480937055627,172618.47710957244,53.0,NORMAL
1.6343428959455268,1.0,3.0,119.0,291.0,49.0,163.0,1239.2770426911502,4.202612691685778,31015.137583620683,53.0,NORMAL
1.6210644397091512,3.0,3.0,149.0,76.0,99.0,133.0,3528.041273020603,8.960548775076706,437109.42180702265,53.0,NORMAL
1.324378933379265,1.0,2.0,83.0,194.0,70.0,118.0,3176.8995620681267,1.7665694159149878,464857.00428734976,53.0,NORMAL
37.598263529854414,34.0,35.0,6152.0,17039.0,138.0,328.0,1437.8324730416257,1.5966195798433374,1544515.362465384,443.0,NORMAL
17.427499240490736,4.0,28.0,1764.0,46725.0,892.0,934.0,754.4052117453529,12.587719318156049,235583.646902423,80.0,NORMAL
26.01317807721174,12.0,12.0,1167.0,10506.0,825.0,645.0,2677.9519941640647,10.605201487326045,586024.7714813534,80.0,NORMAL
22.156129229967515,26.0,38.0,1938.0,18929.0,353.0,1332.0,1846.6670329175815,8.829974357714265,834342.3826657732,443.0,NORMAL
56.03098051788678,16.0,37.0,2054.0,5643.0,267.0,878.0,1358.7470708864787,1.1743973159381715,470108.1889114434,443.0,NORMAL
0.6137048224821772,2.0,3.0,134.0,109.0,42.0,68.0,3878.7947746711534,8.436950970097083,325003.0292018599,53.0,NORMAL
6.275249136423311,43.0,33.0,6292.0,14139.0,1246.0,1185.0,1107.7803071532662,8.042417712053584,1722629.2888912887,443.0,NORMAL
59.537322874575445,13.0,43.0,9581.0,16991.0,601.0,884.0,1660.925735758739,4.57313204233396,1307937.0352982862,443.0,NORMAL
56.69950104151018,30.0,47.0,4037.0,1303.0,502.0,1107.0,1424.9189636040398,1.5713203056469542,543089.3416354479,443.0,NORMAL
34.1275906896119,45.0,23.0,9283.0,10557.0,1037.0,799.0,1350.8784751520625,1.334641629022783,1976686.1550822381,443.0,NORMAL
42.793415626187056,23.0,31.0,1672.0,8723.0,177.0,1121.0,672.9336252488442,3.521060984246803,629789.5651003227,443.0,NORMAL
45.89946748622813,40.0,25.0,7156.0,5830.0,760.0,156.0,966.9621779428179,1.0108637155127997,870886.4166784701,443.0,NORMAL
11.877408869554957,8.0,20.0,5362.0,25525.0,388.0,1342.0,2206.0987892025532,3.1991999318458735,192375.0004604142,80.0,NORMAL
48.41665253704775,25.0,8.0,7963.0,15700.0,183.0,848.0,400.31647055413373,6.420960269081594,897915.3058807927,443.0,NORMAL
28.29810735450678,15.0,44.0,6266.0,9142.0,128.0,312.0,549.6452210114562,5.186599629567195,1478745.3809233462,443.0,NORMAL
0.14020001814426658,1.0,0.0,64.0,0.0,55.0,0.0,495.57520274794643,31.74599702023613,8660.717633067983,52074.0,PortScan
1.2179122795413928,4095.0,0.0,101741.0,0.0,58.0,0.0,152336.00554370473,4372.094018751503,96.84896088904297,80.0,DoS
1.7019432162563475,9.0,7.0,7101.0,15941.0,173.0,1076.0,1755.104262314152,13.861192550327946,695506.7377065631,80.0,NORMAL
0.8224893784768718,2.0,2.0,100.0,283.0,41.0,117.0,749.5450852191047,18.23527247867433,217881.94469678556,53.0,NORMAL
22.11741871427177,21.0,11.0,4967.0,38620.0,570.0,703.0,1557.9801156983779,9.844573178318846,764488.4428245645,80.0,NORMAL
14.251684553458936,36.0,23.0,2960.0,19187.0,538.0,752.0,1944.8697099660542,3.0864164141524277,1879859.4534069945,443.0,NORMAL
32.82119227302339,38.0,48.0,13399.0,19040.0,457.0,520.0,242.11363119418468,5.86492170379045,1565604.4798572252,443.0,NORMAL
0.2553948844279357,2.0,2.0,107.0,203.0,103.0,148.0,264.4142963023279,17.050491956767964,112011.56581128345,53.0,NORMAL
0.29694095296171025,1.0,0.0,71.0,0.0,60.0,0.0,1506.5754783325463,38.65444468865399,971.1631416344264,590.0,PortScan
0.052130698994331336,1.0,0.0,63.0,0.0,69.0,0.0,4597.139179281976,74.23261072225466,4602.348827345326,62008.0,PortScan
4.51386593980507,6.0,7.0,339.0,343.0,149.0,51.0,142.6163930861122,8.068718901715656,248029.13089122204,22.0,BruteForce
27.397329642583824,37.0,30.0,4244.0,6981.0,1259.0,370.0,660.1041996142677,3.558152254027307,1123477.7499650833,443.0,NORMAL
1.5648121305729228,3.0,1.0,63.0,216.0,50.0,95.0,2494.4079886755685,9.42418455085644,459577.02397472213,53.0,NORMAL
0.8904539864658318,1.0,1.0,46.0,135.0,117.0,70.0,4567.280703915285,9.431502728678142,66315.37735640671,53.0,NORMAL
1.845573011601879,2.0,3.0,140.0,163.0,92.0,88.0,1303.6234838382547,14.382792834781554,232519.28174268504,53.0,NORMAL
41.98709178041118,38.0,20.0,6520.0,5492.0,916.0,843.0,1144.85003398736,1.6629026635223856,1653628.6925104512,443.0,NORMAL
43.242361501996456,43.0,49.0,12780.0,19721.0,1275.0,642.0,373.34491133300327,0.9498098450924085,589827.4422847416,443.0,NORMAL
0.032504286493400085,3.0,3.0,109.0,89.0,92.0,130.0,3224.877609255813,10.643395877220934,451156.3696150632,53.0,NORMAL
7.42028772034774,10.0,19.0,3807.0,41916.0,1381.0,198.0,4613.55573988672,2.8107758598588175,511730.1469072147,80.0,NORMAL
9.51029685978113,28.0,28.0,6349.0,3284.0,872.0,409.0,4860.1426060988,10.775863591189859,620610.4993350371,80.0,NORMAL
10.205099786103755,7.0,27.0,5537.0,5960.0,478.0,671.0,828.6535741202235,5.100474079742821,1769045.3346070508,443.0,NORMAL
1.3068153314182385,1.0,3.0,99.0,299.0,110.0,167.0,3307.740883861701,15.161439336418205,379150.78891908645,53.0,NORMAL
26.42862317021934,16.0,6.0,7153.0,12240.0,939.0,1021.0,3257.3432725862817,14.635964806947259,786045.1942164539,80.0,NORMAL
1.5762416307330087,3.0,1.0,176.0,84.0,98.0,159.0,3678.1459629067226,15.200817898215403,16403.925181648996,53.0,NORMAL
1.6250535375061428,3452.0,0.0,149656.0,0.0,40.0,0.0,590570.0431083359,5176.3630390703,72.95957898358625,443.0,DoS
28.864626445615922,32.0,45.0,6153.0,1987.0,187.0,750.0,213.81893190639113,4.852314447779327,722225.3168589487,443.0,NORMAL
12.99016237407915,30.0,26.0,4809.0,7851.0,567.0,716.0,1440.5700616855906,5.47082027343604,919210.6369561233,443.0,NORMAL
7.757516777270438,21.0,22.0,1386.0,21709.0,292.0,250.0,3538.502774776272,14.832764734926037,990212.3876318764,80.0,NORMAL
0.9663131150585045,1.0,1.0,171.0,127.0,54.0,117.0,1573.7583048660952,17.833159971260226,137924.1822695151,53.0,NORMAL
0.6316705948957179,2.0,1.0,113.0,78.0,105.0,76.0,1826.2271210806025,1.4209000222290937,397216.4961413478,53.0,NORMAL
1.9907312100515577,2.0,2.0,160.0,291.0,63.0,83.0,2451.3017394436947,17.16876925466492,28465.104605445176,53.0,NORMAL
59.69711271301626,47.0,24.0,10862.0,13841.0,201.0,433.0,380.68378111609115,5.610189651878518,405026.1645433436,443.0,NORMAL
1.017267314950131,2800.0,0.0,123452.0,0.0,56.0,0.0,319208.76882312866,4358.771638362194,482.3169824946823,443.0,DoS
1.7956928465686879,1942.0,0.0,177022.0,0.0,55.0,0.0,344564.5327881153,4392.654000372539,297.3163820520891,22.0,DoS
1.57551830038554,3940.0,0.0,160726.0,0.0,40.0,0.0,737339.0650683879,3458.463289256602,361.3797077394358,443.0,DoS
51.18432201656027,21.0,9.0,14902.0,2872.0,802.0,384.0,382.5003454777238,5.095055249515464,1864229.350512025,443.0,NORMAL
0.3078744775302701,1.0,1.0,85.0,199.0,44.0,159.0,3081.1320502828585,17.80504320231452,326274.1344852086,53.0,NORMAL
51.87945881605796,9.0,43.0,8192.0,17254.0,237.0,793.0,172.1044874557545,7.955345429852651,240451.2616269509,443.0,NORMAL
1.093077443400871,2.0,1.0,174.0,202.0,91.0,84.0,773.4390621332232,2.9894941819735195,261317.79457982746,53.0,NORMAL
1.9550667444676704,3.0,1.0,92.0,212.0,82.0,64.0,4187.419707500135,16.005151706815234,230581.66538509142,53.0,NORMAL
1.3839241403814737,1.0,3.0,71.0,213.0,95.0,170.0,1343.8433919748593,5.574189055897412,268617.78871889564,53.0,NORMAL
53.98520307700211,37.0,40.0,8855.0,8366.0,150.0,883.0,101.62202513106621,7.231636422409028,225855.05396787164,443.0,NORMAL
28.033026317535665,49.0,40.0,5923.0,9273.0,333.0,949.0,1997.9916277629839,2.087686184428594,320435.1714303651,443.0,NORMAL
33.2480513799054,11.0,43.0,7446.0,10745.0,1323.0,1114.0,1287.1198519382217,2.128614841192789,118420.81983531166,443.0,NORMAL
21.634234031833522,4.0,22.0,4073.0,14466.0,690.0,1211.0,1732.2696499652895,11.042614622855819,347821.55160429125,80.0,NORMAL
0.7347919190490771,2.0,2.0,43.0,236.0,72.0,140.0,3568.1945502045432,6.412593426998548,227469.5547622046,53.0,NORMAL
21.625563515364338,29.0,15.0,5468.0,9745.0,448.0,455.0,4551.941993749648,3.4079335528461363,775732.6483234339,80.0,NORMAL
50.09591649950677,10.0,39.0,2463.0,2910.0,898.0,876.0,620.6469186731231,5.140460081374385,1867320.5578305882,443.0,NORMAL
0.31050930349000494,2656.0,0.0,147804.0,0.0,58.0,0.0,612055.9815600752,9945.922808847487,420.9691155935566,80.0,DoS
56.272954620160725,46.0,15.0,3314.0,7997.0,518.0,195.0,421.8583387019538,4.0031270378033925,1977303.4753214677,443.0,NORMAL
58.584815573473605,24.0,30.0,3365.0,1211.0,245.0,1153.0,1441.4778695205198,5.456999406822426,507897.1141796643,443.0,NORMAL
1.7945560740499737,2.0,1.0,166.0,123.0,52.0,81.0,3641.4722040274933,11.996504472740567,498265.4070654494,53.0,NORMAL
1.4818256659275282,1.0,3.0,79.0,296.0,116.0,116.0,4647.361319410168,16.5967045084588,233512.05498921586,53.0,NORMAL
21.246873837186836,24.0,47.0,11946.0,19249.0,523.0,480.0,1433.6951666917175,3.950427975378222,1528442.9450225658,443.0,NORMAL
0.8735161020303899,2.0,1.0,196.0,75.0,75.0,100.0,1158.4641149915494,11.728899887741845,261719.38564420238,53.0,NORMAL
0.8149145936628298,2.0,1.0,182.0,256.0,86.0,77.0,2686.4820341787554,16.213891335905256,273023.0372454804,53.0,NORMAL
0.3260436333854,3.0,1.0,97.0,167.0,52.0,114.0,4124.628278960043,14.014381291337902,413913.50874004274,53.0,NORMAL
49.82287287252005,15.0,33.0,9408.0,3670.0,289.0,654.0,1563.074699796034,8.481674829318537,509731.7731119696,443.0,NORMAL
14.583718302194788,28.0,7.0,5339.0,34446.0,139.0,287.0,3329.5927012315224,8.514056887567762,593391.575726181,80.0,NORMAL
50.46139357795713,9.0,48.0,14939.0,10452.0,272.0,300.0,640.7968326847063,7.303283099958911,1295189.2878153957,443.0,NORMAL
9.212605379396035,33.0,45.0,12221.0,11807.0,752.0,565.0,1230.1680496201652,6.857438047079772,577785.3439330442,443.0,NORMAL
16.431142159854314,29.0,22.0,9023.0,31719.0,604.0,922.0,1212.6578774879933,9.876210491805608,276115.0691630405,80.0,NORMAL
26.492536093707564,42.0,49.0,11813.0,13849.0,1149.0,245.0,625.120756100209,0.9681481252763517,1232180.242686459,443.0,NORMAL
17.017581488796175,12.0,4.0,7368.0,31160.0,575.0,756.0,2789.6263147690547,2.194294467660336,710206.0746780607,80.0,NORMAL
15.593538002848662,37.0,20.0,7780.0,7406.0,607.0,211.0,130.29680426129062,3.8786601119011195,1384402.965789624,443.0,NORMAL
45.68130222093189,14.0,34.0,6718.0,18110.0,1375.0,1036.0,1461.401634820669,3.3307582472931205,1272332.6931740493,443.0,NORMAL
19.902221229437963,29.0,29.0,5571.0,10133.0,158.0,1035.0,1627.5231256015386,13.453410761591794,542203.4572275961,80.0,NORMAL
26.143459951664845,23.0,14.0,4777.0,45335.0,1146.0,618.0,1858.7116240544572,6.238278314456522,891798.9899001183,80.0,NORMAL
1.363638603678692,2.0,3.0,184.0,283.0,73.0,155.0,1870.4918566266413,4.437954130512403,188391.00936920987,53.0,NORMAL
0.8741936405167055,2.0,2.0,190.0,223.0,87.0,152.0,281.04497640048953,9.64041133058491,396053.48259690293,53.0,NORMAL
11.714265291284114,16.0,39.0,8385.0,4377.0,1307.0,710.0,623.7072030307696,3.8948125708136287,1323340.1465198174,443.0,NORMAL
0.8520717188523408,2.0,3.0,74.0,142.0,79.0,162.0,1612.73380252756,10.458290196391593,368525.6216053923,53.0,NORMAL
52.22800555028226,35.0,19.0,13067.0,19292.0,806.0,538.0,773.7914794419253,6.618373089000896,375486.6198575315,443.0,NORMAL
9.428166950749477,48.0,6.0,6249.0,15329.0,1129.0,1015.0,1428.0646649604334,4.95013514771739,270318.4096490445,443.0,NORMAL
59.15337679252544,23.0,11.0,4641.0,18692.0,723.0,757.0,674.2738503350752,2.7766952636529014,1818722.93012102,443.0,NORMAL
0.5263545116422775,2.0,2.0,74.0,255.0,104.0,69.0,4572.085922171527,2.324515905902946,415555.03781742026,53.0,NORMAL
55.442674240290266,39.0,33.0,11832.0,6558.0,1000.0,1046.0,612.6914491539676,7.275103248502689,845753.8233134141,443.0,NORMAL
46.16725828043579,25.0,19.0,10381.0,8361.0,304.0,1367.0,1098.6304806739097,8.956355113058933,1306992.3634291613,443.0,NORMAL
4.606910705938921,7.0,3.0,452.0,345.0,133.0,93.0,412.9011786244086,7.634295960405637,439162.1379106701,22.0,BruteForce
0.37960482280300273,1.0,1.0,91.0,139.0,87.0,170.0,1109.209334449487,15.426116398480602,143392.54098321637,53.0,NORMAL
1.8434677140117939,1.0,3.0,168.0,55.0,88.0,95.0,3661.6529397246445,6.338694884373652,273041.4286094114,53.0,NORMAL
57.50959825830403,25.0,43.0,12920.0,11121.0,526.0,153.0,880.0125602661659,9.246413414276489,1726095.2884403472,443.0,NORMAL
44.25120646575081,12.0,40.0,13708.0,4657.0,1055.0,804.0,465.81615367516935,4.658241640959022,479709.79226257035,443.0,NORMAL
14.429758351046434,4.0,27.0,1470.0,9592.0,283.0,876.0,4966.426190320583,5.005035376089744,841501.2662264899,80.0,NORMAL
21.547072554374722,19.0,42.0,2461.0,15274.0,472.0,918.0,1396.230115741383,1.3326025988825312,548253.8659224638,443.0,NORMAL
14.88448172182581,13.0,10.0,8192.0,15625.0,352.0,1067.0,2620.234604947836,8.283636552995146,382205.177487316,80.0,NORMAL
18.431241871167796,34.0,43.0,5570.0,11310.0,359.0,273.0,1804.5478859907792,9.32045219775399,561442.8360094059,443.0,NORMAL
47.39041376365795,32.0,28.0,4853.0,1679.0,184.0,409.0,1616.0988646956027,5.5459604435429,1630828.4521370358,443.0,NORMAL
51.78310441212426,11.0,8.0,13780.0,7205.0,648.0,849.0,422.28577675998764,7.304796139624964,1644900.2208496009,443.0,NORMAL
1.5963922365317063,2.0,2.0,104.0,210.0,60.0,109.0,3866.0520661235855,10.246713047285818,265317.4246297914,53.0,NORMAL
1.632530234014162,1.0,3.0,138.0,89.0,77.0,125.0,3963.760372997414,13.876328812438683,461647.28594469413,53.0,NORMAL
3.809578178329564,8.0,6.0,157.0,211.0,115.0,61.0,311.7982735096614,8.784928086056855,312172.9238429398,22.0,BruteForce
1.6381510918130484,2865.0,0.0,175929.0,0.0,59.0,0.0,548498.7706079384,9312.399596286064,273.3023283067527,22.0,DoS
2.4864114235945323,14.0,8.0,11164.0,14218.0,770.0,193.0,1667.3742915175098,4.6085921878947,1658747.3706980776,443.0,NORMAL
20.72038955820069,42.0,31.0,10329.0,2528.0,827.0,1167.0,1478.0900935273307,0.5342402789387282,1864890.6706454838,443.0,NORMAL
48.352555095208956,35.0,14.0,14832.0,16976.0,1005.0,1043.0,1146.5510183563401,1.1350485882679224,1046219.7482854236,443.0,NORMAL
6.493063300548053,46.0,17.0,4026.0,5231.0,1098.0,1305.0,1300.6726294177445,7.541758122803338,238667.15798880663,443.0,NORMAL
35.952059294911535,18.0,16.0,4751.0,15883.0,1038.0,257.0,750.8245360682546,4.663161198216449,809696.7928435274,443.0,NORMAL
28.620485685876336,18.0,8.0,3939.0,12215.0,1185.0,896.0,4792.925528253539,3.566279295797727,312963.17730795837,80.0,NORMAL
29.38726600943423,48.0,27.0,4359.0,19201.0,1098.0,750.0,1018.663441697564,1.1970947025658718,242843.11152664924,443.0,NORMAL
0.3013892903393814,1.0,0.0,45.0,0.0,79.0,0.0,3053.1314740052453,85.83587675445769,679.111966459182,31343.0,PortScan
13.173689385941758,15.0,40.0,7963.0,10982.0,281.0,367.0,167.85080315347187,5.966126184294448,1212624.467918863,443.0,NORMAL
0.08797572620238915,1.0,1.0,33.0,83.0,68.0,151.0,3690.3391251497055,19.271998803943603,347948.074104722,53.0,NORMAL
32.34992326252073,26.0,23.0,3464.0,15404.0,1121.0,377.0,1671.097144268621,2.331509140281505,1517333.210208693,443.0,NORMAL
0.12896533513620898,2.0,2.0,35.0,195.0,111.0,91.0,1397.0359318171352,18.204432212765994,234059.81336474503,53.0,NORMAL
0.19185595798524407,1.0,0.0,42.0,0.0,70.0,0.0,3359.5019447053396,83.46041088487357,9152.75513619678,34658.0,PortScan
52.54694973699399,41.0,38.0,14785.0,13750.0,1343.0,1139.0,1965.4352431638713,4.643397449199576,620690.8355760772,443.0,NORMAL
0.2066136624842383,1.0,0.0,47.0,0.0,62.0,0.0,1469.125085894403,15.552578603073934,8613.781696873022,10358.0,PortScan
2.354793611099158,7.0,7.0,172.0,194.0,76.0,99.0,236.49138604244007,2.385694069692276,190067.5165063222,3389.0,BruteForce
18.422139148828652,11.0,37.0,13762.0,14460.0,388.0,525.0,776.8310862298136,5.700121717959633,1616645.1963602463,443.0,NORMAL
3.339921858655099,6.0,7.0,214.0,220.0,112.0,89.0,144.33341508443982,5.414799681927341,496916.8895140263,3389.0,BruteForce
17.94710050759082,34.0,43.0,11639.0,17267.0,1312.0,1227.0,1571.9745155191426,4.507088783203043,1082935.547111041,443.0,NORMAL
48.46179525309079,5.0,17.0,13300.0,2438.0,122.0,1042.0,914.9550447063029,1.5651328765456392,1305354.7930444605,443.0,NORMAL
55.16651657974989,26.0,13.0,14543.0,5039.0,1053.0,1348.0,1581.8399803002787,7.398926482571454,792368.9416588509,443.0,NORMAL
50.842210458896375,26.0,33.0,14749.0,9050.0,1219.0,696.0,227.59978652736052,5.225648208468654,1322274.7091389478,443.0,NORMAL
18.950292334612726,21.0,41.0,1256.0,18670.0,897.0,1399.0,1535.4482305238957,1.3668027440803487,1843183.9285541272,443.0,NORMAL
0.08061197623993797,2.0,3.0,82.0,221.0,77.0,116.0,1708.0554516608101,6.976395466075993,99959.62444917663,53.0,NORMAL
2.860976484268665,8.0,7.0,176.0,129.0,129.0,101.0,89.05319332656735,9.212473045573947,317223.2272193284,3389.0,BruteForce
1.9299637804993675,3.0,3.0,42.0,106.0,96.0,110.0,4783.411043432044,12.809815303723207,110539.2106457265,53.0,NORMAL
1.8886445784542578,2.0,1.0,159.0,260.0,47.0,73.0,2021.234750216225,2.077824088948192,441491.79148168414,53.0,NORMAL
31.611445370438254,32.0,21.0,6876.0,1394.0,522.0,801.0,1060.9543404361305,1.2399907731539919,1584085.7347359736,443.0,NORMAL
0.1254808181484049,3.0,2.0,130.0,286.0,51.0,155.0,771.1392718637032,10.320305285828777,169681.08267199184,53.0,NORMAL
0.06240376266368167,1.0,0.0,79.0,0.0,43.0,0.0,2908.5040660584964,15.146517183063988,2054.655132827927,14590.0,PortScan
3.3643821959923437,23.0,10.0,8007.0,3886.0,532.0,966.0,3536.100585533259,2.426329755937703,443959.10129828396,80.0,NORMAL
44.54398336915585,47.0,26.0,3015.0,13211.0,1228.0,1146.0,1165.992597196737,3.596539667567135,1849308.0382224214,443.0,NORMAL
1.8439533143227218,2876.0,0.0,102470.0,0.0,59.0,0.0,571761.1993968657,7749.6701020480905,131.6531897400788,80.0,DoS
1.609502205556818,1.0,3.0,166.0,143.0,58.0,129.0,1232.1694104920023,6.279324136329656,314569.54787689855,53.0,NORMAL
15.395388959365931,5.0,44.0,1840.0,17375.0,403.0,1257.0,100.479663532068,3.837910636151918,1654908.8023527998,443.0,NORMAL
0.7542560326050897,4439.0,0.0,134034.0,0.0,40.0,0.0,952920.7613946561,3642.8794277098555,491.63821616095635,80.0,DoS
0.7528244370297119,3.0,3.0,65.0,256.0,79.0,110.0,4834.701366464456,6.694886160191029,426159.1546542521,53.0,NORMAL
25.678060369479084,16.0,4.0,4895.0,30100.0,977.0,756.0,822.5190233047467,6.911468474039829,303432.27932152635,80.0,NORMAL
58.87825531159842,5.0,32.0,2626.0,11446.0,178.0,1135.0,1912.4213989118423,0.5253744369928013,771874.2554847411,443.0,NORMAL
9.045917059619416,42.0,33.0,9118.0,15901.0,305.0,1258.0,787.9061153277337,6.4719965479044825,660486.5992695615,443.0,NORMAL
1.7958709167444076,1.0,2.0,61.0,208.0,95.0,174.0,3959.2363953482422,4.429025993797106,67461.00911586697,53.0,NORMAL
1.3324829636201105,2122.0,0.0,185613.0,0.0,58.0,0.0,741609.6868749139,7588.669317179577,43.44624046390928,443.0,DoS
0.5893843213423474,4586.0,0.0,79450.0,0.0,56.0,0.0,233535.3995407699,2243.448928710971,117.5818013375444,443.0,DoS
9.636065537572698,29.0,44.0,14629.0,6629.0,1020.0,722.0,1701.7825296762367,2.9493441113914276,494659.49127691373,443.0,NORMAL
37.33592810275597,22.0,26.0,9232.0,8008.0,856.0,634.0,1470.3827851165051,5.8763706125744495,1712313.7594800105,443.0,NORMAL
0.5160468799698213,2.0,2.0,81.0,299.0,113.0,131.0,1717.0373241789532,5.198420546427177,221718.13143176617,53.0,NORMAL
1.4971758912189281,3.0,3.0,173.0,129.0,97.0,70.0,3888.2348641134763,13.487435724178022,119313.1758999753,53.0,NORMAL
25.707460968632315,42.0,22.0,4424.0,14343.0,1388.0,896.0,1139.5115075027338,8.428659516969013,895274.6364609813,443.0,NORMAL
4.862108428206223,5.0,7.0,139.0,146.0,132.0,59.0,140.27452569433174,4.731049889994496,276023.7881954845,3389.0,BruteForce
47.326183045756096,40.0,36.0,13203.0,11707.0,416.0,189.0,416.7931708301522,3.3872749943260305,552400.6921969496,443.0,NORMAL
0.5821234295858742,4.0,5.0,358.0,396.0,57.0,81.0,435.86010679424146,8.213275346590727,196567.41168934767,22.0,BruteForce
1.609112429913907,2.0,3.0,156.0,107.0,40.0,112.0,2494.526385024709,4.602344510387697,148200.15186863995,53.0,NORMAL
0.3740687862168987,1.0,0.0,49.0,0.0,49.0,0.0,2775.938008116741,64.66153661490266,7970.702822675644,35696.0,PortScan
39.61616164258698,10.0,28.0,5394.0,4042.0,385.0,421.0,1494.47926399324,5.838564353843752,413161.5776814299,443.0,NORMAL
23.714937332414053,9.0,17.0,3639.0,12044.0,455.0,883.0,1715.8463974425126,11.169475694728689,204058.5343533003,80.0,NORMAL
4.443996381173527,18.0,25.0,9841.0,12209.0,1346.0,1298.0,4894.759828074221,9.792709164645087,399154.36086666456,80.0,NORMAL
0.1431784966916123,1.0,0.0,63.0,0.0,68.0,0.0,251.93343695196955,48.34400208897232,1705.5294841686139,55408.0,PortScan
19.130107930650908,26.0,7.0,12058.0,9302.0,800.0,661.0,655.5079102274838,4.575176769024256,1323779.9175287527,443.0,NORMAL
0.6451835431464435,1.0,2.0,31.0,207.0,94.0,75.0,2806.540159715634,1.5888590188758616,135353.31408363482,53.0,NORMAL
4.695646655016882,6.0,5.0,294.0,167.0,118.0,88.0,101.65669148249314,4.799162613053748,156110.9808182941,3389.0,BruteForce
2.86358254471288,30.0,21.0,12030.0,11047.0,322.0,1368.0,969.7807674047157,4.2165725678935,796424.2033770165,443.0,NORMAL
4.813802674385502,6.0,5.0,126.0,248.0,144.0,106.0,240.4522993203243,2.0397511747223023,141410.88498397585,3389.0,BruteForce
19.866463037068566,11.0,28.0,5019.0,14095.0,1015.0,438.0,4076.412891986595,1.271957058484871,995851.9414720972,80.0,NORMAL
22.69920483043594,24.0,14.0,10636.0,3921.0,1312.0,321.0,922.054204612362,2.8019039948310027,1450005.428034928,443.0,NORMAL
1.0015463535970857,2.0,3.0,46.0,92.0,60.0,103.0,3682.461657281305,19.647780118103203,286013.504962805,53.0,NORMAL
20.91896761478458,13.0,7.0,7945.0,24485.0,1089.0,188.0,1940.1211276947683,6.88001836813091,860585.093730651,80.0,NORMAL
31.616144611687414,8.0,40.0,10450.0,16438.0,325.0,913.0,1638.5896508027963,8.232203012377802,587214.5198382447,443.0,NORMAL
0.48010067566667686,3.0,2.0,87.0,96.0,65.0,143.0,1741.2604687739258,3.8023919676453426,13867.190743944966,53.0,NORMAL
1.4732391355608174,3.0,1.0,134.0,171.0,44.0,100.0,1940.0860462340245,10.50564831327791,32895.236399443515,53.0,NORMAL
21.829973104417842,42.0,49.0,14617.0,7474.0,157.0,1277.0,914.9652121321432,6.7497033032472125,1099482.8872928154,443.0,NORMAL
0.8301035704598885,2.0,1.0,30.0,109.0,73.0,173.0,4569.48320151462,19.23935046052922,238008.4635847175,53.0,NORMAL
1.1328574099783515,3.0,3.0,152.0,297.0,60.0,167.0,560.2145014250566,15.737783334376708,444642.5968686246,53.0,NORMAL
1.7976543987226923,2.0,3.0,90.0,247.0,53.0,95.0,2442.6411721110585,12.307214733986886,57568.251312929744,53.0,NORMAL
1.1001105712913044,2086.0,0.0,65841.0,0.0,41.0,0.0,684407.3891152121,4792.579137867315,435.4866790994195,80.0,DoS
21.375175182448384,30.0,28.0,4679.0,4118.0,312.0,399.0,1045.682015308329,7.634245966837505,1651923.8436801643,443.0,NORMAL
7.671802144199925,26.0,5.0,7372.0,18734.0,895.0,1340.0,2974.031219887629,7.73084522079963,278357.4408047671,80.0,NORMAL
58.631219382128904,22.0,23.0,10107.0,12094.0,908.0,987.0,1071.205132478502,8.734436477598742,574743.3911667969,443.0,NORMAL
2.4997284779016162,31.0,13.0,13985.0,4465.0,918.0,929.0,593.8413003296749,4.718615005245393,636691.5376222463,443.0,NORMAL
3.713233793942336,5.0,4.0,152.0,200.0,53.0,109.0,279.4122750704511,9.886301695401857,393875.7079709703,22.0,BruteForce
18.67437499927856,7.0,12.0,13866.0,4467.0,542.0,697.0,1046.1812427340603,9.84574027840457,374292.6618523813,443.0,NORMAL
0.7863317898155936,3.0,1.0,151.0,198.0,99.0,169.0,4631.792190848662,16.588539681531074,329618.9893340706,53.0,NORMAL
19.698398304220383,25.0,40.0,9243.0,16618.0,170.0,1268.0,182.35667786191897,5.9339234804137275,539215.0573424485,443.0,NORMAL
1.1274428553783409,1.0,3.0,93.0,261.0,104.0,178.0,3665.5389304320997,7.3618717049025175,392259.9137998842,53.0,NORMAL
1.00298903852718,1.0,3.0,46.0,124.0,65.0,90.0,1424.2756725585646,6.478698802472707,52399.391984911956,53.0,NORMAL
11.451837577395768,28.0,33.0,10883.0,12784.0,753.0,1354.0,248.1673826809683,8.993890848785659,1403827.506053388,443.0,NORMAL
1.2110239491887484,28.0,26.0,9720.0,12191.0,245.0,880.0,2283.5375897799054,8.394884945389617,874557.0130640538,80.0,NORMAL
47.139657172552766,17.0,10.0,1569.0,4447.0,1303.0,435.0,454.8599909130168,7.8085827870849664,1344612.132947107,443.0,NORMAL
1.9224076093325355,1.0,3.0,128.0,96.0,97.0,136.0,199.90675456290677,2.441678000195788,459053.4058663908,53.0,NORMAL
0.9306702505585953,1.0,3.0,165.0,113.0,47.0,116.0,1539.3476734113656,13.900895124661432,339293.42388572154,53.0,NORMAL
0.6847619201897864,2.0,1.0,191.0,57.0,108.0,158.0,3490.621639836649,8.331153974876674,210295.4802946087,53.0,NORMAL
2.522902510019732,42.0,38.0,5994.0,8506.0,847.0,967.0,1289.1456082691993,8.518747976631232,436614.300403068,443.0,NORMAL
0.44486674150197864,3.0,2.0,156.0,56.0,62.0,84.0,519.4564771333023,13.012563490415825,487258.88917814114,53.0,NORMAL
1.855955995613485,4163.0,0.0,63250.0,0.0,59.0,0.0,194186.78813306312,1945.7536977311302,87.63158570674445,22.0,DoS
0.22642681774071954,2496.0,0.0,140881.0,0.0,50.0,0.0,600094.8331183139,1503.7333987274171,355.6154293508674,22.0,DoS
1.560391594989589,3.0,3.0,156.0,164.0,87.0,150.0,1725.157670920791,11.540699573762634,19719.162069785667,53.0,NORMAL
37.49807131469587,36.0,37.0,1444.0,13752.0,149.0,1276.0,1870.054240780556,2.6816244409063943,1319328.946549944,443.0,NORMAL
34.73456877085101,42.0,25.0,14864.0,9522.0,679.0,1234.0,399.4216120972904,6.232583655700287,877990.0518509769,443.0,NORMAL
38.81735256337459,42.0,26.0,7531.0,8240.0,834.0,1372.0,1789.6510419367157,7.009140557864699,1567325.588833692,443.0,NORMAL
0.625019763370509,3.0,2.0,133.0,277.0,94.0,76.0,2228.19208733977,17.026143272093833,174744.61209520555,53.0,NORMAL
28.275438099035824,30.0,27.0,11895.0,13371.0,1118.0,1023.0,1917.6541680060054,0.909140549907923,1440687.9184640779,443.0,NORMAL
0.9099994100497287,1.0,2.0,101.0,52.0,84.0,104.0,114.7675262343403,2.547766379521925,301056.579157401,53.0,NORMAL
3.027081429425184,6.0,6.0,253.0,253.0,139.0,106.0,213.58476751129623,9.899763416606461,338709.8381892305,21.0,BruteForce
0.7481380837163626,3.0,1.0,148.0,277.0,90.0,104.0,716.4003508438905,13.377364400054645,230241.77499979874,53.0,NORMAL
0.045209390662173846,2.0,3.0,143.0,157.0,78.0,63.0,2006.4724566859252,18.498476915011896,53962.46641114006,53.0,NORMAL
1.9581418752393596,3.0,3.0,61.0,227.0,94.0,179.0,2190.1552223170256,11.310884418537979,27472.24547998398,53.0,NORMAL
1.2855577639422624,4956.0,0.0,34387.0,0.0,40.0,0.0,343065.76118256187,3049.8427678667713,212.6770831351869,443.0,DoS
5.989458283407686,3.0,23.0,9297.0,20144.0,233.0,1178.0,4482.224190813582,11.528122549424566,329681.9030367637,80.0,NORMAL
5.821795399059917,31.0,14.0,2480.0,5001.0,1004.0,1136.0,818.8718461976329,5.743003825241885,1532479.4341060966,443.0,NORMAL
0.058572275399290406,1.0,3.0,140.0,111.0,102.0,94.0,4808.209867898208,16.779635906988425,280825.86289662943,53.0,NORMAL
1.5746371582149683,2.0,1.0,181.0,220.0,86.0,149.0,1687.8903532988095,4.530245470922651,136249.08428826323,53.0,NORMAL
1.9815882601392416,6.0,6.0,329.0,332.0,91.0,110.0,189.7497269598888,9.562437299231755,424886.16961481475,22.0,BruteForce
29.58685612627026,11.0,5.0,4285.0,8965.0,333.0,481.0,1790.2426507363498,4.435853912394444,217949.11966086854,443.0,NORMAL
0.105354097425871,1852.0,0.0,194733.0,0.0,54.0,0.0,760289.8173989695,3500.7253486102463,378.10965698971984,22.0,DoS
0.03131648259932271,1.0,0.0,70.0,0.0,58.0,0.0,4336.867518537618,12.667488795070625,9111.040329337784,36228.0,PortScan
7.515645702015447,18.0,27.0,2402.0,36741.0,707.0,136.0,2612.168114372821,9.765649703516324,557752.8707111047,80.0,NORMAL
9.264956898954917,46.0,40.0,11471.0,6543.0,244.0,155.0,1291.2009249593345,4.594436749647611,1655245.477269438,443.0,NORMAL
26.128119587945008,19.0,5.0,7300.0,25999.0,972.0,918.0,4160.462464353309,9.332335393669835,870777.8250977847,80.0,NORMAL
0.7894999763213976,2.0,1.0,146.0,70.0,118.0,149.0,237.4614963415337,6.795508133869221,123706.61762846593,53.0,NORMAL
0.6847494713767034,3.0,2.0,184.0,111.0,60.0,63.0,4565.605181322293,6.59357467348631,364793.06588487385,53.0,NORMAL
13.117711307054906,24.0,19.0,3730.0,39810.0,283.0,820.0,527.1497242172147,9.395177481888956,886992.4018341836,80.0,NORMAL
1.387082001184576,4150.0,0.0,112074.0,0.0,53.0,0.0,809445.4280213681,1439.3667699145817,44.69424220500922,443.0,DoS
0.20205377406622563,2893.0,0.0,90090.0,0.0,44.0,0.0,848615.3172657697,4719.562873436356,258.61701663367023,443.0,DoS
0.16199377010277158,1.0,0.0,47.0,0.0,71.0,0.0,2478.080890747401,49.21739508467531,4186.842364044942,35031.0,PortScan
21.841833101621784,27.0,14.0,9534.0,12656.0,1205.0,256.0,1777.48208262585,6.345020995724243,1226281.418555823,443.0,NORMAL
0.892382343859486,1.0,1.0,134.0,226.0,113.0,145.0,3304.4199803539004,6.266290282639756,465034.4640574493,53.0,NORMAL
3.0635676614626193,8.0,4.0,215.0,332.0,86.0,96.0,379.7557697798656,5.517487476001096,239173.9655904435,21.0,BruteForce
35.34972604905272,42.0,12.0,1292.0,18253.0,1276.0,1328.0,1859.5166082948306,5.675368158884226,992703.2584557098,443.0,NORMAL
0.4432776432200209,1.0,0.0,52.0,0.0,67.0,0.0,4820.454145903224,17.53641835333891,6988.763337172495,3528.0,PortScan
17.756570022126937,12.0,6.0,7142.0,12505.0,418.0,1289.0,3789.9693318727923,9.235974101410273,448800.5953164401,80.0,NORMAL
47.35344546673369,10.0,13.0,6556.0,16376.0,1264.0,1390.0,1685.6867180547997,8.165080710818271,679636.1112107632,443.0,NORMAL
50.500842335362634,17.0,33.0,7764.0,5251.0,937.0,1083.0,1136.1554696029352,6.466518045929039,358450.2072674452,443.0,NORMAL
57.07427756051697,34.0,36.0,11326.0,3415.0,553.0,303.0,329.3080889078568,5.348844542830799,1522312.8807524252,443.0,NORMAL
37.16343536717701,37.0,31.0,14253.0,4681.0,463.0,596.0,1354.357195245931,4.415643944691311,1739281.8314747512,443.0,NORMAL
8.71191222767177,29.0,32.0,4955.0,16828.0,835.0,293.0,1812.2965980990637,6.310369886164549,1055463.4075523661,443.0,NORMAL
1.0869555030923737,12.0,23.0,3902.0,18878.0,617.0,715.0,1729.461347118559,6.036268577713672,815842.7523196854,443.0,NORMAL
0.23028423543442617,2.0,2.0,144.0,204.0,82.0,95.0,2129.2290618981215,8.466058287389703,436398.26030165557,53.0,NORMAL
36.964295704813914,29.0,22.0,4811.0,9621.0,923.0,779.0,1600.8322304233297,1.6750724046401024,848777.9322869278,443.0,NORMAL
1.6337777329593965,25.0,10.0,6549.0,34177.0,1345.0,686.0,2465.6263628836987,13.004940383837774,587631.2767523011,80.0,NORMAL
43.94841911145215,5.0,26.0,3815.0,4145.0,540.0,839.0,1415.6464143589392,3.4913383962186226,917380.1838110494,443.0,NORMAL
15.015056170508782,17.0,41.0,3810.0,8970.0,912.0,1037.0,892.948799206019,7.690233668599278,1861012.2320090847,443.0,NORMAL
0.3643324003038385,1.0,0.0,75.0,0.0,70.0,0.0,1691.9811002281795,51.55228116376679,2984.9398240546425,34213.0,PortScan
1.1172021324003472,1921.0,0.0,43855.0,0.0,46.0,0.0,263141.0762971954,4782.165244081789,352.8561496957632,443.0,DoS
38.796295829384356,5.0,46.0,12901.0,9000.0,354.0,958.0,649.9924084778188,3.2640290427452245,517406.4883160153,443.0,NORMAL
34.6759199754658,47.0,24.0,12990.0,3786.0,617.0,1084.0,817.2456473612929,9.05986572847322,766615.656960125,443.0,NORMAL
3.4587011355406716,16.0,20.0,13075.0,16195.0,503.0,478.0,1474.9907993763345,7.515038461807391,1979606.8159149934,443.0,NORMAL
53.12442101617758,11.0,42.0,12137.0,4081.0,1374.0,920.0,1574.2044565394503,4.494075083334288,1729926.3730478815,443.0,NORMAL
0.6691899815140722,2.0,1.0,86.0,194.0,85.0,162.0,1966.6638484669832,7.4083814806646675,407673.68278090784,53.0,NORMAL
0.11592229690230661,3.0,3.0,55.0,147.0,96.0,154.0,1502.5197077058347,18.540361184436073,376343.3713592591,53.0,NORMAL
39.8486582448471,39.0,15.0,9055.0,17997.0,280.0,822.0,1430.0646778332252,8.65034120985107,1229481.6922017487,443.0,NORMAL
1.1740256223696917,2.0,2.0,54.0,277.0,67.0,167.0,4266.111708869167,3.919066574994443,215878.34970965754,53.0,NORMAL
30.701618980436557,31.0,10.0,11383.0,15639.0,1002.0,1111.0,1010.4217600513394,8.318028040211054,1310895.896367552,443.0,NORMAL
1.0592995986470044,2687.0,0.0,143775.0,0.0,49.0,0.0,875041.3930797257,6627.91622360113,455.23165395511137,80.0,DoS
1.0816881698471732,3.0,2.0,185.0,218.0,104.0,71.0,4579.917050706242,7.886539816264733,287631.1924167149,53.0,NORMAL
35.21904345825975,18.0,48.0,2950.0,9167.0,938.0,1260.0,1596.883057552444,7.140056012937497,969377.5347873728,443.0,NORMAL
53.92950533720205,32.0,14.0,3646.0,18256.0,487.0,288.0,701.0119083180133,3.7683874918399147,1888175.3996873717,443.0,NORMAL
39.9998410005919,27.0,21.0,4804.0,5150.0,614.0,568.0,161.25670299345344,6.682572846340755,1178063.0056550384,443.0,NORMAL
1.0923412062969013,48.0,35.0,9125.0,6631.0,786.0,361.0,862.7325077978434,2.025342589177675,1186707.093076476,443.0,NORMAL
1.6251542867297661,3.0,3.0,114.0,105.0,50.0,60.0,2488.745403512858,9.876216907710461,230703.7609795837,53.0,NORMAL
45.98506245870074,19.0,7.0,5782.0,6681.0,727.0,373.0,1714.2612543710518,1.0078273828403845,583338.7357377931,443.0,NORMAL
1.981955004263643,3.0,1.0,73.0,219.0,101.0,145.0,1455.2404625094205,16.304406861365415,35729.43718792856,53.0,NORMAL
0.1295758219591364,3.0,2.0,149.0,76.0,43.0,156.0,2414.680108231748,9.351291332450867,310821.70793741656,53.0,NORMAL
1.8240704153793152,2.0,3.0,184.0,67.0,82.0,174.0,1340.4519274306608,7.190098535455298,77525.26819559756,53.0,NORMAL
10.536094131582212,25.0,31.0,14854.0,10249.0,947.0,514.0,827.0181946245858,7.6366867946267805,1430904.212510927,443.0,NORMAL
1.5352459395354203,2.0,3.0,192.0,134.0,109.0,61.0,2719.3739528487968,15.7039696405912,458163.10879152536,53.0,NORMAL
1.1909689609494152,3.0,3.0,67.0,144.0,66.0,115.0,2727.512053497575,9.781010535547813,70353.30199770132,53.0,NORMAL
1.5901788696119892,4810.0,0.0,162913.0,0.0,43.0,0.0,135875.77606973998,5571.269850243687,275.08604969530336,22.0,DoS
8.62973450583684,26.0,28.0,2588.0,11267.0,376.0,1286.0,3816.3121880003637,2.6540527189134484,403184.55506636266,80.0,NORMAL
26.138919649531918,19.0,17.0,8494.0,3775.0,272.0,1057.0,1334.4924126390422,3.5003992039540424,1891215.9816512025,443.0,NORMAL
25.015229709216065,19.0,7.0,3719.0,4290.0,1172.0,552.0,2867.859244093016,12.9026854977621,832437.6567270223,80.0,NORMAL
10.779237009389199,19.0,41.0,8820.0,19330.0,534.0,878.0,1124.8116617656524,4.702696612520839,759279.7054323602,443.0,NORMAL
13.746252768066377,11.0,33.0,2757.0,2706.0,207.0,1348.0,952.9607476108995,9.869373636482901,1996117.7594543432,443.0,NORMAL
1.8589498233582438,7.0,13.0,5106.0,30333.0,1232.0,667.0,442.72526382168246,7.955862868190632,768338.4284486634,80.0,NORMAL
3.4128399867221706,21.0,28.0,4648.0,2855.0,579.0,811.0,4016.1257317744257,10.415891612490707,986233.217557339,80.0,NORMAL
18.91033899451988,13.0,15.0,1055.0,7258.0,879.0,827.0,3871.2331159710925,10.886033626452154,732601.4736952673,80.0,NORMAL
1.772867421890564,2.0,3.0,193.0,159.0,107.0,101.0,1553.1457012988321,2.9361085653322414,200450.5861735336,53.0,NORMAL
0.4815006165301655,1.0,0.0,51.0,0.0,56.0,0.0,159.55168822262317,10.326263615672703,2037.3758763886635,4153.0,PortScan
27.74835326368427,21.0,25.0,3448.0,25736.0,1192.0,690.0,4878.425462622322,7.637051026776343,388759.5925467622,80.0,NORMAL
13.103238788438423,5.0,40.0,11695.0,5427.0,1266.0,1106.0,474.6912047389015,0.884234417168507,969187.2853755297,443.0,NORMAL
14.893821267383116,4.0,16.0,9148.0,28824.0,894.0,668.0,3549.089023270488,14.7989089118892,50304.78573160593,80.0,NORMAL
1.2998951937574004,2752.0,0.0,104824.0,0.0,58.0,0.0,282012.41651705164,4449.7059378342365,369.5224151896837,443.0,DoS
0.987156903534935,1.0,1.0,182.0,85.0,115.0,127.0,125.9438478749045,2.5057345423863238,126511.72864149135,53.0,NORMAL
0.5437187205555561,1.0,3.0,148.0,118.0,80.0,156.0,4071.172786268732,19.782217394941732,473354.68744629284,53.0,NORMAL
39.41770750801877,34.0,20.0,14410.0,14394.0,1174.0,1067.0,1789.5310940114755,7.08549289082718,1558476.3333705335,443.0,NORMAL
10.107400201177937,11.0,5.0,4148.0,9253.0,210.0,878.0,1711.4589496760386,4.163757552872785,879599.5478003903,443.0,NORMAL
2.0353000979348743,6.0,6.0,361.0,141.0,72.0,113.0,284.7836112160468,9.657065595267408,414429.043112729,3389.0,BruteForce
52.4134280172604,49.0,18.0,4216.0,5111.0,1067.0,546.0,1407.8710791264339,9.810591996179202,1024167.1346845117,443.0,NORMAL
1.7535272564240678,1.0,3.0,79.0,157.0,95.0,146.0,2363.8403704591237,5.183862446943524,42554.66622076312,53.0,NORMAL
24.559639032749182,24.0,21.0,10467.0,8526.0,306.0,453.0,1318.308481446547,7.075001279232214,1114030.709488826,443.0,NORMAL
0.7386453908073803,1.0,1.0,94.0,232.0,105.0,105.0,1511.8604828358855,4.295787430040919,192903.10844904376,53.0,NORMAL
1.1902836417905174,2.0,1.0,109.0,51.0,114.0,159.0,459.48919651090785,6.969700315529577,202330.56934762734,53.0,NORMAL
8.83022948854056,21.0,20.0,6319.0,16142.0,1068.0,324.0,1325.4311644158727,9.344242685307021,1435218.4915292452,443.0,NORMAL
0.7631181118431286,1.0,1.0,156.0,174.0,42.0,158.0,4995.458800066143,6.115233492569079,157734.89016699258,53.0,NORMAL
0.1416186567353703,1.0,0.0,43.0,0.0,63.0,0.0,916.4863173670993,48.57231892368948,3187.1082899502885,38799.0,PortScan
18.765985223211583,17.0,11.0,5797.0,48645.0,180.0,678.0,1339.5533068560605,6.62194252059985,871549.8720389255,80.0,NORMAL
50.944345982726404,26.0,40.0,11457.0,19312.0,573.0,597.0,412.125475214289,3.3592673963988866,1698258.5396353696,443.0,NORMAL
4.078900678895868,16.0,6.0,850.0,48510.0,1359.0,655.0,4595.1962318300175,8.769869437949659,377603.77013044705,80.0,NORMAL
0.8033315932145416,1.0,3.0,55.0,194.0,43.0,145.0,79.73791867447191,12.14611042744294,301348.27295128134,53.0,NORMAL
0.28926936991708685,1.0,3.0,197.0,199.0,72.0,118.0,2134.467735731985,6.266879527481914,112369.04425271563,53.0,NORMAL
1.5512039359384728,7.0,4.0,161.0,224.0,128.0,92.0,342.67201231531203,8.61528174492796,289865.04759722826,21.0,BruteForce
4.786368664094154,16.0,13.0,6160.0,30084.0,355.0,967.0,1835.333075773692,10.715787239691785,415949.4500609347,80.0,NORMAL
1.392725858114323,1.0,1.0,183.0,108.0,66.0,60.0,4166.5056727771525,9.454011587167779,249303.10453102284,53.0,NORMAL
1.394077350131513,2.0,3.0,88.0,163.0,48.0,136.0,77.33131808985445,9.257089064221569,345340.39432299446,53.0,NORMAL
4.366228547924004,41.0,30.0,6573.0,12633.0,214.0,1399.0,920.8811557003052,6.791997482200204,1332344.0330108302,443.0,NORMAL
14.996380712423674,33.0,11.0,2971.0,3882.0,1014.0,755.0,1436.6217099434766,4.711540061551261,1535584.3358890961,443.0,NORMAL
1.865914728844198,3.0,1.0,163.0,218.0,67.0,100.0,4416.924515221081,6.984352853156825,104452.1821218474,53.0,NORMAL
26.30366656412012,28.0,12.0,4203.0,20383.0,1097.0,144.0,4448.5343918062645,14.500280172368775,158728.84324067555,80.0,NORMAL
1.785126378365067,2.0,3.0,156.0,296.0,77.0,70.0,3392.5739362384866,1.026464045863578,449931.5510021198,53.0,NORMAL
0.5928542625157385,2.0,1.0,122.0,290.0,116.0,164.0,3312.577278929586,14.042821593341223,140043.80742492632,53.0,NORMAL
1.2017113732491724,1.0,3.0,128.0,89.0,97.0,134.0,2854.2099677294896,10.34443168544278,393815.1854772586,53.0,NORMAL
22.855025209601678,22.0,23.0,2546.0,28696.0,873.0,216.0,3804.6725963080135,1.238516652998255,909884.5859785264,80.0,NORMAL
0.6029581226311749,26.0,4.0,2065.0,41679.0,1231.0,829.0,1382.3880668382776,8.573520703564528,281085.49777301436,80.0,NORMAL
41.208660611211826,7.0,6.0,4593.0,13812.0,900.0,995.0,261.08318508653326,1.0892363158514395,1125702.6928311344,443.0,NORMAL
34.01927232572793,14.0,28.0,5867.0,14329.0,556.0,1281.0,1171.3950143756056,9.794232211567541,976087.6338048097,443.0,NORMAL
12.221003261623501,12.0,16.0,2027.0,34441.0,1307.0,1008.0,1783.5538128829548,6.305687905841332,665649.0663122195,80.0,NORMAL
20.184962194883195,8.0,25.0,2860.0,5481.0,723.0,1314.0,1508.6030694323008,9.186354391081931,618870.0337133695,80.0,NORMAL
17.957166191469206,23.0,16.0,14731.0,9222.0,808.0,1314.0,1535.1498293248544,9.817055889639377,1819296.1309460409,443.0,NORMAL
0.3578431407904898,1.0,0.0,55.0,0.0,74.0,0.0,310.7228055077534,52.357595036304104,2295.8776663594085,14892.0,PortScan
0.6679200876288548,1.0,1.0,104.0,160.0,101.0,120.0,4433.931610774404,12.290695830498832,374063.75485573534,53.0,NORMAL
43.13112899581324,16.0,24.0,2384.0,18387.0,1292.0,581.0,1093.022522949183,3.8340565849101065,960572.4540895607,443.0,NORMAL
4.514357178807524,16.0,24.0,8620.0,7111.0,1310.0,463.0,1364.7519276478804,7.416998387274375,332407.89199321374,80.0,NORMAL
9.173035347207453,26.0,23.0,5774.0,39709.0,1090.0,899.0,3763.8778506340827,1.8556786078031589,124273.20607460108,80.0,NORMAL
11.934480592194152,38.0,8.0,9500.0,4881.0,455.0,1362.0,360.1400057060921,6.693953836303937,855690.7188770059,443.0,NORMAL
1.8083877389444794,2.0,2.0,142.0,53.0,46.0,166.0,2618.9477980667916,2.0722247341426128,280363.0407446994,53.0,NORMAL
17.313734839904143,7.0,12.0,5246.0,31995.0,392.0,1162.0,881.4425752094314,11.1866091667054,831133.3775846417,80.0,NORMAL
14.29369886712287,43.0,48.0,14453.0,8903.0,265.0,871.0,1897.772939502274,1.2438240363755952,1456310.154294581,443.0,NORMAL
32.810515323840015,40.0,35.0,12260.0,9984.0,391.0,1366.0,1605.210217229072,2.1654536498890766,1603175.4345299366,443.0,NORMAL
30.320845491443986,32.0,40.0,5858.0,11712.0,1344.0,297.0,1414.8583207909153,4.813888673741158,539507.6217192127,443.0,NORMAL
19.27626434557228,14.0,8.0,3635.0,45134.0,489.0,621.0,3442.6640553215548,3.851503636162046,75116.64065133531,80.0,NORMAL
3.857022459774144,6.0,3.0,156.0,207.0,78.0,101.0,115.01627378510092,5.915090314255275,484595.3161903154,21.0,BruteForce
2.3340978779549495,5.0,5.0,452.0,313.0,54.0,63.0,374.4342227973379,8.480226802528033,438391.75384711515,21.0,BruteForce
0.8381394076342384,2.0,3.0,196.0,263.0,87.0,144.0,4269.615955892118,9.07991945345412,54629.57865763404,53.0,NORMAL
14.282491858747369,5.0,10.0,6174.0,2047.0,528.0,611.0,2172.571583000599,3.690936173885388,419892.86903269065,80.0,NORMAL
8.679692960296075,3.0,6.0,6229.0,49970.0,251.0,465.0,2576.6638376404953,10.448633974265952,390732.1986345692,80.0,NORMAL
0.6561387846340323,1.0,2.0,171.0,231.0,86.0,142.0,3747.683669710813,3.2143860435406033,46900.50411802979,53.0,NORMAL
28.38161440775673,20.0,27.0,2239.0,18562.0,720.0,1267.0,346.2128870189704,8.073093836141052,296570.7390394107,443.0,NORMAL
0.7683887006893328,3.0,1.0,71.0,108.0,52.0,90.0,381.2691594902957,12.261881995331157,85094.93153636671,53.0,NORMAL
5.68574277035021,35.0,23.0,7981.0,17212.0,346.0,1194.0,1187.0617196141716,6.521363975967455,186783.9032760711,443.0,NORMAL
0.49384268724345853,1.0,0.0,56.0,0.0,63.0,0.0,2920.877353163473,36.47448692401766,7940.489198707201,30541.0,PortScan
29.560547112901894,28.0,36.0,8856.0,6767.0,146.0,1307.0,192.19930799571677,7.323299249585144,1168460.9889771082,443.0,NORMAL
57.880626572916384,8.0,41.0,13548.0,16797.0,925.0,188.0,1309.5953250455925,1.214367264991002,267209.9755808328,443.0,NORMAL
17.088357389528827,28.0,29.0,6148.0,15612.0,802.0,311.0,2008.3750020587167,14.025668436668461,722003.2486567572,80.0,NORMAL
1.7615426394751055,1.0,3.0,87.0,262.0,69.0,121.0,440.45261659403883,11.600177684888873,410323.1339492025,53.0,NORMAL
0.968627185986469,3.0,1.0,79.0,267.0,113.0,102.0,4117.326671813415,15.387916727745889,333073.1064423373,53.0,NORMAL
18.893233706488136,18.0,36.0,11415.0,19687.0,954.0,233.0,908.5101251216781,5.745768034879993,220553.67695407197,443.0,NORMAL
14.102897313703332,21.0,20.0,6068.0,18735.0,162.0,550.0,4566.717958056955,9.028267297154642,468824.23513862747,80.0,NORMAL
0.2667907455374613,1.0,0.0,50.0,0.0,75.0,0.0,808.3725856223533,71.80983522734469,3949.9544545092886,31481.0,PortScan
38.02282232988384,49.0,38.0,4466.0,6270.0,1085.0,185.0,875.2269172967107,0.847792300500908,1590100.416861033,443.0,NORMAL
0.4249270357990292,2.0,3.0,53.0,68.0,61.0,87.0,2107.6567269993493,4.177310283442134,235683.005742202,53.0,NORMAL
0.1402728053910219,2.0,3.0,196.0,271.0,108.0,115.0,2155.536313137206,10.595980967027627,166514.8126194989,53.0,NORMAL
11.237946384204012,38.0,27.0,11298.0,14224.0,1147.0,657.0,1516.9081594476652,1.1833649390729752,1206004.5980424224,443.0,NORMAL
0.5029258473815061,855.0,0.0,38426.0,0.0,55.0,0.0,824793.6329052472,6722.104653694272,13.895540614499463,80.0,DoS
0.33337045899663215,1.0,0.0,56.0,0.0,51.0,0.0,2825.128014363536,50.232674518096445,8162.283198140062,58701.0,PortScan
29.783388591655385,8.0,46.0,6775.0,7693.0,345.0,763.0,342.8311013109045,2.4004620149595066,604050.767722944,443.0,NORMAL
0.6021019829309832,3078.0,0.0,196088.0,0.0,47.0,0.0,580078.4418130065,6102.1286391760295,302.30302583547416,443.0,DoS
1.824536255446549,2.0,2.0,113.0,58.0,41.0,175.0,689.6850476805561,10.205231775774266,440295.8106246962,53.0,NORMAL
19.77735017356104,11.0,24.0,9822.0,14648.0,845.0,183.0,4844.353014336653,2.12057886557859,988839.2114660998,80.0,NORMAL
1.8581352744050337,35.0,43.0,11756.0,4280.0,1041.0,626.0,1877.2262953922937,9.21536579788111,117089.15635311916,443.0,NORMAL
42.99164553901687,12.0,49.0,10432.0,17746.0,1082.0,850.0,1232.1455017043334,1.2744849438215695,1779911.9328676178,443.0,NORMAL
27.00500206935546,12.0,33.0,7431.0,3056.0,340.0,626.0,286.0828942274263,8.07244341713978,1260917.5720629594,443.0,NORMAL
20.150563964115946,20.0,46.0,11874.0,14558.0,402.0,497.0,536.7522232842832,2.4914839355377887,1630481.5944978187,443.0,NORMAL
13.856814941664677,11.0,3.0,1779.0,29019.0,675.0,1206.0,2976.8474937522074,8.027987995616584,774167.599020037,80.0,NORMAL
17.65846082711683,3.0,27.0,6741.0,23618.0,1209.0,1264.0,3500.2554972306248,10.675066432172652,397851.0855899748,80.0,NORMAL
6.9868210290958945,44.0,27.0,8690.0,13812.0,1189.0,1146.0,956.1799910675238,5.931241693605416,515374.8293918323,443.0,NORMAL
0.10877236453279089,3.0,3.0,41.0,126.0,99.0,87.0,1470.5253858354226,18.788230395311885,497132.8088692637,53.0,NORMAL
23.025249660505423,29.0,20.0,1437.0,4591.0,1341.0,845.0,1095.325653381363,3.1994216264554183,1488635.563784683,443.0,NORMAL
1.988263543589345,2.0,1.0,141.0,160.0,83.0,127.0,731.2585978527059,4.880093125378647,151747.265525906,53.0,NORMAL
19.262129360893336,19.0,10.0,5099.0,6287.0,617.0,771.0,1377.2797501410055,4.184300342886324,462121.57212956937,443.0,NORMAL
19.826927921352084,24.0,22.0,8902.0,19676.0,757.0,1288.0,463.2477742849009,9.902082243971961,1946463.1304977264,443.0,NORMAL
1.5661154505106107,1.0,3.0,118.0,234.0,65.0,103.0,59.253258391334896,3.342506423345533,53017.40660223285,53.0,NORMAL
32.32532302631354,5.0,45.0,14599.0,15241.0,371.0,894.0,1386.57538092541,1.4197145376538598,895404.3264911603,443.0,NORMAL
16.64491244703743,24.0,18.0,9498.0,3749.0,916.0,200.0,654.9699872167298,11.020197176351035,774384.5229300198,80.0,NORMAL
0.254084880887794,1.0,0.0,68.0,0.0,48.0,0.0,4469.642329702776,85.31101633746628,9747.371865065043,12196.0,PortScan
29.81956899002506,19.0,12.0,788.0,37193.0,472.0,1133.0,255.48603304845656,10.655888593296046,441569.1001773538,80.0,NORMAL
35.60989932735297,48.0,41.0,6765.0,1440.0,856.0,896.0,1869.2003731101825,9.387872821921086,359518.9829152055,443.0,NORMAL
28.120227353757013,41.0,14.0,11478.0,17839.0,1140.0,1111.0,1964.9483020427192,6.704789841424963,1839409.345452458,443.0,NORMAL
6.473593116360445,23.0,11.0,5785.0,19037.0,272.0,438.0,1948.4425475314526,14.28991117378389,730872.2879884953,80.0,NORMAL
28.95477987547885,48.0,30.0,10228.0,19383.0,507.0,375.0,226.48669987462668,7.995603009020889,838364.8156967775,443.0,NORMAL
0.8260691390269735,2982.0,0.0,107367.0,0.0,58.0,0.0,643031.1359795574,9022.524833743977,173.35985528580608,22.0,DoS
26.023709606840775,30.0,22.0,6302.0,6717.0,173.0,717.0,1469.8969980853174,3.555998443336827,1808522.088751982,443.0,NORMAL
4.915932068240123,18.0,15.0,1745.0,5212.0,206.0,984.0,1376.9277243655458,4.272169290340576,818342.6058214311,80.0,NORMAL
0.8775603783662406,1.0,2.0,69.0,258.0,111.0,149.0,580.3008362343206,18.070450154834756,39863.25208396069,53.0,NORMAL
35.247588458628066,34.0,5.0,8701.0,8457.0,431.0,1299.0,923.4193588763517,4.479295653605848,408759.7965124465,443.0,NORMAL
0.08175892650391159,3.0,2.0,162.0,200.0,66.0,126.0,912.0154150426605,6.974579007877507,291057.138990017,53.0,NORMAL
1.2023380980006613,1.0,3.0,183.0,88.0,94.0,110.0,4526.970908321771,13.618624033162767,249455.42694645855,53.0,NORMAL
0.15083960357920784,2.0,1.0,195.0,106.0,56.0,139.0,1025.3278522771977,19.97100363401438,381911.5862623927,53.0,NORMAL
2.3114517494022744,3.0,24.0,8115.0,2666.0,855.0,268.0,2151.12538769444,6.8776703050340515,176627.18705825324,80.0,NORMAL
38.879867123102976,13.0,5.0,3289.0,9400.0,812.0,393.0,1356.995807090711,5.36699545693829,1499235.3200152111,443.0,NORMAL
1.7252248190240067,3027.0,0.0,116266.0,0.0,40.0,0.0,898977.1041909851,4553.383405470939,20.67167077150699,80.0,DoS
1.5161300383482772,2.0,1.0,95.0,165.0,79.0,164.0,3709.2377845044757,1.2487574182780965,149406.885281629,53.0,NORMAL
1.3500292381638936,3258.0,0.0,23441.0,0.0,45.0,0.0,702483.0803242442,7949.13642123679,98.46517694688575,22.0,DoS
38.412137851203546,5.0,45.0,11302.0,3355.0,163.0,1306.0,867.3855229148489,8.68404237402876,1291724.8075251675,443.0,NORMAL
0.7792348676026276,3.0,1.0,158.0,218.0,88.0,175.0,4126.6996719991075,11.450411193352988,291084.31786962284,53.0,NORMAL
26.58228005261487,19.0,16.0,6805.0,20228.0,328.0,386.0,1873.5563288585988,5.044521395871804,566766.527780767,80.0,NORMAL
1.2452407839281612,1.0,2.0,43.0,270.0,78.0,101.0,525.3822188128536,8.113858095456823,190108.8222329269,53.0,NORMAL
0.25265217599585593,3729.0,0.0,126772.0,0.0,40.0,0.0,248956.93992309956,4036.1252538773156,132.6395560522826,443.0,DoS
0.15713193059822816,3.0,2.0,148.0,108.0,115.0,156.0,2349.3294754257977,11.913077453358488,122853.99411933907,53.0,NORMAL
2.4295226023068652,13.0,20.0,9259.0,29947.0,400.0,1033.0,2266.2863177329077,5.3874489069499045,344370.0865397376,80.0,NORMAL
25.34444293777416,10.0,7.0,1774.0,1143.0,840.0,1247.0,161.15036610926413,1.701664113542415,757921.106307076,443.0,NORMAL
0.24687872672144728,1.0,0.0,71.0,0.0,50.0,0.0,4044.4012281353052,13.244255523609684,3704.372471907373,21041.0,PortScan
23.885213799112737,6.0,22.0,6432.0,44699.0,820.0,374.0,3162.6121198012665,10.542317566298637,846686.6983417271,80.0,NORMAL
8.24529714140164,16.0,28.0,6828.0,8429.0,152.0,1376.0,410.2820637190719,8.664638876559177,622652.7195687838,80.0,NORMAL
40.42455511474596,13.0,46.0,14828.0,13025.0,694.0,1312.0,544.5933097021928,8.870396765642734,919114.4868548644,443.0,NORMAL
31.622904527643374,12.0,34.0,10524.0,13647.0,158.0,911.0,1869.9104226782001,1.0253565201193098,1121373.1515071564,443.0,NORMAL
58.89652833933755,47.0,30.0,4389.0,14584.0,224.0,1140.0,782.1429717111636,3.767838272580421,1680270.138437053,443.0,NORMAL
24.224467942116085,14.0,29.0,4157.0,15878.0,1186.0,901.0,292.53253204142186,6.563867777402857,415063.53261530586,80.0,NORMAL
13.448703654387666,23.0,3.0,4784.0,13725.0,1116.0,858.0,1045.6147971583978,11.21989544380486,299226.2119012471,80.0,NORMAL
48.4054818545162,35.0,19.0,14890.0,16582.0,120.0,890.0,1013.0095520009758,4.734611919146686,342089.48572295153,443.0,NORMAL
17.575136071555466,16.0,13.0,14251.0,14813.0,173.0,729.0,1906.8395542595588,4.032568375687609,1286346.2521621007,443.0,NORMAL
1.4079741507059633,2.0,1.0,99.0,94.0,53.0,88.0,1265.0184780822242,5.339492423627388,430250.48129637755,53.0,NORMAL
48.57781341673753,41.0,10.0,6616.0,2352.0,882.0,840.0,771.0295781984404,0.6364899122422012,934536.0066214579,443.0,NORMAL
14.2442028691221,27.0,5.0,3999.0,4016.0,185.0,195.0,2322.573638155319,11.593660727037603,219465.16078607226,80.0,NORMAL
17.365489795886827,36.0,29.0,5535.0,18199.0,103.0,812.0,159.5411752857799,3.5855322724889995,1709435.16161316,443.0,NORMAL
17.629431711630595,45.0,38.0,1066.0,7765.0,880.0,519.0,1915.7453079589138,4.31695982904621,204051.17729906848,443.0,NORMAL
1.2543819234171905,3726.0,0.0,184712.0,0.0,56.0,0.0,237328.9776509102,4802.546619461204,177.32351197008083,80.0,DoS
1.1612172917857788,1.0,3.0,45.0,131.0,61.0,103.0,3888.462006772566,7.455604117977019,62044.9056340358,53.0,NORMAL
1.6650549892169049,3400.0,0.0,51348.0,0.0,40.0,0.0,267955.5880944299,7129.1104197718405,351.6746278242101,443.0,DoS
0.44660914347838876,2.0,1.0,93.0,156.0,113.0,88.0,3314.2843633009757,6.881223369678417,483888.0691711911,53.0,NORMAL
1.2527282466541652,1.0,1.0,154.0,179.0,63.0,171.0,1572.429878819067,17.568820455634388,451632.7064209822,53.0,NORMAL
23.675272182421217,17.0,8.0,9047.0,8235.0,242.0,1244.0,763.284274338756,7.373813273946976,749659.9786983217,443.0,NORMAL
2.598663557705526,36.0,22.0,6794.0,3679.0,915.0,885.0,252.61390081011342,3.781714289874884,706151.8099093641,443.0,NORMAL
42.515813703421394,38.0,34.0,5239.0,12226.0,356.0,1305.0,1998.3841768794518,6.810070736649382,636922.5818213115,443.0,NORMAL
1.4178819733235235,6.0,7.0,231.0,397.0,94.0,108.0,371.08703050960855,2.158545794868494,71973.53441958476,22.0,BruteForce
0.6457236093953581,1736.0,0.0,36197.0,0.0,45.0,0.0,536958.7811037577,8826.699404972336,375.2168164412161,22.0,DoS
11.653945362512678,24.0,20.0,14607.0,19715.0,279.0,712.0,1469.2850822757846,3.8270437362493404,1165325.8531821056,443.0,NORMAL
7.190880526672317,46.0,41.0,1815.0,17941.0,1339.0,1276.0,186.12947389118875,3.959849662272898,137871.11752746717,443.0,NORMAL
0.452999695623385,2.0,1.0,53.0,177.0,64.0,158.0,4533.458411009725,8.711129107640772,89087.40232417273,53.0,NORMAL
0.48595777212470037,3.0,1.0,42.0,129.0,116.0,158.0,1605.3101834477927,18.411166885761098,140455.3496868503,53.0,NORMAL
0.10636166338928782,3.0,3.0,195.0,202.0,92.0,124.0,1199.237612698715,5.288061576230046,212126.6973110633,53.0,NORMAL
1.9988270698347075,1.0,1.0,70.0,208.0,87.0,62.0,4621.5662281197065,2.2816763110580993,89796.34781679728,53.0,NORMAL
1.1000475361440245,3814.0,0.0,77808.0,0.0,56.0,0.0,667709.6810947383,9222.400054607757,442.23927608924475,80.0,DoS
6.403342326271415,13.0,36.0,8485.0,14241.0,1312.0,739.0,1492.7603837972076,2.5754690946849044,852932.9846548052,443.0,NORMAL
48.35595527794691,18.0,33.0,14018.0,4871.0,1342.0,408.0,205.76567750677833,2.7053200474706616,1327755.6496282748,443.0,NORMAL
1.2643059103447896,2.0,1.0,69.0,148.0,48.0,83.0,571.1984023621366,19.19763805394419,24533.764346497715,53.0,NORMAL
38.30604400502119,49.0,36.0,10537.0,5676.0,695.0,701.0,742.4199661531692,8.962200686585419,1748608.86664417,443.0,NORMAL
2.6784718474382614,26.0,7.0,4758.0,28473.0,135.0,238.0,2583.181130545316,10.083737034319583,856430.7377083583,80.0,NORMAL
3.129400116504291,9.0,6.0,201.0,335.0,64.0,69.0,311.5643443360164,8.936060867011864,488962.38761504414,3389.0,BruteForce
0.24340039912743563,1.0,0.0,61.0,0.0,59.0,0.0,1985.0674678767675,76.54371352180688,4822.206669550879,57542.0,PortScan
0.534690590008828,2.0,3.0,178.0,55.0,61.0,93.0,3620.0856630662097,5.27626855047696,385698.3814024935,53.0,NORMAL
31.625825323036864,43.0,40.0,9533.0,11764.0,1241.0,1214.0,544.3487129110149,4.353163999140161,1215071.604413842,443.0,NORMAL
1.1302046710390004,2.0,3.0,115.0,190.0,93.0,122.0,3458.218812691335,17.286825590585252,218355.13894067085,53.0,NORMAL
0.8043618044538798,29.0,18.0,6249.0,705.0,320.0,901.0,2453.615249287986,12.846541712067747,893963.5743166901,80.0,NORMAL
44.71333931297222,45.0,14.0,14330.0,5856.0,127.0,967.0,1203.930848871712,6.393219208588995,444189.95387944527,443.0,NORMAL
1.4697175179672233,2.0,2.0,103.0,79.0,80.0,93.0,3604.752796862269,10.992514695342749,45128.531344761635,53.0,NORMAL
18.543591434980495,5.0,5.0,1233.0,18116.0,162.0,1169.0,631.8662811472425,4.873618316546787,121609.39540883247,443.0,NORMAL
0.8591427526022041,3.0,1.0,144.0,137.0,55.0,109.0,492.55911193607795,5.782615702569959,140766.12725675007,53.0,NORMAL
1.5095815836308606,1.0,2.0,95.0,168.0,97.0,139.0,2765.757371050595,1.062375485476093,447642.6978776216,53.0,NORMAL
9.049945400847255,23.0,33.0,11100.0,17482.0,526.0,931.0,204.41996183512617,9.450906284027193,1492537.1684220599,443.0,NORMAL
56.053686549269905,38.0,41.0,8063.0,13803.0,206.0,331.0,1851.415737356667,9.589298063541078,1615294.7401390506,443.0,NORMAL
0.9255955333302879,1.0,3.0,123.0,63.0,90.0,156.0,1657.0047284638226,18.61151808692488,47322.20690838664,53.0,NORMAL
1.4879981386046142,1580.0,0.0,166341.0,0.0,49.0,0.0,111058.08756254401,1714.4874781840126,285.16657109823035,443.0,DoS
57.972289951399006,24.0,42.0,5997.0,5617.0,1284.0,825.0,207.7587627362285,3.441516575229735,1133176.8867957823,443.0,NORMAL
0.11327550995841058,1.0,2.0,110.0,177.0,70.0,170.0,1450.4217742587816,19.79423761457479,83179.49342284311,53.0,NORMAL
9.845128213577652,44.0,11.0,1502.0,16583.0,661.0,323.0,1517.3137740175991,9.363082400349745,332378.20095807535,443.0,NORMAL
31.832019360867964,19.0,47.0,13612.0,3996.0,1292.0,515.0,980.3192843217172,1.0618244141481263,1337628.0251964275,443.0,NORMAL
48.071005282659435,49.0,11.0,5419.0,17650.0,936.0,202.0,611.4542363262058,3.9741550368531984,1533594.985470249,443.0,NORMAL
5.352647721060902,20.0,28.0,5174.0,1583.0,1306.0,456.0,563.8633880976301,1.4803230356460828,191445.4211229708,80.0,NORMAL
0.6666052476735549,2134.0,0.0,173809.0,0.0,46.0,0.0,652443.2696633253,9035.37002400807,493.10463399374987,443.0,DoS
38.26205298545871,40.0,23.0,5181.0,16398.0,348.0,1356.0,1319.318240752009,9.817757533705384,1794297.376009808,443.0,NORMAL
15.562608282912233,42.0,7.0,1540.0,9698.0,571.0,307.0,1463.8765746676934,5.728640735429542,1861057.185347851,443.0,NORMAL
19.97852938991337,23.0,38.0,9473.0,8532.0,386.0,490.0,543.1895187625962,7.131716002950071,1368142.0347455621,443.0,NORMAL
34.11214450866897,49.0,21.0,10869.0,18188.0,1106.0,570.0,1678.8167373573751,2.508423649871089,1199049.761705273,443.0,NORMAL
57.28178604315266,24.0,21.0,8736.0,19599.0,1352.0,999.0,1488.8272455061206,5.842195110221891,737377.6368681962,443.0,NORMAL
31.23765627744957,24.0,5.0,3599.0,4902.0,997.0,772.0,813.3571281087037,6.4888619263299265,361078.75344458455,443.0,NORMAL
29.67402913405858,21.0,26.0,6356.0,17044.0,1330.0,779.0,592.7950602182402,3.791747824660053,1639472.0444056322,443.0,NORMAL
10.967168721257709,24.0,6.0,12631.0,17876.0,1350.0,1398.0,961.2408280415506,2.8484541852511693,1774642.8974101043,443.0,NORMAL
23.9794317992428,33.0,13.0,14854.0,8595.0,655.0,891.0,1230.1777169820748,3.888947617066902,667946.4026397461,443.0,NORMAL
5.788725255982742,4.0,19.0,8490.0,7743.0,428.0,697.0,3738.585826067467,1.1305830736679683,524922.1005345192,80.0,NORMAL
1.9540487696817324,2724.0,0.0,122679.0,0.0,42.0,0.0,879917.6733311714,9457.73765124844,225.75487680393243,80.0,DoS
48.84183627946719,46.0,10.0,10654.0,18809.0,1344.0,760.0,1927.7465525707346,6.496834347235382,1638976.9625324714,443.0,NORMAL
0.7908256009682358,631.0,0.0,84739.0,0.0,58.0,0.0,514472.8080025976,1078.0966872244041,157.87217542287064,80.0,DoS
36.02195475968887,34.0,25.0,3284.0,2546.0,199.0,1160.0,774.3438966929436,4.941632491535257,1658273.729108553,443.0,NORMAL
0.20227672437881564,2.0,1.0,164.0,289.0,71.0,117.0,1383.0640423726775,17.617141891059823,398032.8420044795,53.0,NORMAL
0.5777855289631944,1.0,1.0,136.0,150.0,49.0,166.0,1064.18868267903,5.860520783508731,188736.33559079835,53.0,NORMAL
1.2776984740546922,3.0,2.0,55.0,54.0,52.0,179.0,3573.281962460815,16.67457919940057,318153.28153652255,53.0,NORMAL
48.378527972127145,10.0,48.0,7065.0,13907.0,1318.0,1289.0,388.9134827782614,9.613684098697227,438324.33281699097,443.0,NORMAL
29.316391248310286,34.0,13.0,7364.0,4413.0,1099.0,804.0,335.9043544408405,9.658268762908177,624749.2473723572,443.0,NORMAL
47.243715284638434,25.0,23.0,9357.0,4182.0,923.0,1146.0,298.93979803860094,7.391448492471287,843642.2623263121,443.0,NORMAL
1.4676031867387296,2.0,2.0,76.0,172.0,109.0,122.0,4513.970257417213,8.170501054270813,61037.73086550692,53.0,NORMAL
0.8502959293642832,3.0,3.0,170.0,93.0,54.0,177.0,3013.976438937405,16.16186266783665,78295.31123385404,53.0,NORMAL
56.62073482655262,32.0,27.0,8432.0,15633.0,1029.0,356.0,324.5739399784723,2.0315179322245145,1080433.3324934966,443.0,NORMAL
15.26928516312665,12.0,37.0,1904.0,1306.0,149.0,379.0,1153.4649329466147,7.510506078691544,1523656.5321624305,443.0,NORMAL
40.02086605315445,10.0,24.0,12929.0,10665.0,984.0,1367.0,687.6845644220655,1.2571950247318613,1833470.8652793628,443.0,NORMAL
16.473578613689682,16.0,27.0,11051.0,1045.0,1162.0,949.0,1209.6734498705814,3.573699903818183,205603.20551974635,443.0,NORMAL
9.670799865704371,24.0,45.0,7905.0,11633.0,1380.0,1219.0,509.3016168538347,5.50922387832,1443691.6782872719,443.0,NORMAL
42.76227073655635,11.0,38.0,2406.0,17204.0,701.0,648.0,1926.7946805970234,1.2946093605410367,986091.8257819614,443.0,NORMAL
5.534862441293647,27.0,7.0,3808.0,18745.0,755.0,106.0,1130.17172528354,8.64878738223088,1230385.8840885889,443.0,NORMAL
25.637265771310773,35.0,22.0,7645.0,8771.0,1026.0,411.0,853.8097453992054,9.507546647692905,1921251.0520939906,443.0,NORMAL
32.13436543609169,19.0,11.0,10473.0,15817.0,297.0,533.0,234.2695615853491,5.169043226975241,1613429.9254563272,443.0,NORMAL
31.82810068404972,37.0,23.0,10795.0,1998.0,1175.0,1235.0,1864.5759761848844,2.173340771804678,841564.0765166995,443.0,NORMAL
0.17150722767829232,2.0,3.0,44.0,255.0,48.0,159.0,3396.3686629153685,8.792841538779085,379223.8237185001,53.0,NORMAL
1.885299108468166,4681.0,0.0,70010.0,0.0,44.0,0.0,993489.3738997505,8849.54901922014,100.41459354946691,443.0,DoS
1.8684461063974263,2.0,3.0,198.0,192.0,68.0,110.0,638.97992779842,10.769524403402901,489845.86129303806,53.0,NORMAL
0.10975160031842414,2.0,2.0,55.0,72.0,56.0,100.0,1509.048573394697,3.6749970447968794,472802.9230601181,53.0,NORMAL
0.9313182836307617,3.0,1.0,161.0,168.0,42.0,109.0,4315.947352523648,19.541728940416057,101653.93495017155,53.0,NORMAL
7.0480739514500765,12.0,7.0,1207.0,19620.0,1122.0,291.0,1009.0299922776654,5.219373668083414,1810645.9313611605,443.0,NORMAL
1.6127320733729977,4245.0,0.0,186218.0,0.0,49.0,0.0,159193.71305213813,5500.813803554003,99.0025216547737,443.0,DoS
29.165910564975935,9.0,21.0,2666.0,16862.0,703.0,862.0,1466.433731589464,9.337011183575791,114864.13279023554,80.0,NORMAL
17.946550676293057,26.0,16.0,3831.0,37963.0,724.0,846.0,907.0935574139293,13.033329845561244,650423.2727903442,80.0,NORMAL
18.015920831305998,8.0,6.0,13342.0,7443.0,217.0,1160.0,1431.2774552077037,4.340955431194173,769868.0702607218,443.0,NORMAL
1.3654927485017607,8.0,7.0,274.0,154.0,140.0,62.0,168.03834550181762,5.0025004401205,67277.92081149228,21.0,BruteForce
15.35545552140974,14.0,12.0,9713.0,38019.0,736.0,1161.0,4337.369023300883,7.875247847390941,961257.4124121463,80.0,NORMAL
10.844751900226417,5.0,47.0,13939.0,19835.0,1205.0,1324.0,158.18594625174944,6.624618824335622,1398817.2214356712,443.0,NORMAL
49.45418097564876,19.0,30.0,2501.0,17720.0,106.0,202.0,245.94095251584903,6.4504685248686044,851926.1500433766,443.0,NORMAL
51.85885445408473,5.0,37.0,2250.0,1565.0,1182.0,615.0,1004.3543404535176,3.739919284306987,818179.5760815466,443.0,NORMAL
25.62724918577796,23.0,35.0,11088.0,4691.0,893.0,116.0,230.0610219094812,3.1796424331706286,141688.7884353716,443.0,NORMAL
18.872923432785324,40.0,28.0,11489.0,5816.0,364.0,624.0,379.06157464077114,1.5197802660951432,590352.8765800494,443.0,NORMAL
1.4921614584133924,1.0,1.0,77.0,254.0,84.0,106.0,4195.217163762795,1.9927719853297918,135628.0362910069,53.0,NORMAL
0.7510850808188523,3.0,3.0,51.0,152.0,75.0,141.0,813.6158847182347,7.864166386681608,158016.30311376794,53.0,NORMAL
1.3822238028004632,3207.0,0.0,131594.0,0.0,59.0,0.0,874601.3069850713,5146.976893706669,368.5689322275268,80.0,DoS
20.037445370011344,22.0,5.0,2700.0,27108.0,349.0,743.0,3449.5879447223347,6.336093442225511,616765.0150808613,80.0,NORMAL
0.9048198666410574,3.0,3.0,98.0,94.0,49.0,166.0,3406.4602687304728,17.8141080022659,244863.82968558962,53.0,NORMAL
5.671645434356739,28.0,9.0,5054.0,17901.0,1029.0,163.0,4057.3580337904223,9.109803770663994,447755.89526835567,80.0,NORMAL
17.857013090629785,49.0,44.0,11623.0,1309.0,980.0,1131.0,1429.9228841562908,1.1816056601442804,1629478.262054632,443.0,NORMAL
0.8041269161156758,3604.0,0.0,61333.0,0.0,43.0,0.0,660739.4219296565,4473.928064980884,484.1498004353592,22.0,DoS
2.8249628412083414,24.0,5.0,6340.0,37991.0,444.0,914.0,785.7370908942409,1.566344430994955,900262.8227686065,80.0,NORMAL
0.1202231838103251,2.0,2.0,147.0,261.0,63.0,110.0,4309.882018926607,13.75467112988337,216919.94618832198,53.0,NORMAL
0.5683635205500467,3.0,2.0,120.0,97.0,91.0,79.0,3583.360476852836,7.174179729139757,386233.153044564,53.0,NORMAL
1.7218520055745459,13.0,14.0,4743.0,7558.0,1239.0,872.0,3067.4311610526197,1.2750520176338382,495023.43329447985,80.0,NORMAL
1.270071733730247,6.0,24.0,1978.0,17068.0,690.0,659.0,4186.304529651903,10.439961756396158,463751.1813039824,80.0,NORMAL
27.97101715088493,23.0,8.0,4019.0,38458.0,453.0,201.0,2454.647169589342,7.458950991269832,428078.4175325123,80.0,NORMAL
46.75612938500562,31.0,19.0,3758.0,5553.0,1308.0,371.0,869.4943738662007,8.156476442784456,527497.4863333851,443.0,NORMAL
